id,vocab,vocab_pinyin,vocab_trans_vi,vocab_trans_en,example,example_pinyin,example_trans_vi,example_trans_en,level
1,爱,ài,yêu,Love,我爱你。,Wǒ ài nǐ.,Tôi yêu bạn.,I love you.,1
2,八,bā,tám,eight,他有八个苹果。,Tā yǒu bā ge píngguǒ.,Anh ấy có tám quả táo.,He has eight apples.,1
3,爸爸,bàba,bố,dad,我的爸爸很高。,Wǒ de bàba hěn gāo.,Bố của tôi rất cao.,My father is very tall.,1
4,杯子,bēizi,cốc,glass,这是我的杯子。,Zhè shì wǒ de bēizi.,Đây là cốc của tôi.,This is my cup.,1
5,北京,Běijīng,Bắc Kinh,Beijing,北京很大。,Běijīng hěn dà.,Bắc Kinh thì lớn.,Beijing is big.,1
6,本,běn,cuốn (dùng cho sách),book,这本书很有趣。,Zhè běn shū hěn yǒuqù.,Quyển sách này rất thú vị.,This book is very interesting.,1
7,不客气,bú kèqì,không có gì (đáp lại lời cảm ơn),nothing (in response to thanks),不客气。,bú kèqì.,Không có gì.,Nothing.,1
8,不,bù,không,Are not,他不喜欢吃鱼。,Tā bù xǐhuān chī yú.,Anh ấy không thích ăn cá.,He doesn't like eating fish.,1
9,菜,cài,"món ăn, rau củ","food, vegetables",我喜欢吃菜。,Wǒ xǐhuān chī cài.,Tôi thích ăn rau.,I like to eat vegetables.,1
10,茶,chá,trà,tea,我喝茶。,Wǒ hē chá.,Tôi uống trà.,I drink tea.,1
11,吃,chī,ăn,eat,我吃苹果。,Wǒ chī píngguǒ.,Tôi ăn táo.,I eat apples.,1
12,出租车,chūzūchē,taxi,Taxi,我坐出租车。,Wǒ zuò chūzūchē.,Tôi đi taxi.,I take a taxi.,1
13,打电话,dǎ diànhuà,gọi điện thoại,phone,她给我打电话。,Tā gěi wǒ dǎ diànhuà.,Cô ấy gọi điện cho tôi.,She called me.,1
14,大,dà,"lớn, to",big,这件衣服很大。,Zhè jiàn yīfú hěn dà.,Cái áo này rất to.,This shirt is very big.,1
15,的,de,của (thuộc tính),of (attribute),这是我的书。,Zhè shì wǒ de shū.,Đây là sách của tôi.,This is my book.,1
16,点,diǎn,giờ (trong thời gian),hour (in time),现在是三点。,Xiànzài shì sān diǎn?,Bây giờ là mấy giờ?,What time is it?,1
17,电脑,diànnǎo,máy tính,computer,我用电脑。,Wǒ yòng diànnǎo.,Tôi dùng máy tính.,I use computer.,1
18,电视,diànshì,ti vi,TV,电视很大。,Diànshì hěn dà.,Tivi thì lớn.,The TV is big.,1
19,电影,diànyǐng,phim,movie,我喜欢看电影。,Wǒ xǐhuān kàn diànyǐng.,Tôi thích xem phim.,I like watching movies.,1
20,东西,dōngxī,"đồ vật, thứ","object, thing",这是什么东西？,Zhè shì shénme dōngxī?,Đây là cái gì?,What is this?,1
21,都,dōu,đều,even,我们都去学校。,Wǒmen dōu qù xuéxiào.,Chúng tôi đều đi đến trường.,We all go to school.,1
22,读,dú,đọc,read,她读书很快。,Tā dúshū hěn kuài.,Cô ấy đọc sách rất nhanh.,She reads books very quickly.,1
23,对不起,duìbùqǐ,xin lỗi,Sorry,对不起，我迟到了。,"Duìbuqǐ, wǒ chídào le.","Xin lỗi, tôi đến muộn.","Sorry, I'm late.",1
24,多,duō,nhiều,much,我有很多书。,Wǒ yǒu hěn duō shū.,Tôi có nhiều sách.,I have many books.,1
25,多少,duōshǎo,bao nhiêu,how much,这本书多少钱？,Zhè běn shū duōshǎo qián?,Quyển sách này bao nhiêu tiền?,How much is this book?,1
26,儿子,érzi,con trai,Boy,我的儿子很聪明。,Wǒ de érzi hěn cōngmíng.,Con trai của tôi rất thông minh.,My son is very smart.,1
27,二,èr,hai,two,我喜欢“二”数字。,"Wǒ xǐhuān ""èr"" shùzi",Tôi thích số 2.,I like number 2.,1
28,饭馆,fànguǎn,nhà hàng,restaurant,我们去饭馆吃饭。,Wǒmen qù fànguǎn chīfàn.,Chúng tôi đi nhà hàng ăn cơm.,We go to restaurant to eat.,1
29,飞机,fēijī,máy bay,plane,飞机很快。,Fēijī hěn kuài.,Máy bay thì nhanh.,Planes are fast.,1
30,分钟,fēnzhōng,phút,minute,他等了五分钟。,Tā děngle wǔ fēnzhōng.,Anh ấy đợi năm phút.,He waited five minutes.,1
31,高兴,gāoxìng,vui,fun,我很高兴。,Wǒ hěn gāoxìng.,Tôi rất vui.,I'm very happy.,1
32,个,gè,cái (đơn vị lượng từ),thing (quantifier),我有一个钱包。,Wǒ yǒu yī ge qiánbāo.,Tôi có một cái ví tiền.,I have a wallet.,1
33,工作,gōngzuò,công việc,job,我的工作很忙。,Wǒ de gōngzuò hěn máng.,Công việc của tôi rất bận.,My work is very busy.,1
34,狗,gǒu,chó,dog,这只狗很可爱。,Zhè zhī gǒu hěn kě'ài.,Con chó này rất dễ thương.,This dog is very cute.,1
35,汉语,Hànyǔ,tiếng Hán,Chinese,我在学汉语。,Wǒ zài xué Hànyǔ.,Tôi đang học tiếng Trung.,I am learning Chinese.,1
36,好,hǎo,"tốt, khỏe","good, healthy",他很好。,Tā hěn hǎo.,Anh ấy rất tốt.,He is very nice.,1
37,喝,hē,uống,drink,我喝水。,Wǒ hē shuǐ.,Tôi uống nước.,I drink water.,1
38,和,hé,và,and,我和你一起去。,Wǒ hé nǐ yīqǐ qù.,Tôi và bạn cùng đi.,You and I go together.,1
39,很,hěn,rất,very,这个苹果很甜。,Zhège píngguǒ hěn tián.,Cái táo này rất ngọt.,This apple is very sweet.,1
40,后面,hòumiàn,phía sau,behind,我家在后面。,Wǒ jiā zài hòumiàn.,Nhà tôi ở phía sau.,My house is in the back.,1
41,回,huí,"quay lại, về",turn back,我回家了。,Wǒ huí jiā le.,Tôi đã về nhà.,I went home.,1
42,会,huì,"sẽ, biết (kỹ năng)","will, know (skill)",我会说汉语。,Wǒ huì shuō Hànyǔ.,Tôi biết nói tiếng Trung.,I can speak Chinese.,1
43,火车站,huǒchēzhàn,ga tàu,train station,火车站在前面。,Huǒchēzhàn zài qiánmiàn.,Ga tàu ở phía trước.,The train station is ahead.,1
44,几,jǐ,mấy,some,你有几个苹果？,Nǐ yǒu jǐ ge píngguǒ?,Bạn có mấy quả táo?,How many apples do you have?,1
45,家,jiā,"gia đình, nhà","family, home",我家有四口人。,Wǒ jiā yǒu sì kǒu rén.,Nhà tôi có bốn người.,There are four people in my family.,1
46,叫,jiào,"gọi, tên gọi","call, name",她叫李娜。,Tā jiào Lǐ Nà.,Cô ấy tên là Lý Na.,Her name is Ly Na.,1
47,今天,jīntiān,hôm nay,Today,今天是星期一。,Jīntiān shì xīngqī yī.,Hôm nay là thứ Hai.,Today is Monday.,1
48,九,jiǔ,chín,ripe,我有九本书。,Wǒ yǒu jiǔ běn shū.,Tôi có chín quyển sách.,I have nine books.,1
49,开,kāi,"mở, khởi động","open, start",我们开车去。,Wǒmen kāichē qù.,Chúng tôi đi bằng ô tô.,We go by car.,1
50,看,kàn,xem,see,我喜欢看电影。,Wǒ xǐhuān kàn diànyǐng.,Tôi thích xem phim.,I like watching movies.,1
51,看见,kànjiàn,nhìn thấy,see,我看见你了。,Wǒ kànjiàn nǐ le.,Tôi đã thấy bạn.,I saw you.,1
52,块,kuài,"miếng, đồng (tiền)","piece, coin (money)",这个苹果两块钱。,Zhège píngguǒ liǎng kuài qián.,Cái táo này hai tệ.,This apple is two yuan.,1
53,来,lái,đến,arrive,明天我来。,Míngtiān wǒ lái.,Ngày mai tôi đến.,I come tomorrow.,1
54,老师,lǎoshī,giáo viên,teacher,我的老师很友好。,Wǒ de lǎoshī hěn yǒuhǎo.,Giáo viên của tôi rất thân thiện.,My teacher is very friendly.,1
55,了,le,đã (dùng để chỉ sự thay đổi),has (used to indicate change),她去了学校。,Tā qùle xuéxiào.,Cô ấy đã đi đến trường.,She went to school.,1
56,冷,lěng,lạnh,cold,外面很冷。,Wàimiàn hěn lěng.,Bên ngoài rất lạnh.,It's cold outside.,1
57,里,lǐ,trong,in,我的书在里面。,Wǒ de shū zài lǐmiàn.,Sách của tôi ở bên trong.,My books are inside.,1
58,零,líng,không (số 0),zero (number 0),今天零度。,Jīntiān líng dù.,Hôm nay không độ.,Today is zero degrees.,1
59,六,liù,sáu,six,我有六个苹果。,Wǒ yǒu liù ge píngguǒ.,Tôi có sáu quả táo.,I have six apples.,1
60,妈妈,māma,mẹ,Mom,我的妈妈很漂亮。,Wǒ de māmā hěn piàoliang.,Mẹ của tôi rất xinh đẹp.,My mother is very beautiful.,1
61,吗,ma,không (dùng trong câu hỏi),no (used in questions),你好吗？,Nǐ hǎo ma?,Bạn khỏe không?,How are you?,1
62,买,mǎi,mua,buy,我买了水果。,Wǒ mǎile shuǐguǒ.,Tôi đã mua trái cây.,I bought fruit.,1
63,猫,māo,mèo,cat,这只猫很可爱。,Zhè zhī māo hěn kě'ài.,Con mèo này rất dễ thương.,This cat is so cute.,1
64,没,méi,"không có, chưa","no, not yet",我没看见他。,Wǒ méi kànjiàn tā.,Tôi không nhìn thấy anh ấy.,I don't see him.,1
65,没关系,méi guānxi,"không sao, không có gì",no problem,下雨了，没关系，我们有伞。,"Xiàyǔ le, méi guānxì, wǒmen yǒu sǎn.","Trời mưa rồi, không sao đâu, chúng ta có ô.","It's raining, it's okay, we have umbrellas.",1
66,米饭,mǐfàn,cơm,rice,我们吃米饭。,Wǒmen chī mǐfàn.,Chúng tôi ăn cơm.,We eat rice.,1
67,明天,míngtiān,ngày mai,Tomorrow,明天见。,Míngtiān jiàn.,Ngày mai gặp.,See you tomorrow.,1
68,名字,míngzi,tên,name,你叫什么名字？,Nǐ jiào shénme míngzì?,Bạn tên là gì?,What's your name?,1
69,哪里 (哪儿),nǎlǐ (nǎr),"đâu, chỗ nào",where,你要去哪儿？,Nǐ yào qù nǎr？,Bạn muốn đi đâu?,Where do you want to go?,1
70,那,nà,"đó, kia",there,那个书包很漂亮。,Nàge shūbāo hěn piàoliang.,Cái cặp sách đó rất đẹp.,That school bag is very beautiful.,1
71,呢,ne,thì sao? (dùng để hỏi thêm),so what? (used to ask more),你呢？,Nǐ ne?,Còn bạn thì sao?,How about you?,1
72,能,néng,có thể,maybe,他能说三种语言。,Tā néng shuō sān zhǒng yǔyán.,Anh ấy có thể nói ba ngôn ngữ.,He can speak three languages.,1
73,你,nǐ,bạn,Friend,你叫什么名字？,Nǐ jiào shénme míngzi?,Bạn tên là gì?,What's your name?,1
74,年,nián,năm,year,我结婚三年了。,Wǒ jiéhūn sān nián le.,Tôi kết hôn 3 năm rồi.,I have been married for 3 years.,1
75,女儿,nǚ'ér,con gái,Daughter,她是我的女儿。,Tā shì wǒ de nǚ'ér.,Con bé là con gái của tôi.,She is my daughter.,1
76,朋友,péngyou,bạn,Friend,她的朋友很聪明。,Tā de péngyou hěn cōngmíng.,Bạn của cô ấy rất thông minh.,Her friend is very smart.,1
77,漂亮,piàoliang,đẹp,Pretty,她很漂亮。,Tā hěn piàoliang.,Cô ấy rất xinh đẹp.,She is very beautiful.,1
78,苹果,píngguǒ,táo,apple,这个苹果很好吃。,Zhège píngguǒ hěn hǎochī.,Táo này rất ngon.,This apple is delicious.,1
79,七,qī,bảy,seven,我有七个朋友。,Wǒ yǒu qī ge péngyou.,Tôi có bảy người bạn.,I have seven friends.,1
80,钱,qián,tiền,money,这本书多少钱？,Zhè běn shū duōshǎo qián?,Cuốn sách này giá bao nhiêu?,How much is this book?,1
81,前面,qiánmiàn,phía trước,front,火车站在前面。,Huǒchēzhàn zài qiánmiàn.,Ga tàu ở phía trước.,The train station is ahead.,1
82,请,qǐng,"xin vui lòng, mời",please,请给我菜单。,Qǐng gěi wǒ càidān.,Xin vui lòng đưa cho tôi thực đơn.,Please give me the menu.,1
83,去,qù,đi,Go,我们要去商店。,Wǒmen yào qù shāngdiàn.,Chúng tôi phải đến cửa hàng.,We have to go to the store.,1
84,热,rè,nóng,hot,天气很热。,Tiānqì hěn rè.,Thời tiết rất nóng.,The weather is very hot.,1
85,人,rén,người,People,这个人很友好。,Zhè ge rén hěn yǒuhǎo.,Người này rất thân thiện.,This person is very friendly.,1
86,认识,rènshi,quen biết,acquainted,我认识他。,Wǒ rènshi tā.,Tôi quen anh ấy.,I know him.,1
87,日,rì,ngày,day,今天是几月几日？,Jīntiān shì jǐ yuè jǐ rì?,Hôm nay là ngày mấy tháng mấy?,What day is it today?,1
88,三,sān,ba,three,我有三本书。,Wǒ yǒu sān běn shū.,Tôi có ba cuốn sách.,I have three books.,1
89,商店,shāngdiàn,cửa hàng,shop,这个商店很大。,Zhège shāngdiàn hěn dà.,Cửa hàng này rất lớn.,This store is very big.,1
90,上,shàng,lên,go up,他在上楼。,Tā zài shàng lóu.,Anh ấy đang lên tầng.,He is going upstairs.,1
91,上午,shàngwǔ,buổi sáng,morning,上午我们去学校。,Shàngwǔ wǒmen qù xuéxiào.,Vào buổi sáng chúng tôi đi học.,In the morning we go to school.,1
92,少,shǎo,ít,little,我们还少一个人。,Wǒmen hái shǎo yīgè rén.,Chúng tôi vẫn thiếu một người.,We are still short one person.,1
93,谁,shuí/ shéi,ai,Who,谁是你的老师？,Shéi shì nǐ de lǎoshī?,Ai là giáo viên của bạn?,Who is your teacher?,1
94,什么,shénme,cái gì,what,你想吃什么？,Nǐ xiǎng chī shénme?,Bạn muốn ăn gì?,What would you like to eat?,1
95,十,shí,mười,ten,我有十块钱。,Wǒ yǒu shí kuài qián.,Tôi có mười tệ.,I have ten yuan.,1
96,时候,shíhòu,"lúc, khi",when,你什么时候来？,Nǐ shénme shíhòu lái?,Bạn đến lúc nào ?,When do you arrive?,1
97,是,shì,"là, thì","is, then",这是一本好书。,Zhè shì yī běn hǎo shū.,Đây là một cuốn sách hay.,This is a good book.,1
98,书,shū,sách,book,这本书很有意思。,Zhè běn shū hěn yǒuyìsi.,Cuốn sách này rất thú vị.,This book is very interesting.,1
99,水,shuǐ,nước,water,我喝水。,Wǒ hē shuǐ.,Tôi uống nước.,I drink water.,1
100,水果,shuǐguǒ,trái cây,fruit,她喜欢吃水果。,Tā xǐhuān chī shuǐguǒ.,Cô ấy thích ăn trái cây.,She likes eating fruit.,1
101,睡觉,shuìjiào,ngủ,Sleep,他每天晚上十点睡觉。,Tā měitiān wǎnshàng shí diǎn shuìjiào.,Anh ấy đi ngủ lúc mười giờ tối mỗi ngày.,He goes to bed at ten o'clock every night.,1
102,说话,shuōhuà,nói chuyện,talk,你怎么不说话？,Nǐ zěnme bù shuōhuà?,Sao bạn không nói chuyện thế?,Why don't you talk?,1
103,四,sì,bốn,four,他们四个人去旅行。,Tāmen sì gè rén qù lǚxíng.,Bốn người họ đi du lịch.,The four of them went traveling.,1
104,岁,suì,tuổi,year old,我今年二十五岁。,Wǒ jīnnián èrshíwǔ suì.,Tôi năm nay hai mươi lăm tuổi.,I am twenty five years old.,1
105,他,tā,"anh ấy, ông ấy","he, he",他是我的朋友。,Tā shì wǒ de péngyou.,Anh ấy là bạn của tôi.,He is my friend.,1
106,她,tā,"cô ấy, bà ấy","she, she",她在家里。,Tā zài jiālǐ.,Cô ấy ở nhà.,She is at home.,1
107,太,tài,quá,too,今天太热了。,Jīntiān tài rè le.,Hôm nay nóng quá.,It's hot today.,1
108,天气,tiānqì,thời tiết,weather,今天天气很好。,Jīntiān tiānqì hěn hǎo.,Thời tiết hôm nay rất tốt.,The weather is very nice today.,1
109,听,tīng,nghe,listen,我喜欢听音乐。,Wǒ xǐhuān tīng yīnyuè.,Tôi thích nghe nhạc.,I like listening to music.,1
110,同学,tóngxué,bạn học,classmate,我们是同学。,Wǒmen shì tóngxué.,Chúng tôi là bạn học.,We are classmates.,1
111,喂,wèi,alo,Hello,喂，你好吗？,"Wèi, nǐ hǎo ma?","Alo, bạn khỏe không?","Hello, how are you?",1
112,我,wǒ,tôi,I,我想喝水。,Wǒ xiǎng hē shuǐ.,Tôi muốn uống nước.,I want to drink water.,1
113,我们,wǒmen,chúng tôi,we,我们一起去吧。,Wǒmen yīqǐ qù ba.,Chúng ta cùng đi nhé.,Let's go together.,1
114,五,wǔ,năm,year,他有五本书。,Tā yǒu wǔ běn shū.,Anh ấy có năm cuốn sách.,He has five books.,1
115,喜欢,xǐhuān,thích,prefer,我喜欢喝咖啡。,Wǒ xǐhuān hē kāfēi.,Tôi thích uống cà phê.,I like drinking coffee.,1
116,下,xià,xuống,down,我在下楼。,Wǒ zài xià lóu.,Tôi đang xuống lầu.,I'm going downstairs.,1
117,下午,xiàwǔ,buổi chiều,afternoon,下午我们去逛街。,Xiàwǔ wǒmen qù guàngjiē.,"uổi chiều, chúng tôi đi dạo phố.","In the afternoon, we went for a walk.",1
118,下雨,xià yǔ,mưa,rain,外面下雨了，记得带伞。,"Wàimiàn xià yǔ le, jìdé dài sǎn.","Ngoài trời mưa, nhớ mang theo ô.","It's raining outside, remember to bring an umbrella.",1
119,先生,xiānshēng,"ông, ngài",sir,先生，这边请。,"Xiānshēng, zhè biān qǐng",Mời anh qua bên này.,Please come this way.,1
120,现在,xiànzài,bây giờ,Now,我现在很累。,Wǒ xiànzài hěn lèi.,Tôi hiện tại rất mệt.,I am very tired now.,1
121,想,xiǎng,"nghĩ, muốn","think, want",我想去看电影。,Wǒ xiǎng qù kàn diànyǐng.,Tôi muốn đi xem phim.,I want to go to the movies.,1
122,小,xiǎo,nhỏ,small,这是一只小狗。,Zhè shì yī zhī xiǎo gǒu.,Đây là một chú chó con.,This is a puppy.,1
123,小姐,xiǎojiě,cô (trong cách gọi),she (in the way of calling),小姐，请问这里有洗手间吗？,"Xiǎojiě, qǐngwèn zhèlǐ yǒu xǐshǒujiān ma?","Cô ơi, xin hỏi ở đây có nhà vệ sinh không?","Miss, is there a restroom here?",1
124,些,xiē,vài,few,我们买了一些水果。,Wǒmen mǎile yīxiē shuǐguǒ.,Chúng tôi đã mua một ít trái cây.,We bought some fruit.,1
125,写,xiě,viết,write,我正在写信。,Wǒ zhèngzài xiě xìn.,Tôi đang viết thư.,I am writing a letter.,1
126,谢谢,xièxiè,cảm ơn,Thanks,谢谢你的帮助。,Xièxiè nǐ de bāngzhù.,Cảm ơn sự giúp đỡ của bạn.,Thanks for your help.,1
127,星期,xīngqī,tuần,week,一个星期就好。,Yí gè xīngqī jiǔ hǎo.,Một tuần là được,One week is fine.,1
128,学生,xuéshēng,học sinh,pupil,他是一个好学生。,Tā shì yīgè hǎo xuéshēng.,Anh ấy là một học sinh giỏi.,He is a good student.,1
129,学习,xuéxí,học tập,study,学习中文很有趣。,Xuéxí zhōngwén hěn yǒuqù.,Học tiếng Trung rất thú vị.,Learning Chinese is fun.,1
130,学校,xuéxiào,trường học,school,我在学校学习中文。,Wǒ zài xuéxiào xuéxí zhōngwén.,Tôi học tiếng Trung ở trường.,I study Chinese at school.,1
131,一,yī,một,one,一个人在公园散步。,Yī gè rén zài gōngyuán sànbù.,Một người đang đi dạo trong công viên.,A man is walking in the park.,1
132,衣服,yīfu,quần áo,clothes,这件衣服很漂亮。,Zhè jiàn yīfu hěn piàoliang.,Bộ quần áo này rất đẹp.,This outfit is very nice.,1
133,医生,yīshēng,bác sĩ,doctor,他是一位医生。,Tā shì yī wèi yīshēng.,Anh ấy là một bác sĩ.,He is a doctor.,1
134,医院,yīyuàn,bệnh viện,hospital,我们去医院看病。,Wǒmen qù yīyuàn kàn bìng.,Chúng tôi đến bệnh viện để khám bệnh.,We went to the hospital to see a doctor.,1
135,椅子,yǐzi,ghế,chair,请坐在椅子上。,Qǐng zuò zài yǐzi shàng.,Xin ngồi lên ghế.,Please sit down.,1
136,月,yuè,"tháng, mặt trăng","month, moon",这个月我很忙。,Zhège yuè wǒ hěn máng.,Tháng này tôi rất bận.,I am very busy this month.,1
137,在,zài,"ở, tại",at,他在学校学习。,Tā zài xuéxiào xuéxí.,Anh ấy học ở trường.,He studies at school.,1
138,再见,zàijiàn,tạm biệt,Goodbye,我们明天再见。,Wǒmen míngtiān zàijiàn.,Chúng ta gặp lại vào ngày mai.,See you tomorrow.,1
139,怎么,zěnme,làm sao,how,你怎么了？,Nǐ zěnme le?,Bạn sao vậy?,how are you,1
140,怎么样,zěnmeyàng,như thế nào,how,你的工作怎么样？,Nǐ de gōngzuò zěnmeyàng?,Công việc của bạn thế nào?,How is your work?,1
141,这,zhè,"Đây, này","Here, here",这件事怎么样？,Zhè jiàn shì zěnme yàng?,Việc này như thế nào?,How does this work?,1
142,中国,Zhōngguó,Trung Quốc,China,中国有很多美丽的风景。,Zhōngguó yǒu hěn duō měilì de fēngjǐng.,Trung Quốc có nhiều cảnh đẹp.,China has many beautiful sceneries.,1
143,中午,zhōngwǔ,buổi trưa,noon,中午我们去吃饭吧。,Zhōngwǔ wǒmen qù chīfàn ba.,Buổi trưa chúng ta đi ăn cơm nhé.,Let's go eat lunch.,1
144,住,zhù,"sống, cư trú","live, reside",我住在一个很安静的地方。,Wǒ zhù zài yīgè hěn ānjìng de dìfāng.,Tôi sống ở một nơi rất yên tĩnh.,I live in a very quiet place.,1
145,桌子,zhuōzi,bàn,table,桌子上放着一本书。,Zhuōzi shàng fàngzhe yī běn shū.,Trên bàn có một cuốn sách.,There is a book on the table.,1
146,字,zì,chữ,letter,我们要学会写字。,Wǒmen yào xuéhuì xiě zì.,Chúng ta phải học viết chữ.,We have to learn to write.,1
147,昨天,zuótiān,hôm qua,Yesterday,昨天我去看了一部电影。,Zuótiān wǒ qù kànle yī bù diànyǐng.,Hôm qua tôi đã đi xem một bộ phim.,I went to see a movie yesterday.,1
148,坐,zuò,ngồi,sit,我们在公园里坐了一会儿。,Wǒmen zài gōngyuán lǐ zuòle yīhuìr.,Chúng tôi đã ngồi một lúc trong công viên.,We sat for a while in the park.,1
149,做,zuò,làm,do,他正在做作业。,Tā zhèngzài zuò zuòyè.,Anh ấy đang làm bài tập về nhà.,He is doing his homework.,1
1,吧,ba,"đi, nhé, nhỉ (đứng cuối câu)","go, okay, right (at the end of the sentence)",请你帮我吧。,Qǐng nǐ bāng wǒ ba.,Xin bạn giúp tôi nhé.,Please help me.,2
2,白,bái,trắng,white,他的白色衬衫很漂亮。,Tā de báisè chènshān hěn piàoliang.,Áo sơ mi trắng của anh ấy rất đẹp.,His white shirt is very nice.,2
3,百,bǎi,trăm,hundred,我们要买一百个苹果。,Wǒmen yào mǎi yī bǎi gè píngguǒ.,Chúng tôi muốn mua một trăm quả táo.,We want to buy one hundred apples.,2
4,帮助,bāngzhù,giúp đỡ,help,请你帮忙翻译这篇文章。,Qǐng nǐ bāngmáng fānyì zhè piān wénzhāng.,Xin bạn giúp dịch bài viết này.,Please help translate this article.,2
5,报纸,bàozhǐ,báo,newspaper,我每天都看报纸。,Wǒ měitiān dōu kàn bàozhǐ.,Tôi đọc báo mỗi ngày.,I read the newspaper every day.,2
6,比,bǐ,so sánh,compare,我的家比你的家大。,Wǒ de jiā bǐ nǐ de jiā dà.,Nhà của tôi lớn hơn nhà của bạn.,My house is bigger than your house.,2
7,别,bié,"đừng, khác biệt","don't, be different",别忘带钥匙。,Bié wàng dài yàoshi.,Đừng quên mang theo chìa khóa.,Don't forget to bring your keys.,2
8,长,cháng,dài,long,她的头发很长。,Tā de tóufǎ hěn cháng.,Tóc của cô ấy rất dài.,Her hair is very long.,2
9,唱歌,chànggē,hát,sing,我喜欢唱歌。,Wǒ xǐhuān chànggē.,Tôi thích hát.,I like to sing.,2
10,出,chū,ra ngoài,go out,我们出去玩吧。,Wǒmen chūqù wán ba.,Chúng ta ra ngoài chơi đi.,Let's go out and play.,2
11,穿,chuān,mặc,wear,你穿的衣服很漂亮。,Nǐ chuān de yīfú hěn piàoliang.,Quần áo bạn mặc rất đẹp.,The clothes you wear are very beautiful.,2
12,船,chuán,thuyền,boat,他坐在船上。,Tā zuò zài chuán shàng.,Anh ấy ngồi trên thuyền.,He is sitting on the boat.,2
13,次,cì,lần,time,这是我第一次来这里。,Zhè shì wǒ dì yī cì lái zhèlǐ.,Đây là lần đầu tiên tôi đến đây.,This is my first time here.,2
14,从,cóng,"từ, theo","from, according to",他从早上工作到晚上。,Tā cóng zǎoshang gōngzuò dào wǎnshang.,Anh ấy làm việc từ sáng đến tối.,He works from morning to night.,2
15,错,cuò,sai,wrong,他做错了一个题。,Tā zuò cuòle yīgè tí.,Anh ấy đã làm sai một bài tập.,He did an exercise wrong.,2
16,打篮球,dǎ lánqiú,chơi bóng rổ,play basketball,他打篮球打得很好。,Tā dǎ lánqiú dǎ de hěn hǎo.,Anh ấy chơi bóng rổ rất giỏi.,He plays basketball very well.,2
17,大家,dàjiā,mọi người,everybody,大家都很高兴。,Dàjiā dōu hěn gāoxìng.,Mọi người đều rất vui.,Everyone was very happy.,2
18,但是,dànshì,nhưng,But,我想去，但是没有时间。,"Wǒ xiǎng qù, dànshì méiyǒu shíjiān.","Tôi muốn đi, nhưng không có thời gian.","I want to go, but I don't have time.",2
19,到,dào,đến,arrive,我们今天到学校了。,Wǒmen jīntiān dào xuéxiào le.,Hôm nay chúng tôi đã đến trường.,We went to school today.,2
20,得,děi,"phải, đạt được","must, achieve",你得努力学习。,Nǐ děi nǔlì xuéxí.,Bạn phải cố gắng học.,You have to try to learn.,2
21,等,děng,đợi,wait,我们等你来。,Wǒmen děng nǐ lái.,Chúng tôi đợi bạn đến.,We wait for you to come.,2
22,弟弟,dìdì,em trai,younger brother,弟弟在玩玩具。,Dìdì zài wán wánjù.,Em trai đang chơi đồ chơi.,The younger brother is playing with toys.,2
23,第一,dì yī,đầu tiên,Firstly,他是第一名。,Tā shì dì yī míng.,Anh ấy là người đứng đầu.,He is the head.,2
24,懂,dǒng,hiểu,understand,我不懂这个问题。,Wǒ bù dǒng zhège wèntí.,Tôi không hiểu vấn đề này.,I don't understand this problem.,2
25,对,duì,"đúng, đối với","yes, for",你对我很好。,Nǐ duì wǒ hěn hǎo.,Bạn đối xử tốt với tôi.,you treat me well,2
26,房间,fángjiān,phòng,room,房间里很安静。,Fángjiān lǐ hěn ānjìng.,Trong phòng rất yên tĩnh.,It was very quiet in the room.,2
27,非常,fēicháng,"rất, cực kỳ","very, extremely",这道菜非常好吃。,Zhè dào cài fēicháng hǎochī.,Món ăn này rất ngon.,This dish is delicious.,2
28,服务员,fúwùyuán,nhân viên phục vụ,waiter,服务员请帮忙。,Fúwùyuán qǐng bāngmáng.,"Nhân viên phục vụ, xin giúp đỡ.","Waiter, please help.",2
29,高,gāo,cao,High,他很高。,Tā hěn gāo.,Anh ấy rất cao.,He is very tall.,2
30,告诉,gàosù,"nói cho, thông báo","tell, inform",请告诉我答案。,Qǐng gàosù wǒ dá'àn.,Xin cho tôi biết đáp án.,Please tell me the answer.,2
31,哥哥,gēge,anh trai,Older brother,哥哥在家里。,Gēge zài jiālǐ.,Anh trai đang ở nhà.,My brother is at home.,2
32,给,gěi,"đưa cho, cho",give,请给我一本书。,Qǐng gěi wǒ yī běn shū.,Xin hãy đưa cho tôi một cuốn sách.,Please give me a book.,2
33,公共汽车,gōnggòng qìchē,xe buýt,bus,公共汽车很方便。,Gōnggòng qìchē hěn fāngbiàn.,Xe buýt rất tiện lợi.,The bus is very convenient.,2
34,公斤,gōngjīn,kilogram (kg),kilogram (kg),这个包十公斤。,Zhège bāo shí gōngjīn.,Cái túi này mười kilogram.,This bag weighs ten kilograms.,2
35,公司,gōngsī,công ty,company,我在公司工作。,Wǒ zài gōngsī gōngzuò.,Tôi làm việc ở công ty.,I work in a company.,2
36,贵,guì,"đắt, quý","expensive, precious",这件衣服很贵。,Zhè jiàn yīfú hěn guì.,Cái áo này rất đắt.,This shirt is very expensive.,2
37,过,guò,"qua, đi qua","through, go through",请过安检门。,Qǐng guò ānjiǎn mén.\,Mời đi qua cửa an ninh.,Please go through security.,2
38,还,hái,"vẫn, còn",still,我还想要一杯水。,Wǒ hái xiǎng yào yī bēi shuǐ.,Tôi còn muốn một cốc nước.,I would like a glass of water too.,2
39,孩子,háizi,trẻ con,children,孩子们都在玩。,Háizimen dōu zài wán.,Những đứa trẻ đang chơi.,The children are playing.,2
40,好吃,hǎochī,ngon,tasty,这道菜很好吃。,Zhè dào cài hěn hǎo chī.,Món ăn này rất ngon.,This dish is delicious.,2
41,号,hào,"số (như số điện thoại, số nhà)","number (like phone number, house number)",你的手机号是多少？,Nǐ de shǒujī hào shì duōshǎo?,Số điện thoại của bạn là bao nhiêu?,What is your phone number?,2
42,黑,hēi,đen,black,我的车是黑色的。,Wǒ de chē shì hēisè de.,Xe của tôi màu đen.,My car is black.,2
43,红,hóng,đỏ,red,她喜欢红色的衣服。,Tā xǐhuān hóngsè de yīfú.,Cô ấy thích quần áo màu đỏ.,She likes red clothes.,2
44,欢迎,huānyíng,"hoan nghênh, chào mừng",welcome,欢迎你来我家。,Huānyíng nǐ lái wǒ jiā.,Chào mừng bạn đến nhà tôi.,Welcome to my home.,2
45,回答,huídá,trả lời,reply,请回答我的问题。,Qǐng huídá wǒ de wèntí.,Xin trả lời câu hỏi của tôi.,Please answer my question.,2
46,机场,jīchǎng,sân bay,airport,机场离这里很近。,Jīchǎng lí zhèlǐ hěn jìn.,Sân bay gần đây.,Airport nearby.,2
47,鸡蛋,jīdàn,trứng gà,eggs,我喜欢吃鸡蛋。,Wǒ xǐhuān chī jīdàn.,Tôi thích ăn trứng.,I like to eat eggs.,2
48,件,jiàn,"cái (dùng cho sự việc, quần áo)","thing (for event, clothes)",这件衣服很好看。,Zhè jiàn yīfú hěn hǎokàn.,Cái áo này rất đẹp.,This shirt is very nice.,2
49,教室,jiàoshì,lớp học,class,学生们在教室里学习。,Xuéshēngmen zài jiàoshì lǐ xuéxí.,Học sinh đang học trong lớp học.,Students are studying in the classroom.,2
50,姐姐,jiějie,chị gái,older sister,姐姐比我大三岁。,Jiějiě bǐ wǒ dà sān suì.,Chị gái lớn hơn tôi ba tuổi.,My sister is three years older than me.,2
51,介绍,jièshào,giới thiệu,introduce,请介绍一下你自己。,Qǐng jièshào yīxià nǐ zìjǐ.,Xin hãy giới thiệu về bản thân.,Please introduce yourself.,2
52,进,jìn,vào,enter,请进，别客气。,"Qǐng jìn, bié kèqì.","Mời vào, đừng khách sáo.","Come in, don't be shy.",2
53,近,jìn,gần,near the,学校离我家很近。,Xuéxiào lí wǒ jiā hěn jìn.,Trường học gần nhà tôi.,The school is near my house.,2
54,就,jiù,"thì, ngay","then, now",他就住在我家旁边。,Tā jiù zhù zài wǒ jiā pángbiān.,Anh ấy sống ngay cạnh nhà tôi.,He lives next door to me.,2
55,觉得,juéde,cảm thấy,feel,我觉得今天很热。,Wǒ juéde jīntiān hěn rè.,Tôi cảm thấy hôm nay rất nóng.,I feel very hot today.,2
56,咖啡,kāfēi,cà phê,coffee,我每天早上喝咖啡。,Wǒ měitiān zǎoshang hē kāfēi.,Tôi uống cà phê mỗi sáng.,I drink coffee every morning.,2
57,开始,kāishǐ,bắt đầu,begin,我们现在开始上课。,Wǒmen xiànzài kāishǐ shàngkè.,Bây giờ chúng ta bắt đầu học.,Now let's start learning.,2
58,考试,kǎoshì,thi,exam,我准备好考试了。,Wǒ zhǔnbèi hǎo kǎoshì le.,Tôi đã chuẩn bị sẵn sàng cho kỳ thi.,I am ready for the exam.,2
59,可能,kěnéng,có thể,maybe,可能会下雨。,Kěnéng huì xiàyǔ.,Có thể sẽ mưa.,It might rain.,2
60,可以,kěyǐ,có thể,maybe,你可以坐在这里。,Nǐ kěyǐ zuò zài zhèlǐ.,Bạn có thể ngồi ở đây.,You can sit here.,2
61,课,kè,bài học,lesson,我们今天有三节课。,Wǒmen jīntiān yǒu sān jié kè.,Hôm nay chúng ta có ba tiết học.,We have three classes today.,2
62,快,kuài,nhanh,fast,他跑得很快。,Tā pǎo de hěn kuài.,Anh ấy chạy rất nhanh.,He runs very fast.,2
63,快乐,kuàilè,vui vẻ,happy,祝你生日快乐。,Zhù nǐ shēngrì kuàilè.,Chúc bạn sinh nhật vui vẻ.,Happy birthday to you.,2
64,累,lèi,mệt,tired,我累了，想休息一下。,"Wǒ lèile, xiǎng xiūxí yīxià.","Tôi mệt rồi, muốn nghỉ ngơi một chút.","I'm tired, I want to rest a bit.",2
65,离,lí,"cách (khoảng cách), rời","distance, leave",学校离我家不远。,Xuéxiào lí wǒ jiā bù yuǎn.,Trường học không xa nhà tôi.,The school is not far from my house.,2
66,两,liǎng,hai (khi đếm số lượng),two (when counting quantity),我有两个弟弟。,Wǒ yǒu liǎng gè dìdì.,Tôi có hai em trai.,I have two younger brothers.,2
67,路,lù,đường,road,这条路很长。,Zhè tiáo lù hěn cháng.,Con đường này rất dài.,This road is very long.,2
68,旅游,lǚyóu,du lịch,tourism,我喜欢旅游。,Wǒ xǐhuān lǚyóu.,Tôi thích du lịch.,I love to travel.,2
69,卖,mài,bán,sell,他在商店里卖东西。,Tā zài shāngdiàn lǐ mài dōngxī.,Anh ấy bán hàng trong cửa hàng.,He sells goods in the store.,2
70,慢,màn,chậm,slow,他走得很慢。,Tā zǒu de hěn màn.,Anh ấy đi rất chậm.,He walks very slowly.,2
71,忙,máng,bận,busy,我今天很忙。,Wǒ jīntiān hěn máng.,Hôm nay tôi rất bận.,I am very busy today.,2
72,每,měi,mỗi,each,每个人都有机会。,Měi gèrén dōu yǒu jīhuì.,Mỗi người đều có cơ hội.,Everyone has a chance.,2
73,妹妹,mèimei,em gái,younger sister,妹妹在唱歌。,Mèimei zài chànggē.,Em gái đang hát.,The girl is singing.,2
74,门,mén,cửa,door,他站在门口。,Tā zhàn zài ménkǒu.,Anh ấy đứng ở cửa.,He stood at the door.,2
75,男人,nánrén,đàn ông,man,那个男人很高。,Nàgè nánrén hěn gāo.,Người đàn ông đó rất cao.,That man is very tall.,2
76,您,nín,bạn (dùng lịch sự),you (polite),您好，请进。,"Nín hǎo, qǐng jìn.","Xin chào, mời vào.","Hello, come in.",2
77,牛奶,niúnǎi,sữa bò,cow's milk,我每天早上喝牛奶。,Wǒ měitiān zǎoshang hē niúnǎi.,Tôi uống sữa mỗi sáng.,I drink milk every morning.,2
78,女人,nǚrén,phụ nữ,women,那个女人是我妈妈。,Nàgè nǚrén shì wǒ māma.,Người phụ nữ đó là mẹ tôi.,That woman is my mother.,2
79,旁边,pángbiān,bên cạnh,next to,学校在我家旁边。,Xuéxiào zài wǒ jiā pángbiān.,Trường học ở cạnh nhà tôi.,The school is next to my house.,2
80,跑步,pǎobù,chạy bộ,jogging,我每天早上跑步。,Wǒ měitiān zǎoshang pǎobù.,Tôi chạy bộ mỗi sáng.,I jog every morning.,2
81,便宜,piányí,rẻ,cheap,这件衣服很便宜。,Zhè jiàn yīfú hěn piányí.,Cái áo này rất rẻ.,This shirt is very cheap.,2
82,票,piào,vé,ticket,我买了两张电影票。,Wǒ mǎile liǎng zhāng diànyǐng piào.,Tôi đã mua hai vé xem phim.,I bought two movie tickets.,2
83,妻子,qīzi,vợ,wife,这是我的妻子。,Zhè shì wǒ de qīzi.,Đây là vợ tôi.,This is my wife.,2
84,起床,qǐchuáng,dậy (rời khỏi giường),get up (out of bed),我每天六点起床。,Wǒ měitiān liù diǎn qǐchuáng.,Tôi thức dậy lúc sáu giờ mỗi ngày.,I wake up at six o'clock every day.,2
85,千,qiān,nghìn,thousand,我有一千块钱。,Wǒ yǒu yīqiān kuài qián.,Tôi có một ngàn đồng.,I have a thousand dollars.,2
86,晴,qíng,"nắng, quang đãng","sunny, clear",今天是晴天。,Jīntiān shì qíngtiān.,Hôm nay trời nắng.,It's sunny today.,2
87,去年,qùnián,năm ngoái,last year,我去年去了中国。,Wǒ qùnián qùle zhōngguó.,Năm ngoái tôi đã đi Trung Quốc.,I went to China last year.,2
88,让,ràng,"để, làm cho, nhường","to, make, yield",请让他进来。,Qǐng ràng tā jìnlái.,Xin hãy để anh ấy vào.,Please let him in.,2
89,上班,shàngbān,đi làm,go to work,我每天八点上班。,Wǒ měitiān bā diǎn shàngbān.,Tôi đi làm lúc tám giờ mỗi ngày.,I go to work at eight o'clock every day.,2
90,身体,shēntǐ,cơ thể,body,你的身体怎么样？,Nǐ de shēntǐ zěnme yàng?,Sức khỏe của bạn thế nào?,How is your health?,2
91,生病,shēngbìng,bị bệnh,sick,他生病了，不能来上课。,"Tā shēngbìng le, bùnéng lái shàngkè.","Anh ấy bị ốm, không thể đến lớp.",He was sick and couldn't come to class.,2
92,生日,shēngrì,sinh nhật,birthday,今天是我的生日。,Jīntiān shì wǒ de shēngrì.,Hôm nay là sinh nhật của tôi.,Today is my birthday.,2
93,时间,shíjiān,thời gian,time,现在我没有时间。,Xiànzài wǒ méiyǒu shíjiān.,Bây giờ tôi không có thời gian.,I don't have time now.,2
94,事情,shìqíng,việc,job,你在做什么事情？,Nǐ zài zuò shénme shìqíng?,Bạn đang làm việc gì vậy?,What are you doing?,2
95,手表,shǒubiǎo,đồng hồ,clock,这块手表很贵。,Zhè kuài shǒubiǎo hěn guì.,Chiếc đồng hồ này rất đắt.,This watch is very expensive.,2
96,手机,shǒujī,điện thoại di động,cellular phone,我的手机没电了。,Wǒ de shǒujī méi diàn le.,Điện thoại của tôi hết pin rồi.,My phone is out of battery.,2
97,送,sòng,tặng,donate,我送你一本书。,Wǒ sòng nǐ yī běn shū.,Tôi tặng bạn một quyển sách.,I give you a book.,2
98,所以,suǒyǐ,vì vậy,So,他很累，所以休息了。,"Tā hěn lèi, suǒyǐ xiūxí le.","Anh ấy rất mệt, nên đã nghỉ ngơi rồi.","He was very tired, so he rested.",2
99,它,tā,"nó (cho vật, động vật)","it (for thing, animal)",它是一只可爱的小猫。,Tā shì yī zhī kě'ài de xiǎo māo.,Nó là một chú mèo đáng yêu.,It is a lovely cat.,2
100,踢足球,tī zúqiú,đá bóng,play football,我们一起踢足球吧。,Wǒmen yīqǐ tī zúqiú ba.,Chúng ta cùng chơi đá bóng nhé.,Let's play soccer.,2
101,题,tí,"câu hỏi, đề bài","question, topic",这道题很难。,Zhè dào tí hěn nán.,Câu hỏi này rất khó.,This question is very difficult.,2
102,跳舞,tiàowǔ,nhảy múa,dancing,我喜欢跳舞。,Wǒ xǐhuān tiàowǔ.,Tôi thích nhảy múa.,I like dancing.,2
103,外,wài,ngoài,outside,他在外面等你。,Tā zài wàimiàn děng nǐ.,Anh ấy đang đợi bạn ở bên ngoài.,He is waiting for you outside.,2
104,玩,wán,chơi,play,小孩子们在玩游戏。,Xiǎo háizimen zài wán yóuxì.,Các em nhỏ đang chơi trò chơi.,The children are playing games.,2
105,完,wán,"xong, hoàn thành",done,我已经做完了作业。,Wǒ yǐjīng zuò wán le zuòyè.,Tôi đã làm xong bài tập.,I have finished my homework.,2
106,晚上,wǎnshàng,buổi tối,evening,我晚上九点睡觉。,Wǒ wǎnshàng jiǔ diǎn shuìjiào.,Tôi đi ngủ lúc chín giờ tối.,I go to bed at nine o'clock at night.,2
107,为什么,wèishénme,tại sao,Why,你为什么不来？,Nǐ wèishéme bù lái?,Tại sao bạn không đến?,why don't you come,2
108,问,wèn,hỏi,ask,请问你叫什么名字？,Qǐng wèn nǐ jiào shénme míngzì?,Xin hỏi bạn tên là gì?,What is your name?,2
109,问题,wèntí,vấn đề,problem,这个问题很重要。,Zhège wèntí hěn zhòngyào.,Vấn đề này rất quan trọng.,This issue is very important.,2
110,西瓜,xīguā,dưa hấu,watermelon,我喜欢吃西瓜。,Wǒ xǐhuān chī xīguā.,Tôi thích ăn dưa hấu.,I like to eat watermelon.,2
111,希望,xīwàng,hy vọng,hope,我希望你能来。,Wǒ xīwàng nǐ néng lái.,Tôi hy vọng bạn có thể đến.,I hope you can come.,2
112,洗,xǐ,rửa,wash,请洗手。,Qǐng xǐ shǒu.,Xin rửa tay.,Please wash your hands.,2
113,向,xiàng,"hướng về, đối với","towards, towards",向左走。,Xiàng zuǒ zǒu.,Đi về phía bên trái.,Go to the left.,2
114,小时,xiǎoshí,tiếng đồng hồ,hour,我每天学习一个小时。,Wǒ měitiān xuéxí yī gè xiǎoshí.,Tôi học một tiếng mỗi ngày.,I study one hour every day.,2
115,笑,xiào,cười,laugh,他在笑什么？,Tā zài xiào shénme?,Anh ấy đang cười gì vậy?,What is he laughing at?,2
116,新,xīn,mới,new,我有一个新手机。,Wǒ yǒu yī gè xīn shǒujī.,Tôi có một chiếc điện thoại mới.,I have a new phone.,2
117,姓,xìng,họ,Surname,你姓什么？,Nǐ xìng shénme?,Họ của bạn là gì?,What is your last name?,2
118,休息,xiūxi,nghỉ ngơi,rest,我累了，需要休息。,"Wǒ lèile, xūyào xiūxí.","Tôi mệt rồi, cần nghỉ ngơi.","I'm tired, I need to rest.",2
119,雪,xuě,tuyết,snow,明天会下雪。,Míngtiān huì xià xuě.,Ngày mai sẽ có tuyết rơi.,It will snow tomorrow.,2
120,颜色,yánsè,màu sắc,color,你喜欢什么颜色？,Nǐ xǐhuān shénme yánsè?,Bạn thích màu gì?,What color do you like?,2
121,眼睛,yǎnjing,mắt,eye,他的眼睛很大。,Tā de yǎnjīng hěn dà.,Mắt của anh ấy rất to.,His eyes are very big.,2
122,羊肉,yángròu,thịt cừu,lamb,我喜欢吃羊肉。,Wǒ xǐhuān chī yángròu.,Tôi thích ăn thịt cừu.,I like to eat lamb.,2
123,要,yào,"muốn, cần","want, need",我要一杯水。,Wǒ yào yī bēi shuǐ.,Tôi muốn một cốc nước.,I would like a glass of water.,2
124,药,yào,thuốc,medicine,我生病了，要吃药。,"Wǒ shēngbìng le, yào chī yào.","Tôi bị ốm, cần uống thuốc.",I am sick and need medicine.,2
125,也,yě,cũng,also,他也喜欢游泳。,Tā yě xǐhuān yóuyǒng.,Anh ấy cũng thích bơi lội.,He also likes swimming.,2
126,已经,yǐjīng,đã,Satisfied,我已经吃过饭了。,Wǒ yǐjīng chī guò fàn le.,Tôi đã ăn cơm rồi.,I have eaten rice.,2
127,一起,yìqǐ,cùng nhau,together,我们一起去看电影吧。,Wǒmen yīqǐ qù kàn diànyǐng ba.,Chúng ta cùng đi xem phim nhé.,Let's go to the movies.,2
128,意思,yìsi,ý nghĩa,meaning,这是什么意思？,Zhè shì shénme yìsi?,Điều này có nghĩa là gì?,What does this mean?,2
129,阴,yīn,"âm u, trời nhiều mây","gloomy, cloudy",今天是阴天。,Jīntiān shì yīntiān.,Hôm nay là ngày trời âm u.,Today is a cloudy day.,2
130,因为,yīnwèi,vì,because,因为下雨，我不去跑步。,"Yīnwèi xiàyǔ, wǒ bú qù pǎobù.","Vì trời mưa, tôi không đi chạy bộ.","Because it was raining, I didn't go jogging.",2
131,游泳,yóuyǒng,bơi,swim,我喜欢游泳。,Wǒ xǐhuān yóuyǒng.,Tôi thích bơi lội.,I like swimming.,2
132,右边,yòubiān,bên phải,right,他坐在我右边。,Tā zuò zài wǒ yòubiān.,Anh ấy ngồi bên phải tôi.,He sat to my right.,2
133,鱼,yú,cá,fish,我们晚饭吃鱼。,Wǒmen wǎnfàn chī yú.,Chúng tôi ăn cá vào bữa tối.,We ate fish for dinner.,2
134,元,yuán,Đồng (đơn vị tiền tệ),Dong (currency unit),这本书要十元。,Zhè běn shū yào shí yuán.,Quyển sách này giá mười đồng.,This book costs ten dollars.,2
135,远,yuǎn,xa,distant,他家离学校很远。,Tā jiā lí xuéxiào hěn yuǎn.,Nhà anh ấy cách xa trường học.,His house is far from school.,2
136,运动,yùndòng,vận,luck,我每天都运动。,Wǒ měitiān dōu yùndòng.,Tôi tập thể dục mỗi ngày.,I exercise every day.,2
137,再,zài,lại,again,请再说一遍。,Qǐng zài shuō yī biàn.,Xin hãy nói lại một lần nữa.,Please say that again.,2
138,早上,zǎoshàng,buổi sáng,morning,我每天早上六点起床。,Wǒ měitiān zǎoshang liù diǎn qǐchuáng.,Tôi dậy lúc sáu giờ sáng mỗi ngày.,I get up at six o'clock every morning.,2
139,张,zhāng,"tờ, bức (dùng cho vật phẳng, giấy, tranh, bàn)","sheet, picture (used for flat objects, paper, pictures, tables)",这是一张照片。,Zhè shì yī zhāng zhàopiàn.,Đây là một tấm ảnh.,This is a photo.,2
140,丈夫,zhàngfu,chồng,husband,这是我的丈夫。,Zhè shì wǒ de zhàngfu.,Đây là chồng tôi.,This is my husband.,2
141,找,zhǎo,tìm,find,我在找我的钥匙。,Wǒ zài zhǎo wǒ de yàoshi.,Tôi đang tìm chìa khóa của mình.,I'm looking for my keys.,2
142,着,zhe,đang (dùng để chỉ trạng thái hiện tại),currently (used to indicate current state),他在吃着饭呢。,Tā zài chī zhe fàn ne.,Anh ấy đang ăn cơm.,He is eating rice.,2
143,真,zhēn,thật,Real,这个苹果真好吃。,Zhège píngguǒ zhēn hào chī.,Quả táo này thật ngon.,This apple is delicious.,2
144,正在,zhèngzài,đang,in progress,妈妈正在打电话。,Māma zhèngzài dǎ diànhuà.,"Mẹ đang gọi điện thoại.
",Mom is on the phone.,2
145,知道,zhīdào,biết,know,我知道他是谁。,Wǒ zhīdào tā shì shéi.,Tôi biết anh ấy là ai.,I know who he is.,2
146,准备,zhǔnbèi,chuẩn bị,prepare,我正在准备考试。,Wǒ zhèngzài zhǔnbèi kǎoshì.,Tôi đang chuẩn bị cho kỳ thi.,I am preparing for the exam.,2
147,自行车,zìxíngchē,xe đạp,bicycle,他骑自行车去上班。,Tā qí zìxíngchē qù shàngbān.,Anh ấy đi làm bằng xe đạp.,He goes to work by bike.,2
148,走,zǒu,đi,Go,我们一起走吧。,Wǒmen yīqǐ zǒu ba.,Chúng ta cùng đi nhé.,Let's go together.,2
149,最,zuì,nhất (so sánh nhất),most (superlative),这是我最喜欢的书。,Zhè shì wǒ zuì xǐhuān de shū.,Đây là cuốn sách tôi thích nhất.,This is my favorite book.,2
150,左边,zuǒbiān,bên trái,left,他坐在我左边。,Tā zuò zài wǒ zuǒbiān.,Anh ấy ngồi bên trái tôi.,He sat on my left.,2
1,阿姨,āyí,"dì, cô",aunt,阿姨非常喜欢我们。,Āyí fēicháng xǐhuān wǒmen.,Dì rất thích chúng tôi.,She likes us very much.,3
2,啊,a,"a, à, ơ (trợ từ ngữ khí)","a, ah, oh (modal particles)",啊，我忘记了！,"A, wǒ wàngjì le!","À, tôi quên rồi!","Oh, I forgot!",3
3,矮,ǎi,"thấp, lùn",short,他比我矮。,Tā bǐ wǒ ǎi.,Anh ấy thấp hơn tôi.,He is shorter than me.,3
4,爱好,àihào,sở thích,interest,我的爱好是画画儿。,Wǒ de àihào shì huà huàr.,Sở thích của tôi là vẽ tranh.,My hobby is drawing.,3
5,安静,ānjìng,yên tĩnh,quiet,请保持安静。,Qǐng bǎochí ānjìng.,Xin hãy giữ yên lặng.,Please keep quiet.,3
6,把,bǎ,"đem, lấy (giới từ)","bring, take (preposition)",把书给我。,Bǎ shū gěi wǒ.,Đưa cuốn sách cho tôi.,Give me the book.,3
7,班,bān,"lớp, ca (làm việc)","class, shift (work)",我们班有二十个学生。,Wǒmen bān yǒu èrshí gè xuéshēng.,Lớp chúng tôi có hai mươi học sinh.,There are twenty students in our class.,3
8,搬,bān,"chuyển, dời",move,他搬家到北京了。,Tā bānjiā dào Běijīng le.,Anh ấy đã chuyển nhà đến Bắc Kinh.,He moved to Beijing.,3
9,半,bàn,một nửa,half,我们半个小时后见。,Wǒmen bàn gè xiǎoshí hòu jiàn.,Chúng ta gặp nhau sau nửa giờ.,We meet in half an hour.,3
10,办法,bànfǎ,biện pháp,measure,我有一个好办法。,Wǒ yǒu yīgè hǎo bànfǎ.,Tôi có một cách hay.,I have a good way.,3
11,办公室,bàngōngshì,văn phòng,office,他在办公室工作。,Tā zài bàngōngshì gōngzuò.,Anh ấy làm việc ở văn phòng.,He works in the office.,3
12,帮忙,bāngmáng,giúp đỡ (động từ li hợp),help (verb clutch),有你帮忙我就放心了。,Yǒu nǐ bāngmáng wǒ jiù fàngxīn le.,Có bạn giúp thì tôi yên tâm rồi.,"With your help, I feel secure.",3
13,包,bāo,"túi, bao",bag,我的包丢了。,Wǒ de bāo diū le.,Cái túi của tôi bị mất rồi.,My bag is lost.,3
14,饱,bǎo,no,no,我吃饱了。,Wǒ chī bǎo le.,Tôi ăn no rồi.,I'm full.,3
15,北方,běifāng,miền Bắc,north,北方的冬天很冷。,Běifāng de dōngtiān hěn lěng.,Mùa đông ở phía Bắc rất lạnh.,Winter in the North is very cold.,3
16,被,bèi,"bị, được (giới từ bị động)","be, be (passive preposition)",他被老师表扬了。,Tā bèi lǎoshī biǎoyáng le.,Anh ấy được thầy giáo khen ngợi.,He was praised by his teacher.,3
17,比较,bǐjiào,"khá, tương đối","quite, relatively",她比较高。,Tā bǐjiào gāo.,Cô ấy khá cao.,She is quite tall.,3
18,比赛,bǐsài,"cuộc thi, thi đấu","contest, competition",他们在参加比赛。,Tāmen zài cānjiā bǐsài.,Họ đang tham gia thi đấu.,They are competing.,3
19,必须,bìxū,"phải, cần phải","must, must",你必须按时到。,Nǐ bìxū ànshí dào.,Bạn phải đến đúng giờ.,You must be on time.,3
20,变化,biànhuà,thay đổi,change,这里的天气变化很大。,Zhèlǐ de tiānqì biànhuà hěn dà.,Thời tiết ở đây thay đổi rất nhiều.,The weather here changes a lot.,3
21,表示,biǎoshì,"biểu thị, thể hiện",express,他表示同意这个计划。,Tā biǎoshì tóngyì zhège jìhuà.,Anh ấy thể hiện đồng ý với kế hoạch này.,He expressed his agreement with this plan.,3
22,表演,biǎoyǎn,biểu diễn,perform,她在表演节目。,Tā zài biǎoyǎn jiémù.,Cô ấy đang biểu diễn chương trình.,She is performing the show.,3
23,别人,biérén,người khác,other people,别人的意见很重要。,Biérén de yìjiàn hěn zhòngyào.,Ý kiến của người khác rất quan trọng.,Other people's opinions matter.,3
24,宾馆,bīnguǎn,khách sạn,hotel,宾馆的房间很干净。,Bīnguǎn de fángjiān hěn gānjìng.,Phòng của khách sạn rất sạch sẽ.,The hotel room was very clean.,3
25,冰箱,bīngxiāng,tủ lạnh,fridge,冰箱里有很多食物。,Bīngxiāng lǐ yǒu hěn duō shíwù.,Trong tủ lạnh có rất nhiều thức ăn.,There is a lot of food in the fridge.,3
26,才,cái,"mới (nhấn mạnh thời gian muộn, trễ)","new (emphasis late, late)",为什么你现在才来。,Wèi shénme nǐ xiànzài cái lái?,Tại sao bây giờ bạn mới tới?,Why did you come now?,3
27,菜单,càidān,thực đơn,menu,菜单上有很多菜。,Càidān shàng yǒu hěn duō cài.,Trên thực đơn có nhiều món ăn.,There are many dishes on the menu.,3
28,参加,cānjiā,tham gia,join,我参加了这个活动。,Wǒ cānjiā le zhège huódòng.,Tôi đã tham gia hoạt động này.,I participated in this activity.,3
29,草,cǎo,cỏ,grass,草地上有很多花。,Cǎodì shàng yǒu hěn duō huā.,Trên bãi cỏ có nhiều hoa.,There are many flowers on the lawn.,3
30,层,céng,tầng,floor,我住在三层。,Wǒ zhù zài sān céng.,Tôi sống ở tầng ba.,I live on the third floor.,3
31,差,chà,"kém, thiếu, tệ","poor, lacking, bad",今天的天气很差。,Jīntiān de tiānqì hěn chà.,Thời tiết hôm nay rất tệ.,The weather is terrible today.,3
32,超市,chāoshì,siêu thị,supermarket,我去超市买东西。,Wǒ qù chāoshì mǎi dōngxi.,Tôi đi siêu thị mua đồ.,I go to the supermarket to buy things.,3
33,衬衫,chènshān,áo sơ mi,shirt,他穿了一件白衬衫。,Tā chuān le yī jiàn bái chènshān.,Anh ấy mặc một chiếc áo sơ mi trắng.,He is wearing a white shirt.,3
34,成绩,chéngjì,thành tích,Achievement,他的成绩很好。,Tā de chéngjī hěn hǎo.,Thành tích của anh ấy rất tốt.,His record is very good.,3
35,城市,chéngshì,thành phố,city,这座城市很大。,Zhè zuò chéngshì hěn dà.,Thành phố này rất lớn.,This city is very big.,3
36,迟到,chídào,đến trễ,late,他今天迟到了。,Tā jīntiān chídào le.,Hôm nay anh ấy đến muộn.,He is late today.,3
37,出现,chūxiàn,xuất hiện,appear,我们出现了问题。,Wǒmen chūxiàn le wèntí.,Chúng tôi gặp vấn đề rồi.,We have a problem.,3
38,厨房,chúfáng,nhà bếp,kitchen,厨房很干净。,Chúfáng hěn gānjìng.,Nhà bếp rất sạch.,The kitchen is very clean.,3
39,除了,chúle,"ngoài ra, trừ ra","in addition, except",除了他，大家都来了。,"Chúle tā, dàjiā dōu lái le.","Ngoài anh ấy, mọi người đều đến.",Everyone came except him.,3
40,春,chūn,mùa xuân,spring,春天来了，花开了。,"Chūntiān lái le, huā kāi le.","Mùa xuân đến rồi, hoa nở rồi.","Spring is here, flowers are blooming.",3
41,词语,cíyǔ,từ ngữ,word,我喜欢学习新词语。,Wǒ xǐhuān xuéxí xīn cíyǔ.,Tôi thích học từ mới.,I like learning new words.,3
42,聪明,cōngmíng,thông minh,smart,她很聪明，总是知道答案。,"Tā hěn cōngmíng, zǒng shì zhīdào dá'àn.","Cô ấy rất thông minh, luôn biết đáp án.","She is very smart, always knows the answer.",3
43,打扫,dǎsǎo,quét dọn,clean up,我们一起打扫房间吧。,Wǒmen yīqǐ dǎsǎo fángjiān ba.,Chúng ta cùng dọn phòng nhé.,Let's clean the room together.,3
44,打算,dǎsuàn,dự định,plan,我打算去旅游。,Wǒ dǎsuàn qù lǚyóu.,Tôi dự định đi du lịch.,I plan to travel.,3
45,带,dài,"mang theo, dẫn theo",bring along,别忘了带雨伞。,Bié wàngle dài yǔsǎn.,Đừng quên mang theo ô.,Don't forget to bring an umbrella.,3
46,担心,dānxīn,lo lắng,worry,我担心他的健康。,Wǒ dānxīn tā de jiànkāng.,Tôi lo lắng cho sức khỏe của anh ấy.,I am worried about his health.,3
47,蛋糕,dàngāo,bánh ngọt,cake,生日快乐，给你蛋糕。,"Shēngrì kuàilè, gěi nǐ dàngāo.","Sinh nhật vui vẻ, tặng bạn bánh ngọt.","Happy birthday, here's a cake.",3
48,当然,dāngrán,đương nhiên,of course,你当然可以去。,Nǐ dāngrán kěyǐ qù.,Đương nhiên bạn có thể đi.,Of course you can go.,3
49,地,de,trợ từ của động từ,auxiliary verb,请慢慢地说。,Qǐng mànmàn de shuō.,Xin hãy nói chậm lại.,Please speak slowly.,3
50,灯,dēng,đèn,lamp,请开灯。,Qǐng kāi dēng.,Vui lòng bật đèn.,Please turn on the lights.,3
51,低,dī,thấp,short,他的声音很低。,Tā de shēngyīn hěn dī.,Giọng anh ấy rất nhỏ.,His voice was very small.,3
52,地方,dìfāng,"nơi, chỗ",place,这个地方很好玩。,Zhège dìfāng hěn hǎowán.,Nơi này rất vui.,This place is fun.,3
53,地铁,dìtiě,tàu điện ngầm,subway,我坐地铁去上班。,Wǒ zuò dìtiě qù shàngbān.,Tôi đi làm bằng tàu điện ngầm.,I go to work by subway.,3
54,地图,dìtú,bản đồ,map,你有这座城市的地图吗？,Nǐ yǒu zhè zuò chéngshì de dìtú ma?,Bạn có bản đồ của thành phố này không?,Do you have a map of this city?,3
55,电梯,diàntī,thang máy,elevator,我们坐电梯上楼。,Wǒmen zuò diàntī shàng lóu.,Chúng tôi đi thang máy lên lầu.,We took the elevator upstairs.,3
56,电子邮箱,diànzǐ yóuxiāng,hộp thư điện tử (email),email,请发电子邮件给我。,Qǐng fā diànzǐ yóujiàn gěi wǒ.,Xin gửi email cho tôi.,Please email me.,3
57,东,dōng,đông (hướng đông),east,东边有一座山。,Dōngbiān yǒu yī zuò shān.,Phía đông có một ngọn núi.,There is a mountain to the east.,3
58,冬,dōng,mùa đông,winter,冬天很冷。,Dōngtiān hěn lěng.,Mùa đông rất lạnh.,Winter is very cold.,3
59,动物,dòngwù,động vật,animal,我喜欢动物。,Wǒ xǐhuān dòngwù.,Tôi thích động vật.,I like animals.,3
60,短,duǎn,ngắn,short,这条裙子太短了。,Zhè tiáo qúnzi tài duǎn le.,Chiếc váy này quá ngắn.,This dress is too short.,3
61,段,duàn,"đoạn, quãng",paragraph,他讲了一段故事。,Tā jiǎng le yī duàn gùshì.,Anh ấy đã kể một đoạn câu chuyện.,He told a part of the story.,3
62,锻炼,duànliàn,"luyện tập, rèn luyện",practice,我每天锻炼身体。,Wǒ měitiān duànliàn shēntǐ.,Tôi tập thể dục mỗi ngày.,I exercise every day.,3
63,多么,duōme,"bao nhiêu, biết bao","how much, how much",这里的景色多么美丽。,Zhèlǐ de jǐngsè duōme měilì.,Cảnh ở đây đẹp làm sao.,The scenery here is so beautiful.,3
64,饿,è,đói,hungry,我饿了，想吃饭。,"Wǒ è le, xiǎng chī fàn.","Tôi đói rồi, muốn ăn cơm.","I'm hungry, I want to eat rice.",3
65,而且,érqiě,"mà còn, hơn nữa","but also, moreover",他聪明而且很努力。,Tā cōngmíng érqiě hěn nǔlì.,Anh ấy thông minh hơn nữa rất chăm chỉ.,He is not only intelligent but also very hard-working.,3
66,耳朵,ěrduo,tai,ears,我的耳朵很敏感。,Wǒ de ěrduo hěn mǐngǎn.,Tai tôi rất nhạy cảm.,My ears are very sensitive.,3
67,发烧,fāshāo,sốt,fever,他发烧了，要休息。,"Tā fāshāo le, yào xiūxí.","Anh ấy bị sốt, cần nghỉ ngơi.",He has a fever and needs rest.,3
68,发现,fāxiàn,phát hiện,detect,我发现了一个秘密。,Wǒ fāxiàn le yīgè mìmì.,Tôi đã phát hiện ra một bí mật.,I discovered a secret.,3
69,方便,fāngbiàn,thuận tiện,convenient,这里很方便。,Zhèlǐ hěn fāngbiàn.,Ở đây rất tiện lợi.,It's very convenient here.,3
70,放,fàng,"đặt, để",put,请把书放在桌子上。,Qǐng bǎ shū fàng zài zhuōzi shàng.,Vui lòng để sách lên bàn.,Please put the books on the table.,3
71,放心,fàngxīn,yên tâm,assured,请你放心。,Qǐng nǐ fàngxīn.,Xin bạn yên tâm.,Please rest assured.,3
72,分,fēn,"phút, phân","minute, fraction",我们八点十分出发。,Wǒmen bā diǎn shí fēn chūfā.,Chúng ta khởi hành lúc tám giờ mười phút.,We leave at ten past eight.,3
73,附近,fùjìn,"gần đây, vùng lân cận","nearby, neighborhood",我家附近有公园。,Wǒ jiā fùjìn yǒu gōngyuán.,Gần nhà tôi có công viên.,There is a park near my house.,3
74,复习,fùxí,ôn tập,review,我需要复习功课。,Wǒ xūyào fùxí gōngkè.,Tôi cần ôn bài.,I need to review my lessons.,3
75,干净,gānjìng,sạch sẽ,clean,房间很干净。,Fángjiān hěn gānjìng.,Phòng rất sạch sẽ.,The room is very clean.,3
76,敢,gǎn,dám,dare,我敢说你是对的。,Wǒ gǎn shuō nǐ shì duì de.,Tôi dám nói bạn đúng.,I dare say you are right.,3
77,感冒,gǎnmào,"cảm mạo, cảm lạnh",cold,他感冒了，不能来。,"Tā gǎnmào le, bùnéng lái.","Anh ấy bị cảm, không thể đến.",He has a cold and can't come.,3
78,刚才,gāngcái,vừa mới,just,刚才我看见他了。,Gāngcái wǒ kànjiàn tā le.,Vừa rồi tôi đã nhìn thấy anh ấy.,I saw him just now.,3
79,跟,gēn,cùng với,with,我跟他一起去。,Wǒ gēn tā yīqǐ qù.,Tôi đi cùng anh ấy.,I go with him.,3
80,根据,gēnjù,căn cứ vào,based on,根据天气预报，今天会下雨。,"Gēnjù tiānqì yùbào, jīntiān huì xiàyǔ.","Theo dự báo thời tiết, hôm nay sẽ mưa.","According to the weather forecast, it will rain today.",3
81,更,gèng,"hơn, càng","more, more",她比我更高。,Tā bǐ wǒ gèng gāo.,Cô ấy cao hơn tôi.,She is taller than me.,3
82,公园,gōngyuán,công viên,park,我喜欢去公园散步。,Wǒ xǐhuān qù gōngyuán sànbù.,Tôi thích đi dạo trong công viên.,I like walking in the park.,3
83,故事,gùshì,câu chuyện,story,这个故事很有趣。,Zhège gùshì hěn yǒuqù.,Câu chuyện này rất thú vị.,This story is very interesting.,3
84,刮风,guā fēng,gió thổi,wind blows,今天刮风了。,Jīntiān guāfēng le.,Hôm nay gió thổi mạnh.,The wind is blowing hard today.,3
85,关,guān,"đóng, tắt","close, turn off",请关门。,Qǐng guān mén.,Vui lòng đóng cửa.,Please close the door.,3
86,关系,guānxì,quan hệ,relationship,我们是好朋友，关系很好。,"Wǒmen shì hǎo péngyǒu, guānxì hěn hǎo.","Chúng tôi là bạn tốt, quan hệ rất tốt.","We are good friends, very good relationship.",3
87,关心,guānxīn,quan tâm,care about,她很关心我。,Tā hěn guānxīn wǒ.,Cô ấy rất quan tâm đến tôi.,She cares about me a lot.,3
88,关于,guānyú,về (liên quan đến),about (relating to),这是关于旅行的书。,Zhè shì guānyú lǚxíng de shū.,Đây là cuốn sách về du lịch.,This is a book about travel.,3
89,国家,guójiā,quốc gia,nation,我爱我的国家。,Wǒ ài wǒ de guójiā.,Tôi yêu đất nước của tôi.,I love my country.,3
90,果汁,guǒzhī,nước ép trái cây,fruit juice,请给我一杯果汁。,Qǐng gěi wǒ yī bēi guǒzhī.,Vui lòng cho tôi một ly nước ép.,Please give me a glass of juice.,3
91,过去,guòqù,quá khứ,past,我们过去是同学。,Wǒmen guòqù shì tóngxué.,Chúng tôi từng là bạn học.,We used to be school friends.,3
92,还是,háishì,"vẫn còn, hay là","still, or is it",你还是学生吗？,Nǐ háishì xuéshēng ma?,Bạn vẫn là học sinh à?,Are you still a student?,3
93,害怕,hàipà,sợ,scared,我害怕黑暗。,Wǒ hàipà hēi'àn.,Tôi sợ bóng tối.,I'm afraid of the dark.,3
94,河,hé,sông,river,河边有很多花。,Hé biān yǒu hěn duō huā.,Bên bờ sông có nhiều hoa.,There are many flowers on the river bank.,3
95,黑板,hēibǎn,bảng,board,请在黑板上写字。,Qǐng zài hēibǎn shàng xiězì.,Vui lòng viết lên bảng.,Please write on the board.,3
96,护照,hùzhào,hộ chiếu,passport,我需要护照去旅行。,Wǒ xūyào hùzhào qù lǚxíng.,Tôi cần hộ chiếu để đi du lịch.,I need a passport to travel.,3
97,花,huā,"hoa, tiêu (tiền, thời gian)","spend (money, time)",这里的花开得很美。,Zhèlǐ de huā kāi de hěn měi.,Hoa ở đây nở rất đẹp.,The flowers here bloom beautifully.,3
98,花园,huāyuán,vườn hoa,flower garden,我们在花园里玩。,Wǒmen zài huāyuán lǐ wán.,Chúng tôi chơi trong vườn hoa.,We play in the flower garden.,3
99,画,huà,"vẽ, tranh",draw a picture,他喜欢画画儿。,Tā xǐhuān huà huàr.,Anh ấy thích vẽ tranh.,He likes drawing.,3
100,坏,huài,"hỏng, xấu","broken, bad",我的手机坏了。,Wǒ de shǒujī huài le.,Điện thoại của tôi bị hỏng rồi.,My phone is broken.,3
101,还,huán,"trả lại, hoàn","return, refund",你什么时候把钱还给我?,Nǐ shénme shíhòu bǎ qián huán gěi wǒ?,Khi nào bạn trả tiền cho tôi?,When will you pay me?,3
102,环境,huánjìng,môi trường,environment,我喜欢安静的环境。,Wǒ xǐhuān ānjìng de huánjìng.,Tôi thích môi trường yên tĩnh.,I like quiet environment.,3
103,换,huàn,đổi,change,我想换工作。,Wǒ xiǎng huàn gōngzuò.,Tôi muốn đổi công việc.,I want to change jobs.,3
104,黄,huáng,màu vàng,yellow,这条裙子是黄色的。,Zhè tiáo qúnzi shì huángsè de.,Chiếc váy này màu vàng.,This dress is yellow.,3
105,会议,huìyì,"hội nghị, cuộc họp","conference, meeting",会议将在下午三点开始。,Huìyì jiāng zài xiàwǔ sān diǎn kāishǐ.,Cuộc họp sẽ bắt đầu lúc ba giờ chiều.,The meeting will start at three o'clock.,3
106,或者,huòzhě,hoặc là,or,你可以选择苹果或者香蕉。,Nǐ kěyǐ xuǎnzé píngguǒ huòzhě xiāngjiāo.,Bạn có thể chọn táo hoặc chuối.,You can choose apple or banana.,3
107,机会,jīhuì,cơ hội,opportunity,这是一个好机会。,Zhè shì yīgè hǎo jīhuì.,Đây là một cơ hội tốt.,This is a good opportunity.,3
108,几乎,jīhū,"hầu như, gần như",almost,他几乎每天都锻炼。,Tā jīhū měitiān dōu duànliàn.,Anh ấy hầu như tập thể dục mỗi ngày.,He exercises almost every day.,3
109,极,jí,cực kỳ,extremely,这个菜的味道好极了。,Zhège cài de wèidào hǎo jí le.,Mùi vị của món ăn này cực kỳ ngon.,The taste of this dish is extremely delicious.,3
110,记得,jìdé,"nhớ, nhớ đến",remember,请记得带钥匙。,Qǐng jìdé dài yàoshi.,Hãy nhớ mang theo chìa khóa.,Remember to bring your keys.,3
111,季节,jìjié,mùa,season,我最喜欢的季节是春天。,Wǒ zuì xǐhuān de jìjié shì chūntiān.,Mùa yêu thích của tôi là mùa xuân.,My favorite season is spring.,3
112,检查,jiǎnchá,kiểm tra,check,老师检查了我们的作业。,Lǎoshī jiǎnchá le wǒmen de zuòyè.,Thầy giáo đã kiểm tra bài tập của chúng tôi.,The teacher checked our homework.,3
113,简单,jiǎndān,đơn giản,simple,这个问题很简单。,Zhège wèntí hěn jiǎndān.,Câu hỏi này rất đơn giản.,This question is very simple.,3
114,健康,jiànkāng,khỏe mạnh,healthy,健康比什么都重要。,Jiànkāng bǐ shénme dōu zhòngyào.,Sức khỏe quan trọng hơn mọi thứ.,Health is more important than anything.,3
115,见面,jiànmiàn,gặp mặt,meet,我们明天见面吧。,Wǒmen míngtiān jiànmiàn ba.,Chúng ta gặp nhau vào ngày mai nhé.,See you tomorrow.,3
116,讲,jiǎng,"nói, giảng","speak, teach",他喜欢讲故事。,Tā xǐhuān jiǎng gùshì.,Anh ấy thích kể chuyện.,He loves telling stories.,3
117,教,jiāo,dạy,teach,他教我们汉语。,Tā jiāo wǒmen Hànyǔ.,Anh ấy dạy chúng tôi tiếng Trung.,He teaches us Chinese.,3
118,角,jiǎo,góc,corner,猫在桌子的角落里。,Māo zài zhuōzi de jiǎoluò lǐ.,Con mèo ở góc bàn.,The cat is on the corner of the table.,3
119,脚,jiǎo,chân,foot,我的脚很疼。,Wǒ de jiǎo hěn téng.,Chân tôi rất đau.,My leg hurts so much.,3
120,接,jiē,"nhận, tiếp",receive,请接电话。,Qǐng jiē diànhuà.,Vui lòng nghe điện thoại.,Please answer the phone.,3
121,街道,jiēdào,đường phố,street,这条街道很宽。,Zhè tiáo jiēdào hěn kuān.,Con đường này rất rộng.,This road is very wide.,3
122,结婚,jiéhūn,kết hôn,marry,他们结婚了。,Tāmen jiéhūn le.,Họ đã kết hôn.,They got married.,3
123,结束,jiéshù,kết thúc,end,会议结束了。,Huìyì jiéshù le.,Cuộc họp đã kết thúc.,The meeting is over.,3
124,节目,jiémù,chương trình,programme,我喜欢这个节目。,Wǒ xǐhuān zhège jiémù.,Tôi thích chương trình này.,I like this show.,3
125,节日,jiérì,ngày lễ,holiday,春节是中国的传统节日。,Chūnjié shì Zhōngguó de chuántǒng jiérì.,Tết Nguyên Đán là ngày lễ truyền thống của Trung Quốc.,Lunar New Year is a traditional Chinese holiday.,3
126,解决,jiějué,giải quyết,handle,我们需要解决这个问题。,Wǒmen xūyào jiějué zhège wèntí.,Chúng ta cần giải quyết vấn đề này.,We need to address this issue.,3
127,借,jiè,mượn,borrow,我可以借你的书吗？,Wǒ kěyǐ jiè nǐ de shū ma?,Tôi có thể mượn sách của bạn không?,Can I borrow your book?,3
128,经常,jīngcháng,thường xuyên,frequent,我经常去图书馆。,Wǒ jīngcháng qù túshūguǎn.,Tôi thường xuyên đến thư viện.,I often go to the library.,3
129,经过,jīngguò,trải qua,undergo,他经过我家门口。,Tā jīngguò wǒ jiā ménkǒu.,Anh ấy đi qua cửa nhà tôi.,He walked past my door.,3
130,经历,jīnglì,kinh nghiệm,experience,这是一段难忘的经历。,Zhè shì yī duàn nánwàng de jīnglì.,Đây là một trải nghiệm khó quên.,This was an unforgettable experience.,3
131,久,jiǔ,lâu,long,我等了很久。,Wǒ děng le hěn jiǔ.,Tôi đã đợi rất lâu.,I have waited for a long time.,3
132,旧,jiù,cũ,old,这本书很旧。,Zhè běn shū hěn jiù.,Cuốn sách này rất cũ.,This book is very old.,3
133,举行,jǔxíng,tổ chức,organization,学校将举行运动会。,Xuéxiào jiāng jǔxíng yùndònghuì.,Trường sẽ tổ chức đại hội thể thao.,The school will hold a sports meet.,3
134,句子,jùzi,câu,sentence,请你用这个词语造句子。,Qǐng nǐ yòng zhège cíyǔ zào jùzi.,Vui lòng dùng từ này để tạo câu.,Please use this word to create a sentence.,3
135,决定,juédìng,quyết định,decision,我决定明天去旅行。,Wǒ juédìng míngtiān qù lǚxíng.,Tôi quyết định đi du lịch vào ngày mai.,I decided to go traveling tomorrow.,3
136,可爱,kě'ài,đáng yêu,lovely,这只猫很可爱。,Zhè zhǐ māo hěn kě'ài.,Con mèo này rất dễ thương.,This cat is so cute.,3
137,刻,kè,khắc (15 phút),engraving (15 minutes),八点一刻我来。,Bā diǎn yí kè wǒ lái.,8 giờ 15 phút tôi tới.,I arrive at 8:15.,3
138,客人,kèrén,khách,guest,客人已经来了。,Kèrén yǐjīng lái le.,Khách đã đến rồi.,The guests have arrived.,3
139,空调,kòngtiáo,máy điều hòa,air conditioner,房间里有空调。,Fángjiān lǐ yǒu kòngtiáo.,Trong phòng có điều hòa.,There is air conditioning in the room.,3
140,口,kǒu,"miệng, khẩu",mouth,瓶子口上贴着一张纸。,Píngzi kǒu shàng tiē zhe yì zhāng zhǐ.,Trên miệng chai có dán 1 tờ giấy.,There is a piece of paper stuck on the mouth of the bottle.,3
141,哭,kū,khóc,cry,孩子们在哭。,Háizimen zài kū.,Bọn trẻ đang khóc.,The children are crying.,3
142,裤子,kùzi,quần,trousers,他穿了一条新裤子。,Tā chuān le yī tiáo xīn kùzi.,Anh ấy mặc một chiếc quần mới.,He is wearing a new pair of pants.,3
143,筷子,kuàizi,đũa,chopsticks,我用筷子吃饭。,Wǒ yòng kuàizi chīfàn.,Tôi dùng đũa để ăn cơm.,I use chopsticks to eat rice.,3
144,蓝,lán,màu xanh,green,天空是蓝色的。,Tiānkōng shì lánsè de.,Bầu trời màu xanh.,The sky is blue.,3
145,老,lǎo,"già, cũ",old,他是个老朋友。,Tā shì gè lǎo péngyǒu.,Anh ấy là bạn cũ.,He is an old friend.,3
146,离开,líkāi,rời khỏi,leave,他已经离开了。,Tā yǐjīng líkāi le.,Anh ấy đã rời đi rồi.,He has left.,3
147,礼物,lǐwù,quà,gift,这是我的生日礼物。,Zhè shì wǒ de shēngrì lǐwù.,Đây là quà sinh nhật của tôi.,This is my birthday present.,3
148,历史,lìshǐ,lịch sử,history,他喜欢学习历史。,Tā xǐhuān xuéxí lìshǐ.,Anh ấy thích học lịch sử.,He likes studying history.,3
149,脸,liǎn,mặt,face,她的脸很漂亮。,Tā de liǎn hěn piàoliang.,Khuôn mặt cô ấy rất đẹp.,Her face is very beautiful.,3
150,练习,liànxí,luyện tập,practice,我每天练习中文。,Wǒ měitiān liànxí Zhōngwén.,Tôi luyện tập tiếng Trung mỗi ngày.,I practice Chinese every day.,3
151,辆,liàng,chiếc (xe),the (car),他有一辆新车。,Tā yǒu yī liàng xīn chē.,Anh ấy có một chiếc xe mới.,He has a new car.,3
152,了解,liǎojiě,hiểu rõ,clearly understand,我了解你的意思。,Wǒ liǎojiě nǐ de yìsi.,Tôi hiểu ý của bạn.,I see what you mean.,3
153,邻居,línjū,hàng xóm,neighbor,我的邻居很友好。,Wǒ de línjū hěn yǒuhǎo.,Hàng xóm của tôi rất thân thiện.,My neighbors are very friendly.,3
154,楼,lóu,tòa nhà,building,我们住在三楼。,Wǒmen zhù zài sān lóu.,Chúng tôi sống ở tầng ba.,We live on the third floor.,3
155,马,mǎ,con ngựa,horse,马跑得很快。,Mǎ pǎo de hěn kuài.,Con ngựa chạy rất nhanh.,The horse runs very fast.,3
156,马上,mǎshàng,ngay lập tức,right away,我马上就来。,Wǒ mǎshàng jiù lái.,Tôi sẽ đến ngay.,I'll be there soon.,3
157,满意,mǎnyì,hài lòng,satisfied,我对结果很满意。,Wǒ duì jiéguǒ hěn mǎnyì.,Tôi rất hài lòng với kết quả.,I am very satisfied with the results.,3
158,帽子,màozi,mũ,hat,这顶帽子很漂亮。,Zhè dǐng màozi hěn piàoliang.,Chiếc mũ này rất đẹp.,This hat is very beautiful.,3
159,米,mǐ,"gạo, mét","rice, meter",我吃了一碗米饭。,Wǒ chī le yī wǎn mǐfàn.,Tôi đã ăn một bát cơm.,I ate a bowl of rice.,3
160,面包,miànbāo,bánh mì,bread,我每天早餐都吃面包。,Wǒ měitiān zǎocān dōu chī miànbāo.,Tôi ăn bánh mì vào bữa sáng mỗi ngày.,I eat bread for breakfast every day.,3
161,面条,miàntiáo,mì sợi,noodles,他喜欢吃面条。,Tā xǐhuān chī miàntiáo.,Anh ấy thích ăn mì.,He likes eating noodles.,3
162,明白,míngbái,hiểu rõ,clearly understand,我明白你的意思。,Wǒ míngbái nǐ de yìsi.,Tôi hiểu ý của bạn.,I see what you mean.,3
163,拿,ná,"cầm, lấy","hold, take",请你帮我拿一下书。,Qǐng nǐ bāng wǒ ná yīxià shū.,Vui lòng giúp tôi cầm sách một chút.,Please help me carry the book.,3
164,奶奶,nǎinai,bà nội,paternal grandmother,我奶奶住在乡下。,Wǒ nǎinai zhù zài xiāngxià.,Bà nội của tôi sống ở quê.,My grandmother lives in the countryside.,3
165,南,nán,phía nam,south,我们往南走。,Wǒmen wǎng nán zǒu.,Chúng ta đi về hướng nam.,We go south.,3
166,难,nán,khó,difficult,这个问题很难。,Zhège wèntí hěn nán.,Vấn đề này rất khó.,This problem is very difficult.,3
167,难过,nánguò,buồn,Sad,他听到这个消息很难过。,Tā tīngdào zhège xiāoxi hěn nánguò.,Anh ấy rất buồn khi nghe tin này.,He was very sad to hear the news.,3
168,年级,niánjí,"lớp, năm học","class, school year",我今年上三年级。,Wǒ jīnnián shàng sān niánjí.,Năm nay tôi học lớp ba.,I am in third grade this year.,3
169,年轻,niánqīng,trẻ,young,她很年轻。,Tā hěn niánqīng.,Cô ấy rất trẻ.,She is very young.,3
170,鸟,niǎo,chim,bird,树上有很多鸟。,Shù shàng yǒu hěn duō niǎo.,Trên cây có nhiều chim.,There are many birds on the tree.,3
171,努力,nǔlì,"nỗ lực, chăm chỉ","effort, hard work",他学习很努力。,Tā xuéxí hěn nǔlì.,Anh ấy học rất chăm chỉ.,He studies very hard.,3
172,爬山,páshān,leo núi,climbing,周末我们去爬山吧。,Zhōumò wǒmen qù páshān ba.,Cuối tuần chúng ta đi leo núi nhé.,Let's go hiking this weekend.,3
173,盘子,pánzi,đĩa,plate,请把盘子放在桌子上。,Qǐng bǎ pánzi fàng zài zhuōzi shàng.,Vui lòng đặt đĩa lên bàn.,Please put the plate on the table.,3
174,胖,pàng,béo,fat,这个小孩有点儿胖。,Zhège xiǎohái yǒudiǎnr pàng.,Đứa trẻ này hơi mập.,This child is a bit chubby.,3
175,啤酒,píjiǔ,bia,beer,我不喝啤酒。,Wǒ bù hē píjiǔ.,Tôi không uống bia.,I don't drink beer.,3
176,葡萄,pútao,nho,grape,我喜欢吃葡萄。,Wǒ xǐhuān chī pútáo.,Tôi thích ăn nho.,I like eating grapes.,3
177,普通话,pǔtōnghuà,tiếng Phổ thông (tiếng Trung chuẩn),Mandarin (Standard Chinese),他说普通话说得很流利。,Tā shuō Pǔtōnghuà shuō de hěn liúlì.,Anh ấy nói tiếng Phổ thông rất lưu loát.,He speaks Mandarin fluently.,3
178,骑,qí,"cưỡi, đi (xe đạp, xe máy)","ride, go (bicycle, motorbike)",我喜欢骑自行车。,Wǒ xǐhuān qí zìxíngchē.,Tôi thích đi xe đạp.,I like cycling.,3
179,其实,qíshí,thực ra,actually,其实我不太喜欢吃辣。,Qíshí wǒ bù tài xǐhuān chī là.,Thật ra tôi không thích ăn cay lắm.,Actually I don't like spicy food very much.,3
180,其他,qítā,khác,other,其他人都已经走了。,Qítā rén dōu yǐjīng zǒu le.,Những người khác đều đã đi rồi.,The others have all gone.,3
181,奇怪,qíguài,kỳ lạ,strange,这个事情很奇怪。,Zhège shìqíng hěn qíguài.,Chuyện này rất kỳ lạ.,This is very strange.,3
182,铅笔,qiānbǐ,bút chì,pencil,我需要一支铅笔。,Wǒ xūyào yī zhī qiānbǐ.,Tôi cần một cây bút chì.,I need a pencil.,3
183,清楚,qīngchǔ,rõ ràng,clear,我不太清楚他的名字。,Wǒ bù tài qīngchǔ tā de míngzi.,Tôi không rõ tên của anh ấy lắm.,I'm not sure about his name.,3
184,秋,qiū,mùa thu,autumn,秋天是我最喜欢的季节。,Qiūtiān shì wǒ zuì xǐhuān de jìjié.,Mùa thu là mùa tôi thích nhất.,Autumn is my favorite season.,3
185,裙子,qúnzi,váy,dress,她穿了一条红色的裙子。,Tā chuān le yī tiáo hóngsè de qúnzi.,Cô ấy mặc một chiếc váy đỏ.,She is wearing a red dress.,3
186,然后,ránhòu,sau đó,Later,我们吃完饭然后去看电影。,Wǒmen chī wán fàn ránhòu qù kàn diànyǐng.,Chúng tôi ăn xong rồi đi xem phim.,We finished eating and then went to the movies.,3
187,热情,rèqíng,nhiệt tình,enthusiasm,他对人很热情。,Tā duì rén hěn rèqíng.,Anh ấy rất nhiệt tình với mọi người.,He is very enthusiastic with everyone.,3
188,认为,rènwéi,cho rằng,assume,我认为他是对的。,Wǒ rènwéi tā shì duì de.,Tôi cho rằng anh ấy đúng.,I think he is right.,3
189,认真,rènzhēn,nghiêm túc,serious,她学习很认真。,Tā xuéxí hěn rènzhēn.,Cô ấy học rất chăm chỉ.,She studies very hard.,3
190,容易,róngyì,dễ dàng,easy,这个问题很容易解决。,Zhège wèntí hěn róngyì jiějué.,Vấn đề này rất dễ giải quyết.,This problem is very easy to solve.,3
191,如果,rúguǒ,nếu như,if,如果你有时间，请来我家。,"Rúguǒ nǐ yǒu shíjiān, qǐng lái wǒ jiā.","Nếu bạn có thời gian, xin hãy đến nhà tôi.","If you have time, please come to my house.",3
192,伞,sǎn,"ô, dù",umbrella,下雨了，带上伞吧。,"Xiàyǔ le, dài shàng sǎn ba.","Trời mưa rồi, mang ô đi nhé.","It's raining, take an umbrella.",3
193,上网,shàngwǎng,lên mạng,go online,我喜欢上网看新闻。,Wǒ xǐhuān shàngwǎng kàn xīnwén.,Tôi thích lên mạng đọc tin tức.,I like to go online to read the news.,3
194,生气,shēngqì,giận dữ,furious,她生气了，因为你迟到了。,"Tā shēngqì le, yīnwèi nǐ chídào le.",Cô ấy tức giận vì bạn đến muộn.,She is angry because you are late.,3
195,声音,shēngyīn,âm thanh,sound,我听不到他的声音。,Wǒ tīng bú dào tā de shēngyīn.,Tôi không nghe thấy giọng của anh ấy.,I can't hear his voice.,3
196,使,shǐ,"khiến, làm cho",make,他使我非常生气。,Tā shǐ wǒ fēicháng shēngqì.,Anh ất làm tôi cực kỳ tức giận.,He makes me extremely angry.,3
197,世界,shìjiè,thế giới,world,世界很大。,Shìjiè hěn dà.,Thế giới rất rộng lớn.,The world is very big.,3
198,瘦,shòu,gầy,thin,我觉得他越来越瘦了。,Wǒ juéde tā yuè lái yuè shòu le.,Tôi cảm thấy anh ấy ngày càng gầy.,I feel he is getting thinner.,3
199,舒服,shūfu,thoải mái,comfortable,这张椅子很舒服。,Zhè zhāng yǐzi hěn shūfu.,Cái ghế này rất thoải mái.,This chair is very comfortable.,3
200,叔叔,shūshu,chú,uncle,我的叔叔很高。,Wǒ de shūshu hěn gāo.,Chú của tôi rất cao.,My uncle is very tall.,3
201,树,shù,cây,tree,树上的鸟在唱歌。,Shù shàng de niǎo zài chànggē.,Con chim trên cây đang hót.,The bird in the tree is singing.,3
202,数学,shùxué,toán học,mathematics,他数学很好。,Tā shùxué hěn hǎo.,Anh ấy giỏi toán.,He is good at math.,3
203,刷牙,shuāyá,đánh răng,brush one's teeth,我每天刷两次牙。,Wǒ měitiān shuā liǎng cì yá .,Tôi đánh răng hai lần mỗi ngày.,I brush my teeth twice a day.,3
204,双,shuāng,đôi,pair,我买了一双鞋。,Wǒ mǎi le yī shuāng xié.,Tôi đã mua một đôi giày.,I bought a pair of shoes.,3
205,水平,shuǐpíng,trình độ,level,他的游泳水平很高。,Tā de yóuyǒng shuǐpíng hěn gāo.,Trình độ bơi của anh ấy rất cao.,His swimming skills are very high.,3
206,司机,sījī,"lái xe, tài xế",driver,他是我们的司机。,Tā shì wǒmen de sījī.,Anh ấy là tài xế của chúng tôi.,He is our driver.,3
207,虽然,suīrán,tuy rằng,although,虽然他很忙，但他还是来了。,"Suīrán tā hěn máng, dàn tā háishì lái le.","Mặc dù anh ấy rất bận, nhưng anh ấy vẫn đến.","Even though he was very busy, he still came.",3
208,太阳,tàiyáng,mặt trời,sun,太阳出来了。,Tàiyáng chū lái le.,Mặt trời đã mọc.,The sun has risen.,3
209,糖,táng,"kẹo, đường",candy,我不喜欢吃糖。,Wǒ bù xǐhuān chī táng.,Tôi không thích ăn kẹo.,I don't like eating candy.,3
210,特别,tèbié,đặc biệt,special,他特别喜欢跑步。,Tā tèbié xǐhuān pǎobù.,Anh ấy đặc biệt thích chạy bộ.,He is especially fond of jogging.,3
211,疼,téng,đau,painful,我的头很疼。,Wǒ de tóu hěn téng.,Đầu tôi rất đau.,My head hurts so much.,3
212,提高,tígāo,nâng cao,advanced,我们要提高汉语水平。,Wǒmen yào tígāo hànyǔ shuǐpíng.,Chúng ta cần nâng cao trình độ tiếng Trung.,We need to improve our Chinese.,3
213,体育,tǐyù,"thể dục, thể thao",sports,我喜欢体育运动。,Wǒ xǐhuān tǐyù yùndòng.,Tôi thích các hoạt động thể thao.,I like sports activities.,3
214,甜,tián,ngọt,sweet,这个蛋糕很甜。,Zhège dàngāo hěn tián.,Cái bánh này rất ngọt.,This cake is very sweet.,3
215,条,tiáo,"sợi, cái","thread, piece",他买了一条裤子。,Tā mǎi le yī tiáo kùzi.,Anh ấy đã mua một chiếc quần.,He bought a pair of pants.,3
216,同事,tóngshì,đồng nghiệp,colleague,他是我的同事。,Tā shì wǒ de tóngshì.,Anh ấy là đồng nghiệp của tôi.,He is my colleague.,3
217,同意,tóngyì,đồng ý,Agree,我同意你的看法。,Wǒ tóngyì nǐ de kànfǎ.,Tôi đồng ý với quan điểm của bạn.,I agree with your point.,3
218,头发,tóufa,tóc,hair,她的头发很长。,Tā de tóufa hěn cháng.,Tóc của cô ấy rất dài.,Her hair is very long.,3
219,突然,tūrán,đột nhiên,suddenly,他突然离开了。,Tā tūrán líkāi le.,Anh ấy đột nhiên rời đi.,He left suddenly.,3
220,图书馆,túshūguǎn,thư viện,library,我们去图书馆看书吧。,Wǒmen qù túshūguǎn kànshū ba.,Chúng ta đến thư viện đọc sách nhé.,Let's go to the library to read books.,3
221,腿,tuǐ,chân,foot,他的腿很长。,Tā de tuǐ hěn cháng.,Chân của anh ấy rất dài.,His legs are very long.,3
222,完成,wánchéng,hoàn thành,complete,我完成了作业。,Wǒ wánchéng le zuòyè.,Tôi đã hoàn thành bài tập.,I have finished my homework.,3
223,碗,wǎn,bát,bowl,他吃了三碗饭。,Tā chī le sān wǎn fàn.,Anh ấy đã ăn ba bát cơm.,He ate three bowls of rice.,3
224,万,wàn,"vạn, mười nghìn",ten thousand,一万个人参加了比赛。,Yī wàn gè rén cānjiā le bǐsài.,Mười nghìn người đã tham gia cuộc thi.,Ten thousand people entered the contest.,3
225,忘记,wàngjì,quên,forget,请不要忘记带书。,Qǐng bùyào wàngjì dài shū.,Vui lòng đừng quên mang sách.,Please don't forget to bring your books.,3
226,位,wèi,"vị, ngài","you, sir",请坐在这位先生旁边。,Qǐng zuò zài zhè wèi xiānshēng pángbiān.,Xin ngồi bên cạnh ông này.,Please sit next to this man.,3
227,为,wèi,vì,because,我为你感到骄傲。,Wǒ wèi nǐ gǎndào jiāo'ào.,Tôi tự hào về bạn.,I am proud of you.,3
228,为了,wèile,"để, vì","to, because",我来中国是为了学习汉语。,Wǒ lái Zhōngguó shì wèile xuéxí hànyǔ .,Tôi đến Trung Quốc để học tiếng Trung.,I came to China to learn Chinese.,3
229,文化,wénhuà,văn hóa,culture,他对中国文化很感兴趣。,Tā duì Zhōngguó wénhuà hěn gǎn xìngqù.,Anh ấy rất quan tâm đến văn hóa Trung Quốc.,He is very interested in Chinese culture.,3
230,西,xī,phía tây,west,我住在西边。,Wǒ zhù zài xībiān.,Tôi sống ở phía tây.,I live in the west.,3
231,习惯,xíguàn,thói quen,habit,他习惯早起。,Tā xíguàn zǎoqǐ.,Anh ấy quen dậy sớm.,He is used to getting up early.,3
232,洗手间,xǐshǒujiān,nhà vệ sinh,toilet,洗手间在那边。,Xǐshǒujiān zài nà biān.,Nhà vệ sinh ở đằng kia.,The bathroom is over there.,3
233,洗澡,xǐzǎo,tắm,take a shower,我每天早上都洗澡。,Wǒ měitiān zǎoshang dōu xǐzǎo.,Tôi đều tắm vào mỗi buổi sáng.,I take a shower every morning.,3
234,喜欢,xǐhuān,thích,prefer,我喜欢这个颜色。,Wǒ xǐhuān zhège yánsè.,Tôi thích màu này.,I like this color.,3
235,现在,xiànzài,hiện,presently,现在是八点。,Xiànzài shì bā diǎn.,Bây giờ là tám giờ.,It is eight o'clock now.,3
236,香蕉,xiāngjiāo,chuối,banana,香蕉是黄色的。,Xiāngjiāo shì huángsè de.,Chuối có màu vàng.,Bananas are yellow.,3
237,相同,xiāngtóng,giống nhau,alike,我们的看法相同。,Wǒmen de kànfǎ xiāngtóng.,Quan điểm của chúng tôi giống nhau.,Our views are the same.,3
238,相信,xiāngxìn,tin tưởng,trust,我相信他的话。,Wǒ xiāngxìn tā de huà.,Tôi tin lời anh ấy.,I believe him.,3
239,像,xiàng,giống,alike,他像他爸爸一样高。,Tā xiàng tā bàba yīyàng gāo.,Anh ấy cao giống như bố của mình.,He is tall like his father.,3
240,小心,xiǎoxīn,cẩn thận,careful,请小心地走路。,Qǐng xiǎoxīn de zǒulù.,Vui lòng đi bộ cẩn thận.,Please walk carefully.,3
241,校长,xiàozhǎng,hiệu trưởng,principal,校长在办公室工作。,Xiàozhǎng zài bàngōngshì gōngzuò.,Hiệu trưởng làm việc trong văn phòng.,The principal works in the office.,3
242,鞋,xié,giày,shoe,我买了一双新鞋。,Wǒ mǎi le yī shuāng xīn xié.,Tôi đã mua một đôi giày mới.,I bought a new pair of shoes.,3
243,新闻,xīnwén,tin tức,news,我每天都看新闻。,Wǒ měitiān dōu kàn xīnwén.,Tôi xem tin tức mỗi ngày.,I watch the news every day.,3
244,新鲜,xīnxiān,tươi mới,fresh,这些水果很新鲜。,Zhèxiē shuǐguǒ hěn xīnxiān.,Những loại trái cây này rất tươi.,These fruits are very fresh.,3
245,信,xìn,"thư, tin tưởng","letter, trust",我给你写了一封信。,Wǒ gěi nǐ xiě le yī fēng xìn.,Tôi đã viết cho bạn một bức thư.,I wrote you a letter.,3
246,行李箱,xínglǐxiāng,vali,suitcase,我的行李箱很重。,Wǒ de xínglǐxiāng hěn zhòng.,Vali của tôi rất nặng.,My suitcase is very heavy.,3
247,兴趣,xìngqù,hứng thú,interest,我对中国文化有兴趣。,Wǒ duì Zhōngguó wénhuà yǒu xìngqù.,Tôi có hứng thú với văn hóa Trung Quốc.,I am interested in Chinese culture.,3
248,熊猫,xióngmāo,gấu trúc,panda,熊猫是中国的国宝。,Xióngmāo shì Zhōngguó de guóbǎo.,Gấu trúc là báu vật quốc gia của Trung Quốc.,Pandas are China's national treasure.,3
249,需要,xūyào,cần,need,我需要一杯水。,Wǒ xūyào yī bēi shuǐ.,Tôi cần một cốc nước.,I need a glass of water.,3
250,选择,xuǎnzé,lựa chọn,select,你可以选择一个礼物。,Nǐ kěyǐ xuǎnzé yī gè lǐwù.,Bạn có thể chọn một món quà.,You can choose a gift.,3
251,眼镜,yǎnjìng,kính,glasses,他戴着一副眼镜。,Tā dài zhe yī fù yǎnjìng.,Anh ấy đang đeo một chiếc kính.,He is wearing glasses.,3
252,要求,yāoqiú,yêu cầu,request,老师对学生有很高的要求。,Lǎoshī duì xuéshēng yǒu hěn gāo de yāoqiú.,Giáo viên có yêu cầu rất cao đối với học sinh.,Teachers have very high demands on their students.,3
253,爷爷,yéye,ông nội,grandfather,我爷爷很喜欢看书。,Wǒ yéye hěn xǐhuān kàn shū.,Ông của tôi rất thích đọc sách.,My grandfather loves reading books.,3
254,一定,yīdìng,nhất định,certain,我一定会努力学习。,Wǒ yídìng huì nǔlì xuéxí.,Tôi chắc chắn sẽ học chăm chỉ.,I will definitely study hard.,3
255,一共,yīgòng,tổng cộng,total,我们一共有五个人。,Wǒmen yígòng yǒu wǔ gè rén.,Chúng tôi có tổng cộng năm người.,There were five of us in total.,3
256,一会儿,yīhuìr,một lát,a moment,请等我一会儿。,Qǐng děng wǒ yíhuìr.,Xin hãy đợi tôi một lát.,Please wait a moment.,3
257,一样,yīyàng,giống nhau,alike,他们和我们一样高。,Tāmen hé wǒmen yīyàng gāo.,Họ cao bằng chúng tôi.,They are as tall as us.,3
258,以后,yǐhòu,sau này,after that,我以后再来。,Wǒ yǐhòu zài lái.,Tôi sẽ đến sau.,I will come later.,3
259,以前,yǐqián,trước đây,before,我以前住在北京。,Wǒ yǐqián zhù zài Běijīng.,Tôi đã từng sống ở Bắc Kinh.,I used to live in Beijing.,3
260,以为,yǐwéi,cho rằng,assume,我以为你不来了。,Wǒ yǐwéi nǐ bù lái le.,Tôi tưởng rằng bạn không đến.,I thought you weren't coming.,3
261,一般,yībān,thông thường,normally,这个饭馆很一般。,Zhège fànguǎn hěn yībān.,Nhà hàng này rất bình thường.,This restaurant is very ordinary.,3
262,一边,yībiān,vừa ... vừa ...,just...just...,他一边吃饭一边看电视。,Tā yìbiān chīfàn yìbiān kàn diànshì.,Anh ấy vừa ăn vừa xem TV.,He ate while watching TV.,3
263,一直,yīzhí,luôn luôn,always,他一直在学习。,Tā yìzhí zài xuéxí.,Anh ấy luôn luôn học tập.,He is always studying.,3
264,音乐,yīnyuè,âm nhạc,music,我喜欢听音乐。,Wǒ xǐhuān tīng yīnyuè.,Tôi thích nghe nhạc.,I like listening to music.,3
265,银行,yínháng,ngân hàng,bank,我去银行取钱。,Wǒ qù yínháng qǔ qián.,Tôi đến ngân hàng rút tiền.,I went to the bank to withdraw money.,3
266,应该,yīnggāi,nên,should,你应该多休息。,Nǐ yīnggāi duō xiūxí.,Bạn nên nghỉ ngơi nhiều hơn.,You should rest more.,3
267,影响,yǐngxiǎng,ảnh hưởng,affect,这个电影对我影响很大。,Zhège diànyǐng duì wǒ yǐngxiǎng hěn dà.,Bộ phim này có ảnh hưởng lớn đối với tôi.,This movie had a big impact on me.,3
268,用,yòng,dùng,use,请不要用手机。,Qǐng bùyào yòng shǒujī.,Vui lòng không sử dụng điện thoại.,Please do not use the phone.,3
269,游戏,yóuxì,trò chơi,game,我喜欢玩游戏。,Wǒ xǐhuān wán yóuxì.,Tôi thích chơi trò chơi.,I like playing games.,3
270,又,yòu,"lại, vừa","again, just",他又来了。,Tā yòu lái le.,Anh ấy lại đến.,He comes again.,3
271,有名,yǒumíng,nổi tiếng,famous,他是一个有名的歌手。,Tā shì yī gè yǒumíng de gēshǒu.,Anh ấy là một ca sĩ nổi tiếng.,He is a famous singer.,3
272,遇到,yùdào,gặp phải,encounter,我在路上遇到他了。,Wǒ zài lùshàng yùdào tā le.,Tôi đã gặp anh ấy trên đường.,I met him on the street.,3
273,月亮,yuèliàng,mặt trăng,moon,今天晚上的月亮很圆。,Jīntiān wǎnshang de yuèliàng hěn yuán.,Trăng tối nay rất tròn.,The moon is very full tonight.,3
274,云,yún,mây,cloud,天上的云很美。,Tiānshàng de yún hěn měi.,Mây trên trời rất đẹp.,The clouds in the sky are very beautiful.,3
275,站,zhàn,"đứng, trạm","stand, station",请站在这儿。,Qǐng zhàn zài zhèr.,Xin hãy đứng ở đây.,Please stand here.,3
276,长,zhǎng,dài,long,他长得很高。,Tā zhǎng de hěn gāo.,Anh ấy cao.,He is tall.,3
277,着急,zhāojí,lo lắng,worry,他很着急。,Tā hěn zhāojí.,Anh ấy rất lo lắng.,He is very worried.,3
278,照顾,zhàogu,chăm sóc,take care of,我会照顾你。,Wǒ huì zhàogù nǐ.,Tôi sẽ chăm sóc bạn.,I will take care of you.,3
279,照片,zhàopiàn,bức ảnh,photo,这张照片很好看。,Zhè zhāng zhàopiàn hěn hǎokàn.,Bức ảnh này rất đẹp.,This picture is very beautiful.,3
280,照相机,zhàoxiàngjī,máy ảnh,camera,我有一台新的照相机。,Wǒ yǒu yī tái xīn de zhàoxiàngjī.,Tôi có một chiếc máy ảnh mới.,I have a new camera.,3
281,只,zhǐ,chỉ,only,我只吃了一点儿。,Wǒ zhǐ chī le yīdiǎnr.,Tôi chỉ ăn một chút.,I just ate a little.,3
282,中间,zhōngjiān,ở giữa,between,他站在房间的中间。,Tā zhàn zài fángjiān de zhōngjiān.,Anh ấy đứng ở giữa phòng.,He stood in the middle of the room.,3
283,终于,zhōngyú,cuối cùng,Final,我终于完成了作业。,Wǒ zhōngyú wánchéng le zuòyè.,Cuối cùng tôi đã hoàn thành bài tập.,I finally finished my homework.,3
284,种,zhǒng,"loại, hạt giống","type, seed",他喜欢这种花。,Tā xǐhuān zhè zhǒng huā.,Anh ấy thích loại hoa này.,He likes this kind of flower.,3
285,重要,zhòngyào,quan trọng,important,这件事很重要。,Zhè jiàn shì hěn zhòngyào.,Việc này rất quan trọng.,This is very important.,3
286,主要,zhǔyào,chủ yếu,primarily,主要问题是时间不够。,Zhǔyào wèntí shì shíjiān bù gòu.,Vấn đề chính là không đủ thời gian.,The main problem is not enough time.,3
287,周末,zhōumò,cuối tuần,weekend,周末我去公园玩。,Zhōumò wǒ qù gōngyuán wán.,Cuối tuần tôi đi công viên chơi.,I go to the park on the weekend.,3
288,祝,zhù,chúc,wish,祝你生日快乐。,Zhù nǐ shēngrì kuàilè.,Chúc bạn sinh nhật vui vẻ.,Happy birthday to you.,3
289,注意,zhùyì,chú ý,attention,请注意安全。,Qǐng zhùyì ānquán.,Vui lòng chú ý an toàn.,Please pay attention to safety.,3
290,字典,zìdiǎn,từ điển,dictionary,我需要一本字典。,Wǒ xūyào yī běn zìdiǎn.,Tôi cần một quyển từ điển.,I need a dictionary.,3
291,自己,zìjǐ,bản thân,self,这是我自己的问题。,Zhè shì wǒ zìjǐ de wèntí.,Đây là vấn đề của chính tôi.,This is my own problem.,3
292,总是,zǒngshì,luôn luôn,always,他总是很忙。,Tā zǒngshì hěn máng.,Anh ấy luôn luôn bận rộn.,He is always busy.,3
293,最近,zuìjìn,gần đây,recently,最近我很忙。,Zuìjìn wǒ hěn máng.,Gần đây tôi rất bận.,I've been very busy lately.,3
294,作业,zuòyè,bài tập về nhà,homework,我已经做完作业了。,Wǒ yǐjīng zuò wán zuòyè le.,Tôi đã làm xong bài tập.,I have finished my homework.,3
295,作用,zuòyòng,tác dụng,effect,这个词的作用是什么？,Zhège cí de zuòyòng shì shénme?,Tác dụng của từ này là gì?,What is the effect of this word?,3
1,爱情,ài qíng [ái tình],tình yêu,love,他们的爱情很美好。,Tāmen de àiqíng hěn měihǎo.,Tình yêu của họ rất đẹp.,Their love is so beautiful.,4
2,安排,ān pái [an bài],sắp xếp,arrange,我已经安排好了行程。,Wǒ yǐjīng ānpái hǎo le xíngchéng.,Tôi đã sắp xếp xong hành trình.,I have arranged the itinerary.,4
3,安全,ān quán [an toàn],an toàn,safe,这个地方很安全。,Zhège dìfāng hěn ānquán.,Nơi này rất an toàn.,This place is very safe.,4
4,按时,àn shí,đúng hạn,on time,我们必须按时完成任务。,Wǒmen bìxū ànshí wánchéng rènwù.,Chúng ta phải hoàn thành nhiệm vụ đúng giờ.,We must complete the task on time.,4
5,按照,àn zhào,"dựa vào, theo","based on, according to",请按照说明操作。,Qǐng ànzhào shuōmíng cāozuò.,Vui lòng làm theo hướng dẫn.,Please follow the instructions.,4
6,百分之,bǎi fēn zhī,%,%,他的考试成绩是百分之九十。,Tā de kǎoshì chéngjī shì bǎifēn zhī jiǔshí.,Điểm thi của anh ấy là 90%.,His test score was 90%.,4
7,棒,bàng,"cây gậy/ giỏi, tốt",stick/ good,你真棒！,Nǐ zhēn bàng!,Bạn thật tuyệt!,You are awesome!,4
8,包子,bāo zi,bánh bao,dumplings,我喜欢吃包子。,Wǒ xǐhuān chī bāozi.,Tôi thích ăn bánh bao.,I like to eat dumplings.,4
9,保护,bǎo hù,"che chở, bảo vệ","shelter, protect",我们要保护环境。,Wǒmen yào bǎohù huánjìng.,Chúng ta cần bảo vệ môi trường.,We need to protect the environment.,4
10,保证,bǎo zhèng,"đảm bảo, cam đoan",guarantee,我保证完成任务。,Wǒ bǎozhèng wánchéng rènwù.,Tôi cam đoan hoàn thành nhiệm vụ.,I promise to complete the mission.,4
11,报名,bào míng,đăng kí,register,我报名参加了比赛。,Wǒ bàomíng cānjiā le bǐsài.,Tôi đã đăng ký tham gia cuộc thi.,I have signed up for the contest.,4
12,抱,bào,ôm,hug,他抱了我。,Tā bào le wǒ.,Anh ấy đã ôm tôi.,He hugged me.,4
13,抱歉,bào qiàn,xin lỗi,Sorry,很抱歉，我来晚了。,"Hěn bàoqiàn, wǒ lái wǎn le.","Xin lỗi, tôi đến muộn.","Sorry, I'm late.",4
14,倍,bèi,lần,time,价格翻了两倍。,Jiàgé fān le liǎng bèi.,Giá cả tăng gấp đôi.,Prices doubled.,4
15,本来,běn lái,vốn có,inherent,本来我不想去的。,Běnlái wǒ bù xiǎng qù de.,Ban đầu tôi không muốn đi.,At first I didn't want to go.,4
16,笨,bèn,ngốc nghếch,silly,他有点笨，但很努力。,"Tā yǒudiǎn bèn, dàn hěn nǔlì.","Anh ấy hơi ngốc, nhưng rất nỗ lực.","He is a bit silly, but very hard-working.",4
17,比如,bǐ rú,ví dụ như,for example,比如说，苹果和香蕉。,"Bǐrú shuō, píngguǒ hé xiāngjiāo.","Ví dụ như, táo và chuối.","For example, apples and bananas.",4
18,毕业,bì yè,tốt nghiệp,graduate,他今年大学毕业了。,Tā jīnnián dàxué bìyè le.,Năm nay anh ấy tốt nghiệp đại học.,He graduated from university this year.,4
19,遍,biàn,"lần, lượt",times,这本书我看三遍了。,Zhè běn shū wǒ kàn sān biàn le.,Tôi đã đọc cuốn sách này ba lần.,I have read this book three times.,4
20,标准,biāo zhǔn,tiêu chuẩn,standard,他的中文发音很标准。,Tā de Zhōngwén fāyīn hěn biāozhǔn.,Phát âm tiếng Trung của anh ấy rất chuẩn.,His Chinese pronunciation is very good.,4
21,表格,biǎo gé,bảng biểu,table,请填写这张表格。,Qǐng tiánxiě zhè zhāng biǎogé.,Vui lòng điền vào mẫu đơn này.,Please fill out this form.,4
22,表示,biǎo shì,"biểu thị, cho thấy",indicate,他表示同意。,Tā biǎoshì tóngyì.,Anh ấy biểu thị đồng ý.,He expressed his agreement.,4
23,表演,biǎo yǎn,biểu diễn,perform,她的表演很精彩。,Tā de biǎoyǎn hěn jīngcǎi.,Màn biểu diễn của cô ấy rất xuất sắc.,Her performance was excellent.,4
24,表扬,biǎo yáng,tuyên dương,commend,老师表扬了他。,Lǎoshī biǎoyáng le tā.,Thầy giáo khen ngợi anh ấy.,The teacher praised him.,4
25,饼干,bǐng gān,bánh,cake,我喜欢吃饼干。,Wǒ xǐhuān chī bǐnggān.,Tôi thích ăn bánh quy.,I like to eat cookies.,4
26,并且,bìng qiě,đồng thời,simultaneously,她聪明并且努力。,Tā cōngmíng bìngqiě nǔlì.,Cô ấy thông minh và chăm chỉ.,She is intelligent and hard-working.,4
27,博士,bó shì,tiến sĩ,PhD,他是一个博士。,Tā shì yīgè bóshì.,Anh ấy là một tiến sĩ.,He is a doctor.,4
28,不得不,bù dé bù,đành,must,我不得不去工作。,Wǒ bùdébù qù gōngzuò.,Tôi không thể không đi làm.,I can't help but go to work.,4
29,不管,bù guǎn,bất kể,regardless,不管天气如何，我都会去。,"Bùguǎn tiānqì rúhé, wǒ dōu huì qù.","Bất kể thời tiết thế nào, tôi cũng sẽ đi.","No matter what the weather, I will go.",4
30,不过,bù guò,"nhưng, có điều","but, there is one thing",不过，这样更好。,"Bùguò, zhèyàng gèng hǎo.","có điều, như vậy tốt hơn.",but that's better,4
31,不仅,bù jǐn,không những,not only,他不仅聪明，而且很努力。,"Tā bùjǐn cōngmíng, érqiě hěn nǔlì.",Anh ấy không chỉ thông minh mà còn rất chăm chỉ.,He is not only intelligent but also very hard-working.,4
32,部分,bù fèn,"bộ phận, phần",part,这只是问题的一部分。,Zhè zhǐshì wèntí de yī bùfèn.,Đây chỉ là một phần của vấn đề.,This is only part of the problem.,4
33,擦,cā,lau,wipe,请把桌子擦干净。,Qǐng bǎ zhuōzi cā gānjìng.,Hãy lau sạch bàn.,Please clean the table.,4
34,猜,cāi,đoán,guess,我猜他不会来。,Wǒ cāi tā bù huì lái.,Tôi đoán anh ấy sẽ không đến.,I guess he won't come.,4
35,材料,cái liào,tài liệu,document,请准备好材料。,Qǐng zhǔnbèi hǎo cáiliào.,Hãy chuẩn bị sẵn tài liệu.,Please have your documents ready.,4
36,参观,cān guān,tham quan,sightseeing,我们要去参观博物馆。,Wǒmen yào qù cānguān bówùguǎn.,Chúng ta sẽ đi tham quan bảo tàng.,We will go to the museum.,4
37,餐厅,cān tīng,"căng tin, nhà ăn","canteen, dining room",我们在餐厅吃饭。,Wǒmen zài cāntīng chīfàn.,Chúng tôi ăn ở nhà hàng.,We ate at the restaurant.,4
38,厕所,cè suǒ,phòng vệ sinh,bathroom,厕所在那边。,Cèsuǒ zài nà biān.,Nhà vệ sinh ở đằng kia.,The bathroom is over there.,4
39,差不多,chà bù duō,gần như,almost,我们差不多同岁。,Wǒmen chàbùduō tóng suì.,Chúng ta gần bằng tuổi nhau.,We are about the same age.,4
40,长城,cháng chéng,Trường Thành,Great Wall,我们参观了长城。,Wǒmen cānguān le Chángchéng.,Chúng tôi đã tham quan Vạn Lý Trường Thành.,We visited the Great Wall.,4
41,长江,cháng jiāng,Trường Giang,Truong Giang,长江是中国最长的河流。,Chángjiāng shì Zhōngguó zuì cháng de héliú.,Trường Giang là con sông dài nhất Trung Quốc.,The Yangtze River is the longest river in China.,4
42,尝,cháng,nếm thử,taste,你尝过这道菜吗？,Nǐ cháng guò zhè dào cài ma?,Bạn đã từng thử món này chưa?,Have you tried this dish yet?,4
43,场,chǎng,"trận, suất","match, rate",这场比赛很重要。,Zhè chǎng bǐsài hěn zhòngyào.,Trận đấu này rất quan trọng.,This match is very important.,4
44,超过,chāo guò,vượt trên,surpass,他超过了我。,Tā chāoguò le wǒ.,Anh ấy vượt qua tôi.,He surpassed me.,4
45,成功,chéng gōng,thành công,success,她终于成功了。,Tā zhōngyú chénggōng le.,Cuối cùng cô ấy đã thành công.,She finally succeeded.,4
46,成为,chéng wéi,trở thành,become,他想成为医生。,Tā xiǎng chéngwéi yīshēng.,Anh ấy muốn trở thành bác sĩ.,He wants to become a doctor.,4
47,诚实,chéng shí,trung thực,honest,他是个诚实的人。,Tā shì gè chéngshí de rén.,Anh ấy là người thật thà.,He is an honest man.,4
48,乘坐,chéng zuò,ngồi xe,ride,我们乘坐飞机去北京。,Wǒmen chéngzuò fēijī qù Běijīng.,Chúng tôi đi máy bay đến Bắc Kinh.,We took a plane to Beijing.,4
49,吃惊,chī jīng,ngạc nhiên,surprised,她的消息让我很吃惊。,Tā de xiāoxi ràng wǒ hěn chījīng.,Tin tức của cô ấy làm tôi rất ngạc nhiên.,Her news surprised me.,4
50,重新,chóng xīn,làm lại,redo,我重新开始学习中文。,Wǒ chóngxīn kāishǐ xuéxí Zhōngwén.,Tôi bắt đầu học lại tiếng Trung.,I started learning Chinese again.,4
51,抽烟,chōu yān,hút thuốc,smoke,请不要在这里抽烟。,Qǐng bùyào zài zhèlǐ chōuyān.,Vui lòng không hút thuốc ở đây.,Please no smoking here.,4
52,出差,chū chāi,đi công tác,go on business,他经常出差。,Tā jīngcháng chūchāi.,Anh ấy thường đi công tác.,He often goes on business trips.,4
53,出发,chū fā,xuất phát,start,我们早上七点出发。,Wǒmen zǎoshang qī diǎn chūfā.,Chúng tôi khởi hành lúc 7 giờ sáng.,We left at 7:00 a.m.,4
54,出生,chū shēng,ra đời,born,我在越南出生。,Wǒ zài Yuènán chūshēng.,Tôi sinh ra ở Việt Nam.,I was born in Vietnam.,4
55,出现,chū xiàn,xuất hiện,appear,问题突然出现了。,Wèntí tūrán chūxiàn le.,Vấn đề đột nhiên xuất hiện.,The problem suddenly appeared.,4
56,厨房,chú fáng,phòng bếp,kitchen,她在厨房做饭。,Tā zài chúfáng zuòfàn.,Cô ấy nấu ăn trong bếp.,She cooks in the kitchen.,4
57,传真,chuán zhēn,"fax, bản fax","fax, fax",请发送传真。,Qǐng fāsòng chuánzhēn.,Vui lòng gửi fax.,Please fax.,4
58,窗户,chuāng hù,cửa sổ,window,窗户开着。,Chuānghu kāizhe.,Cửa sổ đang mở.,The window is open.,4
59,词语,cí yǔ,từ ngữ,word,请学习这些词语。,Qǐng xuéxí zhèxiē cíyǔ.,Vui lòng học những từ này.,Please learn these words.,4
60,从来,cóng lái,từ trước đến nay,ever,我从来没见过他。,Wǒ cónglái méi jiànguò tā.,Tôi chưa bao giờ gặp anh ấy.,I have never met him.,4
61,粗心,cū xīn,"thô lỗ, cẩu thả","rude, careless",他做事很粗心。,Tā zuòshì hěn cūxīn.,Anh ấy làm việc rất cẩu thả.,He works very sloppily.,4
62,存,cún,"giữ, tiết kiệm, tồn","keep, save, preserve",我在银行存了钱。,Wǒ zài yínháng cún le qián.,Tôi gửi tiền vào ngân hàng.,I deposit money in the bank.,4
63,错误,cuò wù,sai lầm,mistake,这是我们的错误。,Zhè shì wǒmen de cuòwù.,Đây là lỗi của chúng tôi.,This is our fault.,4
64,答案,dá àn,đáp án,Answer,这是正确的答案。,Zhè shì zhèngquè de dá'àn.,Đây là đáp án đúng.,This is the correct answer.,4
65,打扮,dǎ bàn,"trau chuốt, trang điểm","groomed, made up",她打扮得很漂亮。,Tā dǎbàn de hěn piàoliang.,Cô ấy trang điểm rất đẹp.,She wears beautiful makeup.,4
66,打扰,dǎ rǎo,làm phiền,bother,对不起，打扰一下。,"Duìbùqǐ, dǎrǎo yīxià.","Xin lỗi, làm phiền một chút.",Sorry to bother you.,4
67,打印,dǎ yìn,in ấn,printing,请帮我打印这份文件。,Qǐng bāng wǒ dǎyìn zhè fèn wénjiàn.,Vui lòng in giúp tôi tài liệu này.,Please print this document for me.,4
68,打招呼,dǎ zhāo hū,chào hỏi,hello,他向我打招呼。,Tā xiàng wǒ dǎzhāohū.,Anh ấy chào tôi.,He greeted me.,4
69,打折,dǎ zhé,giảm giá,discount,商店正在打折。,Shāngdiàn zhèngzài dǎzhé.,Cửa hàng đang giảm giá.,The store is having a sale.,4
70,打针,dǎ zhēn,tiêm,injection,我不喜欢打针。,Wǒ bù xǐhuān dǎzhēn.,Tôi không thích tiêm.,I don't like injections.,4
71,大概,dà gài,khoảng,about,他大概十岁。,Tā dàgài shí suì.,Cậu ấy khoảng mười tuổi.,He is about ten years old.,4
72,大使馆,dà shǐ guǎn,đại sứ quán,embassy,我们去了大使馆。,Wǒmen qùle dàshǐguǎn.,Chúng tôi đã đến đại sứ quán.,We went to the embassy.,4
73,大约,dà yuē,khoảng,about,他们大约八点到。,Tāmen dàyuē bā diǎn dào.,Họ đến khoảng tám giờ.,They arrived around eight o'clock.,4
74,大夫,dài fū,"bác sĩ, đại phu",doctor,张大夫在医院工作。,Zhāng dàifū zài yīyuàn gōngzuò.,Bác sĩ Trương làm việc ở bệnh viện.,Dr. Truong works in the hospital.,4
75,戴,dài,đeo,wear,她戴着一顶帽子。,Tā dàizhe yī dǐng màozi.,Cô ấy đội một chiếc mũ.,She is wearing a hat.,4
76,当,dāng,làm,do,我当老师。,Wǒ dāng lǎoshī.,Tôi làm giáo viên.,I am a teacher.,4
77,当时,dāng shí,lúc đó,at that time,当时我在学校。,Dāngshí wǒ zài xuéxiào.,Lúc đó tôi đang ở trường.,I was at school at that time.,4
78,刀,dāo,cái dao,knife,请小心那把刀。,Qǐng xiǎoxīn nà bǎ dāo.,Hãy cẩn thận với con dao đó.,Be careful with that knife.,4
79,导游,dǎo yóu,hướng dẫn viên du lịch,tour guide,导游带我们参观了城市。,Dǎoyóu dài wǒmen cānguān le chéngshì.,Hướng dẫn viên đã dẫn chúng tôi tham quan thành phố.,The tour guide took us on a tour of the city.,4
80,到处,dào chù,khắp nơi,everywhere,我们到处找你。,Wǒmen dàochù zhǎo nǐ.,Chúng tôi tìm bạn khắp nơi.,We look for you everywhere.,4
81,到底,dào dǐ,cuối cùng,Final,你到底在做什么？,Nǐ dàodǐ zài zuò shénme?,Rốt cuộc bạn đang làm gì vậy?,What are you doing anyway?,4
82,倒,dǎo,"đổ, ngã",fall,他把茶倒在了桌子上。,Tā bǎ chá dào zài le zhuōzi shàng.,Anh ấy đổ trà lên bàn.,He poured tea on the table.,4
83,道歉,dào qiàn,xin lỗi,Sorry,我向你道歉。,Wǒ xiàng nǐ dàoqiàn.,Tôi xin lỗi bạn.,I'm sorry you.,4
84,得意,dé yì,đắc ý,pleased,他很得意自己的成绩。,Tā hěn déyì zìjǐ de chéngjī.,Anh ấy rất tự hào về thành tích của mình.,He is very proud of his achievements.,4
85,得（助动词）,de （ zhù dòng cí ）,trợ từ,adverb,她学汉语学得很好。,Tā xué Hànyǔ xué de hěn hǎo,Cô ấy học tiếng Hán rất giỏi.,She is very good at Chinese.,4
86,登机牌,dēng jī pái,thẻ lên tàu,boarding pass,请拿好你的登机牌。,Qǐng ná hǎo nǐ de dēngjīpái.,Vui lòng giữ kỹ thẻ lên máy bay của bạn.,Please keep your boarding pass safe.,4
87,等（助词）,děng （ zhù cí ）,vân vân,et cetera,我喜欢听音乐、看电影等等。,"Wǒ xǐhuān tīng yīnyuè, kàn diànyǐng, děng děng.","Tôi thích nghe nhạc, xem phim,vv..","I like listening to music, watching movies, etc.",4
88,低,dī,thấp,short,一场大雨过后，地势低的地方积满了雨水。,"Yī chǎng dàyǔ guòhòu, dìshì dī dì dìfāng jī mǎnle yǔshuǐ.","Sau 1 trận mưa lớn, nơi địa thế thấp tích đầy nước mưa.","After a heavy rain, low-lying areas are filled with rainwater.",4
89,底,dǐ,đáy,bottom,快到年底时谁都忙起来。,Kuài dào niándǐ shí shéi dōu máng qǐlái.,Lúc sắp đến cuối năm ai cũng trở nên bận rộn.,"As the end of the year approaches, everyone gets busy.",4
90,地点,dì diǎn,địa điểm,location,会议地点在这里。,Huìyì dìdiǎn zài zhèlǐ.,Địa điểm cuộc họp ở đây.,Meeting location is here.,4
91,地球,dì qiú,địa cầu,earth,地球是圆的。,Dìqiú shì yuán de.,Trái đất là hình tròn.,The earth is round.,4
92,地址,dì zhǐ,địa chỉ,Address,请告诉我你的地址。,Qǐng gàosu wǒ nǐ de dìzhǐ.,Hãy cho tôi biết địa chỉ của bạn.,Please tell me your address.,4
93,调查,diào chá,điều tra,investigate,我们需要进行调查。,Wǒmen xūyào jìnxíng diàochá.,Chúng tôi cần tiến hành điều tra.,We need to investigate.,4
94,掉,diào,rơi,fall,他掉了钥匙。,Tā diào le yàoshi.,Anh ấy làm rơi chìa khóa.,He dropped his keys.,4
95,丢,diū,mất,lost,我的书丢了。,Wǒ de shū diū le.,Sách của tôi bị mất rồi.,My book is lost.,4
96,动作,dòng zuò,động tác,action,他的动作很快。,Tā de dòngzuò hěn kuài.,Hành động của anh ấy rất nhanh.,His actions were very quick.,4
97,堵车,dǔ chē,tắc đường,traffic jam,上班时间常常堵车。,Shàngbān shíjiān chángcháng dǔchē.,Giờ đi làm thường hay tắc đường.,Traffic jams are common at work.,4
98,肚子,dù zi,bụng,belly,我肚子疼。,Wǒ dùzi téng.,Tôi đau bụng.,I have a stomachache.,4
99,短信,duǎn xìn,tin nhắn,message,他发了一条短信。,Tā fā le yī tiáo duǎnxìn.,Anh ấy gửi một tin nhắn.,He sent a message.,4
100,对话,duì huà,"hội thoại, đối thoại","conversation, dialogue",他们在进行对话。,Tāmen zài jìnxíng duìhuà.,Họ đang đối thoại.,They are in dialogue.,4
101,对面,duì miàn,đối diện,opposite,银行在街的对面。,Yínháng zài jiē de duìmiàn.,Ngân hàng ở phía đối diện của đường.,The bank is on the opposite side of the street.,4
102,对于,duì yú,về (vấn đề gì đó),about (something),对于这个问题，我有不同的看法。,"Duìyú zhège wèntí, wǒ yǒu bùtóng de kànfǎ.","Đối với vấn đề này, tôi có quan điểm khác.","On this issue, I have a different view.",4
103,儿童,ér tóng,trẻ con,children,儿童需要很多关爱。,Értóng xūyào hěn duō guān'ài.,Trẻ em cần nhiều sự quan tâm.,Children need a lot of attention.,4
104,而,ér,còn,still,他聪明而且努力。,Tā cōngmíng érqiě nǔlì.,Anh ấy thông minh và chăm chỉ.,He is intelligent and hard-working.,4
105,发生,fā shēng,xảy ra,happen,事故晚上发生。,Shìgù wǎnshàng fāshēng.,Tai nạn xảy ra vào buổi tối.,The accident happened in the evening.,4
106,发展,fā zhǎn,phát triển,develop,城市在快速发展。,Chéngshì zài kuàisù fāzhǎn.,Thành phố đang phát triển nhanh chóng.,The city is growing rapidly.,4
107,法律,fǎ lǜ,pháp luật,law,每个人都应该遵守法律。,Měi gèrén dōu yīnggāi zūnshǒu fǎlǜ.,Mỗi người đều nên tuân thủ pháp luật.,Everyone should obey the law.,4
108,翻译,fān yì,phiên dịch,translate,请把它翻译成越南语。,Qǐng bǎ tā fānyì chéng Yuènán yǔ.,Làm ơn dịch nó sang tiếng Việt.,Please translate it into Vietnamese.,4
109,烦恼,fán nǎo,phiền não,trouble,我有些烦恼。,Wǒ yǒu xiē fánnǎo.,Tôi có chút phiền muộn.,I am a little upset.,4
110,反对,fǎn duì,phản đối,protest,他反对这个计划。,Tā fǎnduì zhège jìhuà.,Anh ấy phản đối kế hoạch này.,He objected to this plan.,4
111,方法,fāng fǎ,phương pháp,method,他有很多方法。,Tā yǒu hěn duō fāngfǎ.,Anh ấy có nhiều phương pháp.,He has many methods.,4
112,方面,fāng miàn,phương diện,aspect,我们在这个方面有很多经验。,Wǒmen zài zhège fāngmiàn yǒu hěn duō jīngyàn.,Chúng tôi có nhiều kinh nghiệm trong lĩnh vực này.,We have extensive experience in this field.,4
113,方向,fāng xiàng,phương hướng,direction,我们向北走，方向正确。,"Wǒmen xiàng běi zǒu, fāngxiàng zhèngquè.","Chúng tôi đi về phía bắc, hướng đi đúng.","We went north, the right direction.",4
114,房东,fáng dōng,chủ nhà,host,房东每天早上都来。,Fángdōng měitiān zǎoshang dōu lái.,Chủ nhà đến mỗi buổi sáng.,The landlord comes every morning.,4
115,放弃,fàng qì,"vứt bỏ, từ bỏ","throw away, abandon",他放弃了这个机会。,Tā fàngqì le zhège jīhuì.,Anh ấy đã từ bỏ cơ hội này.,He gave up this opportunity.,4
116,放暑假,fàng shǔ jià,nghỉ hè,summer vacation,我们放暑假了。,Wǒmen fàng shǔjià le.,Chúng tôi đã nghỉ hè.,We were on summer vacation.,4
117,放松,fàng sōng,thư giãn,relax,放松一下，别紧张。,"Fàngsōng yīxià, bié jǐnzhāng.","Thư giãn một chút, đừng căng thẳng.","Relax a little, don't stress.",4
118,份,fèn,phần,part,这是一份礼物。,Zhè shì yī fèn lǐwù.,Đây là một món quà.,This is a gift.,4
119,丰富,fēng fù,phong phú,abundant,他有丰富的经验。,Tā yǒu fēngfù de jīngyàn.,Anh ấy có kinh nghiệm phong phú.,He has rich experience.,4
120,否则,fǒu zé,nếu không thì,otherwise,你得早点起床，否则会迟到。,"Nǐ děi zǎodiǎn qǐchuáng, fǒuzé huì chídào.","Bạn phải dậy sớm, nếu không sẽ bị trễ.",You have to get up early or you will be late.,4
121,符合,fú hé,phù hợp,Fit,你的答案符合要求。,Nǐ de dá'àn fúhé yāoqiú.,Câu trả lời của bạn đáp ứng yêu cầu.,Your answer meets the requirement.,4
122,父亲,fù qīn,bố,dad,我的父亲很勤劳。,Wǒ de fùqīn hěn qínláo.,Bố tôi rất chăm chỉ.,My father is very hard working.,4
123,付款,fù kuǎn,thanh toán,pay,我们可以用信用卡付款。,Wǒmen kěyǐ yòng xìnyòngkǎ fùkuǎn.,Chúng ta có thể thanh toán bằng thẻ tín dụng.,We can pay by credit card.,4
124,负责,fù zé,phụ trách,in charge,他负责这项工作。,Tā fùzé zhè xiàng gōngzuò.,Anh ấy phụ trách công việc này.,He is in charge of this job.,4
125,复印,fù yìn,phô tô,photocopy,请帮我复印这份文件。,Qǐng bāng wǒ fùyìn zhè fèn wénjiàn.,Vui lòng photo giúp tôi tài liệu này.,Please photocopy this document for me.,4
126,复杂,fù zá,phức tạp,complicated,这个问题很复杂。,Zhège wèntí hěn fùzá.,Vấn đề này rất phức tạp.,This issue is very complicated.,4
127,富,fù,giàu,rich,他们家很富。,Tāmen jiā hěn fù.,Nhà họ rất giàu.,Their family is very rich.,4
128,改变,gǎi biàn,thay đổi,change,我们需要改变计划。,Wǒmen xūyào gǎibiàn jìhuà.,Chúng ta cần thay đổi kế hoạch.,We need to change plans.,4
129,干杯,gān bēi,cạn ly,cheers,为我们的成功干杯！,Wèi wǒmen de chénggōng gānbēi!,Cạn ly vì thành công của chúng ta!,Cheers to our success!,4
130,赶,gǎn,đuổi theo,chase,我们必须赶上火车。,Wǒmen bìxū gǎn shàng huǒchē.,Chúng ta phải kịp chuyến tàu.,We have to catch the train.,4
131,敢,gǎn,dám,dare,我不敢说。,Wǒ bù gǎn shuō.,Tôi không dám nói.,I dare not say.,4
132,感动,gǎn dòng,cảm động,moving,她的故事让我很感动。,Tā de gùshì ràng wǒ hěn gǎndòng.,Câu chuyện của cô ấy làm tôi rất cảm động.,Her story touched me so much.,4
133,感觉,gǎn jué,cảm giác,feeling,我感觉很累。,Wǒ gǎnjué hěn lèi.,Tôi cảm thấy rất mệt.,I feel very tired.,4
134,感情,gǎn qíng,tình cảm,emotional,他们之间有很深的感情。,Tāmen zhī jiān yǒu hěn shēn de gǎnqíng.,Giữa họ có tình cảm rất sâu đậm.,There is a very deep affection between them.,4
135,感谢,gǎn xiè,cảm ơn,Thanks,非常感谢你的帮助。,Fēicháng gǎnxiè nǐ de bāngzhù.,Rất cảm ơn sự giúp đỡ của bạn.,Thanks a lot for your help.,4
136,干,gān,khô,dried,天气干燥。,Tiānqì gānzào.,Thời tiết khô ráo.,Dry weather.,4
137,刚,gāng,vừa mới,just,我刚到家。,Wǒ gāng dào jiā.,Tôi vừa về đến nhà.,I have just come home.,4
138,高速公路,gāo sù gōng lù,đường cao tốc,highway,我们在高速公路上开车。,Wǒmen zài gāosù gōnglù shàng kāichē.,Chúng tôi lái xe trên đường cao tốc.,We drove on the highway.,4
139,胳膊,gē bo,cánh tay,arm,我的胳膊疼。,Wǒ de gēbo téng.,Cánh tay của tôi đau.,My arm hurts.,4
140,各,gè,các,the,各种水果都很好吃。,Gè zhǒng shuǐguǒ dōu hěn hǎochī.,Các loại trái cây đều rất ngon.,The fruits are all delicious.,4
141,工资,gōng zī,lương,wage,他每个月的工资很高。,Tā měi gè yuè de gōngzī hěn gāo.,Lương hàng tháng của anh ấy rất cao.,His monthly salary is very high.,4
142,公里,gōng lǐ,km,km,我们走了一公里。,Wǒmen zǒu le yī gōnglǐ.,Chúng tôi đã đi được một kilomet.,We have gone one kilometer.,4
143,功夫,gōng fū,công phu,elaborate,他功夫很好。,Tā gōngfu hěn hǎo.,Anh ấy giỏi võ.,He is good at martial arts.,4
144,共同,gòng tóng,giống nhau,alike,我们有共同的兴趣爱好。,Wǒmen yǒu gòngtóng de xìngqù àihào.,Chúng tôi có sở thích chung.,We have common interests.,4
145,购物,gòu wù,mua sắm,shopping,我喜欢购物。,Wǒ xǐhuān gòuwù.,Tôi thích mua sắm.,I like shopping.,4
146,够,gòu,đủ,enough,这些水果够我们吃了。,Zhèxiē shuǐguǒ gòu wǒmen chī le.,Những trái cây này đủ cho chúng ta ăn.,These fruits are enough for us to eat.,4
147,估计,gū jì,ước lượng,estimate,我估计他今天不会来了。,Wǒ gūjì tā jīntiān bù huì lái le.,Tôi đoán anh ấy sẽ không đến hôm nay.,I guess he won't come today.,4
148,鼓励,gǔ lì,cổ vũ,cheer,他经常鼓励我。,Tā jīngcháng gǔlì wǒ.,Anh ấy thường khích lệ tôi.,He often encourages me.,4
149,故意,gù yì,cố ý,deliberate,他故意不回答我的问题。,Tā gùyì bù huídá wǒ de wèntí.,Anh ấy cố tình không trả lời câu hỏi của tôi.,He deliberately did not answer my question.,4
150,顾客,gù kè,khách hàng,client,这个商店的顾客很多。,Zhège shāngdiàn de gùkè hěn duō.,Cửa hàng này có nhiều khách hàng.,This store has many customers.,4
151,挂,guà,"treo, ngắt điện thoại",hang up,请把衣服挂起来。,Qǐng bǎ yīfu guà qǐlái.,Vui lòng treo quần áo lên.,Please hang up your clothes.,4
152,关键,guān jiàn,mấu chốt,key,这是问题的关键。,Zhè shì wèntí de guānjiàn.,Đây là điểm mấu chốt của vấn đề.,This is the crux of the matter.,4
153,观众,guān zhòng,khán giả,audiences,观众们都很满意。,Guānzhòngmen dōu hěn mǎnyì.,Khán giả đều rất hài lòng.,The audience was very satisfied.,4
154,管理,guǎn lǐ,quản lý,manage,他负责管理这个项目。,Tā fùzé guǎnlǐ zhège xiàngmù.,Anh ấy phụ trách quản lý dự án này.,He is in charge of managing this project.,4
155,光,guāng,"chỉ, hết","just, end",我们都吃光了你才来。,Wǒmen dōu chī guāngle nǐ cái lái,Tụi tôi ăn hết rồi bạn mới tới.,We finished eating before you arrived.,4
156,广播,guǎng bō,phát thanh,radio,我每天听广播。,Wǒ měitiān tīng guǎngbò.,Tôi nghe đài phát thanh mỗi ngày.,I listen to the radio every day.,4
157,广告,guǎng gào,quảng cáo,advertisement,电视上有很多广告。,Diànshì shàng yǒu hěn duō guǎnggào.,Trên TV có rất nhiều quảng cáo.,There are a lot of commercials on TV.,4
158,逛,guàng,đi dạo,take a walk,我喜欢逛街。,Wǒ xǐhuān guàngjiē.,Tôi thích đi dạo phố.,I like walking around town.,4
159,规定,guī dìng,qui định,regulation,我们需要遵守规定。,Wǒmen xūyào zūnshǒu guīdìng.,Chúng ta cần tuân thủ quy định.,We need to follow the rules.,4
160,国籍,guó jí,quốc tịch,nationality,你的国籍是什么？,Nǐ de guójí shì shénme?,Quốc tịch của bạn là gì?,What is your nationality?,4
161,国际,guó jì,quốc tế,international,这是一个国际会议。,Zhè shì yī gè guójì huìyì.,Đây là một hội nghị quốc tế.,This is an international conference.,4
162,果汁,guǒ zhī,nước hoa quả,fruit juice,我喜欢喝果汁。,Wǒ xǐhuān hē guǒzhī.,Tôi thích uống nước ép trái cây.,I like to drink fruit juice.,4
163,过程,guò chéng,quá trình,progress,整个过程很复杂。,Zhěnggè guòchéng hěn fùzá.,Toàn bộ quá trình rất phức tạp.,The whole process is very complicated.,4
164,海洋,hǎi yáng,đại dương,ocean,海洋很广阔。,Hǎiyáng hěn guǎngkuò.,Đại dương rất rộng lớn.,The ocean is very big.,4
165,害羞,hài xiū,xấu hổ,shy,他很害羞。,Tā hěn hàixiū.,Anh ấy rất ngại ngùng.,He is very shy.,4
166,寒假,hán jià,kì nghỉ đông,winter break,寒假我们去旅行。,Hánjià wǒmen qù lǚxíng.,Kỳ nghỉ đông chúng tôi đi du lịch.,We went on vacation during winter break.,4
167,汗,hàn,mồ hôi,sweat,他流了很多汗。,Tā liú le hěn duō hàn.,Anh ấy đổ rất nhiều mồ hôi.,He sweats a lot.,4
168,航班,háng bān,chuyến bay,flight,我们的航班延误了。,Wǒmen de hángbān yánwù le.,Chuyến bay của chúng tôi bị hoãn.,Our flight was delayed.,4
169,好处,hǎo chù,cái tốt,good,这样做有很多好处。,Zhèyàng zuò yǒu hěn duō hǎochù.,Làm như vậy có rất nhiều lợi ích.,There are many benefits to doing so.,4
170,好像,hǎo xiàng,dường như,seems,他好像生病了。,Tā hǎoxiàng shēngbìng le.,Anh ấy hình như bị ốm.,He seems to be sick.,4
171,号码,hào mǎ,số,number,请告诉我你的电话号码。,Qǐng gàosù wǒ nǐ de diànhuà hàomǎ.,Hãy cho tôi biết số điện thoại của bạn.,Please tell me your phone number.,4
172,合格,hé gé,đạt yêu cầu,meet requirements,他的成绩很合格。,Tā de chéngjì hěn hégé.,Thành tích của anh ấy đạt yêu cầu.,His performance is satisfactory.,4
173,合适,hé shì,thích hợp,fit,这件衣服很合适。,Zhè jiàn yīfú hěn héshì.,Bộ quần áo này rất hợp.,This outfit is a great fit.,4
174,盒子,hé zi,cái hộp,box,他打开了盒子。,Tā dǎkāi le hézi.,Anh ấy mở cái hộp ra.,He opened the box.,4
175,后悔,hòu huǐ,hối hận,regret,我后悔没去旅行。,Wǒ hòuhuǐ méi qù lǚxíng.,Tôi hối hận vì đã không đi du lịch.,I regret not traveling.,4
176,厚,hòu,dày,thick,这本书很厚。,Zhè běn shū hěn hòu.,Cuốn sách này rất dày.,This book is very thick.,4
177,互联网,hù lián wǎng,mạng internet,internet,互联网改变了我们的生活。,Hùliánwǎng gǎibiàn le wǒmen de shēnghuó.,Internet đã thay đổi cuộc sống của chúng ta.,The Internet has changed our lives.,4
178,互相,hù xiāng,lẫn nhau,mutual,他们互相帮助。,Tāmen hùxiāng bāngzhù.,Họ giúp đỡ lẫn nhau.,They help each other.,4
179,护士,hù shì,y tá,nurse,护士很辛苦。,Hùshì hěn xīnkǔ.,Y tá rất vất vả.,Nurses work hard.,4
180,怀疑,huái yí,nghi ngờ,suspect,我怀疑他在撒谎。,Wǒ huáiyí tā zài sāhuǎng.,Tôi nghi ngờ anh ấy đang nói dối.,I suspect he is lying.,4
181,回忆,huí yì,"hồi ức, nhớ lại","memory, recall",这些都是美好的回忆。,Zhèxiē dōu shì měihǎo de huíyì.,Đây đều là những kỷ niệm đẹp.,These are all good memories.,4
182,活动,huó dòng,hoạt động,work,学校组织了很多活动。,Xuéxiào zǔzhī le hěn duō huódòng.,Trường học tổ chức nhiều hoạt động.,The school organizes many activities.,4
183,活泼,huó pō,hoạt bát,active,她很活泼。,Tā hěn huópō.,Cô ấy rất hoạt bát.,She is very active.,4
184,火,huǒ,lửa,fire,火很危险。,Huǒ hěn wēixiǎn.,Lửa rất nguy hiểm.,Fire is very dangerous.,4
185,获得,huò dé,giành được,win,他获得了奖学金。,Tā huòdé le jiǎngxuéjīn.,Anh ấy đã nhận được học bổng.,He received a scholarship.,4
186,积极,jī jí,tích cực,positive,我们应该积极面对生活。,Wǒmen yīnggāi jījí miànduì shēnghuó.,Chúng ta nên tích cực đối mặt với cuộc sống.,We should face life positively.,4
187,积累,jī lěi,tích lũy,accumulate,他积累了很多经验。,Tā jīlěi le hěn duō jīngyàn.,Anh ấy tích lũy được rất nhiều kinh nghiệm.,He has accumulated a lot of experience.,4
188,基础,jī chǔ,"cơ sở, căn bản",basic,基础知识很重要。,Jīchǔ zhīshì hěn zhòngyào.,Kiến thức cơ bản rất quan trọng.,Basic knowledge is very important.,4
189,激动,jī dòng,xúc động,emotion,听到这个消息我很激动。,Tīngdào zhège xiāoxī wǒ hěn jīdòng.,Nghe tin này tôi rất xúc động.,I was very moved to hear this news.,4
190,及时,jí shí,kịp thời,timely,他及时完成了任务。,Tā jíshí wánchéng le rènwù.,Anh ấy hoàn thành nhiệm vụ đúng giờ.,He completed the task on time.,4
191,即使,jí shǐ,cho dù,even though,即使下雨我们也去。,Jíshǐ xiàyǔ wǒmen yě qù.,Dù trời mưa chúng ta cũng đi.,We will go even if it rains.,4
192,计划,jì huà,kế hoạch,plan,我们需要制定计划。,Wǒmen xūyào zhìdìng jìhuà.,Chúng ta cần lập kế hoạch.,We need to plan.,4
193,记者,jì zhě,phóng viên,reporter,记者在现场报道。,Jìzhě zài xiànchǎng bàodǎo.,Phóng viên đang tường thuật tại hiện trường.,Reporters are reporting at the scene.,4
194,技术,jì shù,kỹ thuật,technique,他对技术很感兴趣。,Tā duì jìshù hěn gǎn xìngqù.,Anh ấy rất hứng thú với công nghệ.,He is very interested in technology.,4
195,既然,jì rán,đã….,Satisfied….,既然你来了，就一起吃饭吧。,"Jìrán nǐ lái le, jiù yīqǐ chīfàn ba.","Đã bạn đến rồi, cùng ăn cơm nhé.","You're here, let's eat.",4
196,继续,jì xù,tiếp tục,continue,我们继续学习。,Wǒmen jìxù xuéxí.,Chúng ta tiếp tục học.,We continue to learn.,4
197,寄,jì,gửi,send,他给朋友寄了封信。,Tā gěi péngyǒu jì le fēng xìn.,Anh ấy gửi một bức thư cho bạn.,He sent a letter to you.,4
198,加班,jiā bān,tăng ca,overtime,他常常加班。,Tā chángcháng jiābān.,Anh ấy thường làm thêm giờ.,He often works overtime.,4
199,加油站,jiā yóu zhàn,cây xăng,gas station,我们在加油站加油。,Wǒmen zài jiāyóuzhàn jiāyóu.,Chúng tôi đổ xăng tại trạm xăng.,We filled up at the gas station.,4
200,家具,jiā jù,đồ gia dụng,household goods,这家店卖很多家具。,Zhè jiā diàn mài hěn duō jiājù.,Cửa hàng này bán rất nhiều đồ nội thất.,This store sells a lot of furniture.,4
201,假,jiǎ,giả,fake,这个是假货。,Zhè ge shì jiǎ huò.,Đây là hàng giả.,This is a fake.,4
202,价格,jià gé,giá cả,price,这个产品的价格很高。,Zhè ge chǎnpǐn de jiàgé hěn gāo.,Giá của sản phẩm này rất cao.,The price of this product is very high.,4
203,坚持,jiān chí,kiên trì,persist,我每天坚持跑步。,Wǒ měitiān jiānchí pǎobù.,Tôi kiên trì chạy bộ mỗi ngày.,I persist in running every day.,4
204,减肥,jiǎn féi,giảm béo,lose weight,她正在努力减肥。,Tā zhèngzài nǔlì jiǎnféi.,Cô ấy đang cố gắng giảm cân.,She is trying to lose weight.,4
205,减少,jiǎn shǎo,cắt giảm,cut down,我们应该减少浪费。,Wǒmen yīnggāi jiǎnshǎo làngfèi.,Chúng ta nên giảm lãng phí.,We should reduce waste.,4
206,建议,jiàn yì,kiến nghị,recommendation,我有一个建议。,Wǒ yǒu yī ge jiànyì.,Tôi có một đề xuất.,I have a suggestion.,4
207,将来,jiāng lái,tương lai,future,将来我要当医生。,Jiānglái wǒ yào dāng yīshēng.,Tương lai tôi muốn trở thành bác sĩ.,I want to be a doctor in the future.,4
208,奖金,jiǎng jīn,học bổng,scholarship,公司给了他奖金。,Gōngsī gěi le tā jiǎngjīn.,Công ty đã thưởng tiền cho anh ấy.,The company gave him a bonus.,4
209,降低,jiàng dī,hạ thấp,lower,他们降低了价格。,Tāmen jiàngdī le jiàgé.,Họ đã giảm giá.,They have reduced the price.,4
210,降落,jiàng luò,hạ cánh,landing,飞机准时降落。,Fēijī zhǔnshí jiàngluò.,Máy bay hạ cánh đúng giờ.,The plane landed on time.,4
211,交,jiāo,giao,deliver,我交了作业。,Wǒ jiāo le zuòyè.,Tôi đã nộp bài tập.,I have submitted my assignment.,4
212,交流,jiāo liú,giao lưu,communication,我们经常交流经验。,Wǒmen jīngcháng jiāoliú jīngyàn.,Chúng tôi thường trao đổi kinh nghiệm.,We often exchange experiences.,4
213,交通,jiāo tōng,giao thông,traffic,交通很拥挤。,Jiāotōng hěn yōngjǐ.,Giao thông rất tắc nghẽn.,Traffic is very congested.,4
214,郊区,jiāo qū,ngoại ô,suburban,我住在郊区。,Wǒ zhù zài jiāoqū.,Tôi sống ở ngoại ô.,I live in the suburbs.,4
215,骄傲,jiāo ào,"tự hào, kiêu ngạo","proud, arrogant",他很骄傲。,Tā hěn jiāo'ào.,Anh ấy rất tự hào.,He is very proud.,4
216,饺子,jiǎo zi,sủi cảo,Dumplings,我喜欢吃饺子。,Wǒ xǐhuān chī jiǎozi.,Tôi thích ăn bánh bao.,I like to eat dumplings.,4
217,教授,jiào shòu,giáo sư,professor,他是大学教授。,Tā shì dàxué jiàoshòu.,Anh ấy là giáo sư đại học.,He is a university professor.,4
218,教育,jiào yù,giáo dục,education,教育很重要。,Jiàoyù hěn zhòngyào.,Giáo dục rất quan trọng.,Education is very important.,4
219,接受,jiē shòu,tiếp nhận,reception,我接受了他的邀请。,Wǒ jiēshòu le tā de yāoqǐng.,Tôi đã nhận lời mời của anh ấy.,I accepted his invitation.,4
220,接着,jiē zhe,tiếp theo,next,接着，我们去吃饭吧。,"Jiēzhe, wǒmen qù chīfàn ba.","Tiếp theo, chúng ta đi ăn nhé.","Next, let's go eat.",4
221,节,jié,tiết,section,春节是中国的传统节日。,Chūnjié shì Zhōngguó de chuántǒng jiérì.,Tết Nguyên đán là ngày lễ truyền thống của Trung Quốc.,Lunar New Year is a traditional Chinese holiday.,4
222,节约,jié yuē,tiết kiệm,save,我们要节约用水。,Wǒmen yào jiéyuē yòng shuǐ.,Chúng ta phải tiết kiệm nước.,We must save water.,4
223,结果,jié guǒ,kết quả,result,结果他成功了。,Jiéguǒ tā chénggōng le.,Kết quả là anh ấy đã thành công.,"As a result, he was successful.",4
224,解释,jiě shì,giải thích,explain,他解释了这个问题。,Tā jiěshì le zhè ge wèntí.,Anh ấy đã giải thích vấn đề này.,He explained the problem.,4
225,尽管,jǐn guǎn,tuy rằng,although,尽管下雨，他还是来了。,"Jǐnguǎn xiàyǔ, tā háishì lái le.","Dù trời mưa, anh ấy vẫn đến.","Even though it rained, he still came.",4
226,紧张,jǐn zhāng,căng thẳng,stress,我感到很紧张。,Wǒ gǎndào hěn jǐnzhāng.,Tôi cảm thấy rất căng thẳng.,I feel very stressed.,4
227,进行,jìn xíng,tiến hành,proceed,我们正在进行讨论。,Wǒmen zhèngzài jìnxíng tǎolùn.,Chúng tôi đang tiến hành thảo luận.,We are in discussion.,4
228,禁止,jìn zhǐ,cấm,ban,这里禁止吸烟。,Zhèlǐ jìnzhǐ xīyān.,Ở đây cấm hút thuốc.,No smoking here.,4
229,京剧,jīng jù,kinh kịch,opera,我喜欢看京剧。,Wǒ xǐhuān kàn Jīngjù.,Tôi thích xem Kinh kịch.,I like watching Peking Opera.,4
230,经济,jīng jì,kinh tế,economy,经济发展很快。,Jīngjì fāzhǎn hěn kuài.,Kinh tế phát triển rất nhanh.,The economy is growing very fast.,4
231,经历,jīng lì,"trải qua, kinh qua",go through,他有丰富的经历。,Tā yǒu fēngfù de jīnglì.,Anh ấy có nhiều kinh nghiệm.,He has a lot of experience.,4
232,经验,jīng yàn,kinh nghiệm,experience,他的经验很丰富。,Tā de jīngyàn hěn fēngfù.,Kinh nghiệm của anh ấy rất phong phú.,His experience is very rich.,4
233,精彩,jīng cǎi,hấp dẫn,attractive,比赛非常精彩。,Bǐsài fēicháng jīngcǎi.,Trận đấu rất xuất sắc.,The match was excellent.,4
234,景色,jǐng sè,cảnh sắc,scenery,山上的景色很美。,Shānshàng de jǐngsè hěn měi.,Cảnh trên núi rất đẹp.,The scenery on the mountain is very beautiful.,4
235,警察,jǐng chá,cảnh sát,police,警察在调查案件。,Jǐngchá zài diàochá ànjiàn.,Cảnh sát đang điều tra vụ án.,The police are investigating the case.,4
236,竞争,jìng zhēng,cạnh tranh,compete,公司之间竞争激烈。,Gōngsī zhī jiān jìngzhēng jīliè.,Cạnh tranh giữa các công ty rất khốc liệt.,Competition between companies is fierce.,4
237,竟然,jìng rán,vậy mà lại,but again,他竟然赢了比赛。,Tā jìngrán yíng le bǐsài.,Anh ấy vậy mà lại chiến thắng trận đấu.,He won the match.,4
238,镜子,jìng zi,"kính, gương","glass, mirror",镜子里有个陌生人。,Jìngzi lǐ yǒu gè mòshēng rén.,Trong gương có một người lạ.,There is a stranger in the mirror.,4
239,究竟,jiū jìng,rốt cuộc,finally,究竟发生了什么事？,Jiūjìng fāshēng le shénme shì?,Rốt cuộc đã xảy ra chuyện gì?,What happened?,4
240,举,jǔ,"giơ, nâng",raise,他举手回答问题。,Tā jǔshǒu huídá wèntí.,Anh ấy giơ tay trả lời câu hỏi.,He raised his hand to answer the question.,4
241,举办,jǔ bàn,tổ chức,organization,学校举办了一个音乐会。,Xuéxiào jǔbàn le yī gè yīnyuè huì.,Trường tổ chức một buổi hòa nhạc.,The school organized a concert.,4
242,举行,jǔ xíng,tổ chức,organization,会议在北京举行。,Huìyì zài Běijīng jǔxíng.,Hội nghị được tổ chức tại Bắc Kinh.,The conference was held in Beijing.,4
243,拒绝,jù jué,từ chối,refuse,他拒绝了我的邀请。,Tā jùjué le wǒ de yāoqǐng.,Anh ấy từ chối lời mời của tôi.,He turned down my invitation.,4
244,距离,jù lí,khoảng cách,distance,学校到我们家的距离很远。,Xuéxiào dào wǒmen jiā de jùlí hěn yuǎn.,Trường học cách nhà chúng tôi rất xa.,The school is very far from our house.,4
245,聚会,jù huì,tụ tập,gather,我们下个星期有个聚会。,Wǒmen xià gè xīngqī yǒu gè jùhuì.,Tuần sau chúng tôi có một buổi họp mặt.,We have a meeting next week.,4
246,开玩笑,kāi wán xiào,đùa,joke,他喜欢开玩笑。,Tā xǐhuān kāiwánxiào.,Anh ấy thích đùa giỡn.,He likes to joke around.,4
247,开心,kāi xīn,vui vẻ,happy,今天我很开心。,Jīntiān wǒ hěn kāixīn.,Hôm nay tôi rất vui.,I am very happy today.,4
248,看法,kàn fǎ,quan điểm,opinion,你的看法是什么？,Nǐ de kànfǎ shì shénme?,Quan điểm của bạn là gì?,What is your opinion?,4
249,考虑,kǎo lǜ,suy nghĩ,think,我会考虑你的建议。,Wǒ huì kǎolǜ nǐ de jiànyì.,Tôi sẽ xem xét đề nghị của bạn.,I will consider your suggestion.,4
250,烤鸭,kǎo yā,vịt quay,roast duck,北京烤鸭很好吃。,Běijīng kǎoyā hěn hǎochī.,Vịt quay Bắc Kinh rất ngon.,Peking duck is delicious.,4
251,科学,kē xué,khoa học,science,科学是非常重要的学科。,Kēxué shì fēicháng zhòngyào de xuékē.,Khoa học là một môn học rất quan trọng.,Science is a very important subject.,4
252,棵,kē,lượng từ cho cây,quantifier for tree,花园里有很多棵树。,Huāyuán lǐ yǒu hěn duō kē shù.,Trong vườn có rất nhiều cây.,There are many trees in the garden.,4
253,咳嗽,ké sou,ho,cough,我感冒了，咳嗽很厉害。,"Wǒ gǎnmào le, késou hěn lìhài.","Tôi bị cảm, ho rất nặng.",I have a cold and a very bad cough.,4
254,可怜,kě lián,đáng thương,poor,他很可怜，需要帮助。,"Tā hěn kělián, xūyào bāngzhù.","Anh ấy rất đáng thương, cần sự giúp đỡ.","He is so pitiful, he needs help.",4
255,可是,kě shì,nhưng,But,我很想去，可是没有时间。,"Wǒ hěn xiǎng qù, kěshì méiyǒu shíjiān.","Tôi rất muốn đi, nhưng không có thời gian.","I would love to go, but I don't have time.",4
256,可惜,kě xī,đáng tiếc,unfortunate,太可惜了，我没看到。,"Tài kěxī le, wǒ méi kàndào.","Thật đáng tiếc, tôi đã không thấy.","Unfortunately, I didn't see it.",4
257,客厅,kè tīng,phòng khách,living room,客厅里有很多家具。,Kètīng lǐ yǒu hěn duō jiājù.,Trong phòng khách có rất nhiều đồ nội thất.,There is a lot of furniture in the living room.,4
258,肯定,kěn dìng,khẳng định,confirm,这件事肯定是真的。,Zhè jiàn shì kěndìng shì zhēn de.,Chuyện này chắc chắn là thật.,This is definitely true.,4
259,空,kōng,trống rỗng,empty,房间里空无一人。,Fángjiān lǐ kōng wú yī rén.,Phòng trống không một ai.,The room was empty.,4
260,空气,kōng qì,không khí,air,山上的空气很新鲜。,Shānshàng de kōngqì hěn xīnxiān.,Không khí trên núi rất trong lành.,The air in the mountains is very fresh.,4
261,恐怕,kǒng pà,e rằng,lest,我恐怕他不会来了。,Wǒ kǒngpà tā bù huì lái le.,Tôi sợ rằng anh ấy sẽ không đến.,I'm afraid he won't come.,4
262,苦,kǔ,"khổ, đắng",bitter,这个药很苦。,Zhè ge yào hěn kǔ.,Thuốc này rất đắng.,This medicine is very bitter.,4
263,矿泉水,kuàng quán shuǐ,nước khoáng,mineral water,我喜欢喝矿泉水。,Wǒ xǐhuān hē kuàngquánshuǐ.,Tôi thích uống nước khoáng.,I like to drink mineral water.,4
264,困,kùn,buồn ngủ,asleep,我昨晚没睡好，很困。,"Wǒ zuówǎn méi shuì hǎo, hěn kùn.","Tối qua tôi ngủ không ngon, rất buồn ngủ.","I didn't sleep well last night, I was very sleepy.",4
265,困难,kùn nán,khó khăn,hard,学习汉语很困难。,Xuéxí Hànyǔ hěn kùnnán.,Học tiếng Trung rất khó.,Learning Chinese is very difficult.,4
266,垃圾桶,lā jī tǒng,thùng rác,trash can,请把垃圾扔进垃圾桶。,Qǐng bǎ lājī rēng jìn lājītǒng.,Vui lòng bỏ rác vào thùng rác.,Please put your trash in the trash.,4
267,拉,lā,kéo,drag,他把箱子拉到房间里。,Tā bǎ xiāngzi lā dào fángjiān lǐ.,Anh ấy kéo vali vào phòng.,He dragged his suitcase into the room.,4
268,辣,là,cay,spicy,我不喜欢吃辣的东西。,Wǒ bù xǐhuān chī là de dōngxī.,Tôi không thích ăn đồ cay.,I don't like spicy food.,4
269,来不及,lái bù jí,không kịp,too late,我们来不及赶飞机了。,Wǒmen láibují gǎn fēijī le.,Chúng tôi không kịp chuyến bay rồi.,We missed our flight.,4
270,来得及,lái de jí,kịp,in time,你来得及去火车站。,Nǐ láidéjí qù huǒchē zhàn.,Bạn kịp giờ đi đến ga tàu.,You make it to the train station on time.,4
271,来自,lái zì,đến từ,come from,他来自中国。,Tā láizì Zhōngguó.,Anh ấy đến từ Trung Quốc.,He is from China.,4
272,懒,lǎn,lười biếng,lazy,他很懒，不喜欢工作。,"Tā hěn lǎn, bù xǐhuān gōngzuò.","Anh ấy rất lười, không thích làm việc.",He is very lazy and doesn't like to work.,4
273,浪费,làng fèi,lãng phí,waste,我们应该避免浪费时间。,Wǒmen yīnggāi bìmiǎn làngfèi shíjiān.,Chúng ta nên tránh lãng phí thời gian.,We should avoid wasting time.,4
274,浪漫,làng màn,lãng mạn,romantic,他们的故事很浪漫。,Tāmen de gùshì hěn làngmàn.,Câu chuyện của họ rất lãng mạn.,Their story is very romantic.,4
275,老虎,lǎo hǔ,hổ,tiger,动物园里有一只老虎。,Dòngwùyuán lǐ yǒu yī zhī lǎohǔ.,Trong sở thú có một con hổ.,There is a tiger in the zoo.,4
276,冷静,lěng jìng,bình tĩnh,calm,请冷静下来，不要生气。,"Qǐng lěngjìng xiàlái, bùyào shēngqì.","Xin hãy bình tĩnh lại, đừng tức giận.","Please calm down, don't be angry.",4
277,礼拜天,lǐ bài tiān,chủ nhật,Sunday,我们星期天去公园。,Wǒmen xīngqītiān qù gōngyuán.,Chủ nhật chúng ta đi công viên.,We go to the park on Sunday.,4
278,礼貌,lǐ mào,"lễ phép, lịch sự",polite,他对人很有礼貌。,Tā duì rén hěn yǒu lǐmào.,Anh ấy rất lịch sự với mọi người.,He is very polite to everyone.,4
279,理发,lǐ fà,cắt tóc,hair cutting,今天我要去理发。,Jīntiān wǒ yào qù lǐfà.,Hôm nay tôi sẽ đi cắt tóc.,I am going to get a haircut today.,4
280,理解,lǐ jiě,"lý giải, hiểu","explain, understand",我不理解你的意思。,Wǒ bù lǐjiě nǐ de yìsi.,Tôi không hiểu ý của bạn.,I don't get what you mean.,4
281,理想,lǐ xiǎng,lý tưởng,ideal,他的理想是当医生。,Tā de lǐxiǎng shì dāng yīshēng.,Lý tưởng của anh ấy là trở thành bác sĩ.,His ideal is to become a doctor.,4
282,力气,lì qì,sức lực,force,我没有力气搬动这张桌子。,Wǒ méiyǒu lìqì bāndòng zhè zhāng zhuōzi.,Tôi không có sức để di chuyển cái bàn này.,I don't have the strength to move this table.,4
283,厉害,lì hài,lợi hại,beneficial,他的汉语说得很厉害。,Tā de Hànyǔ shuō de hěn lìhài.,Anh ấy nói tiếng Trung rất giỏi.,He speaks Chinese very well.,4
284,例如,lì rú,ví dụ,For example,例如，苹果和香蕉都是水果。,"Lìrú, píngguǒ hé xiāngjiāo dōu shì shuǐguǒ.","Ví dụ, táo và chuối đều là trái cây.","For example, apples and bananas are both fruits.",4
285,俩,liǎ,hai người,two people,我们俩是好朋友。,Wǒmen liǎ shì hǎo péngyǒu.,Hai chúng tôi là bạn tốt.,We are good friends.,4
286,连,lián,"liên kết, nối",link,他连书都没带。,Tā lián shū dōu méi dài.,Anh ấy thậm chí còn không mang sách.,He didn't even bring any books.,4
287,联系,lián xì,liên hệ,contact,我会联系你。,Wǒ huì liánxì nǐ.,Tôi sẽ liên lạc với bạn.,I will contact you.,4
288,凉快,liáng kuài,mát mẻ,cool,今天很凉快。,Jīntiān hěn liángkuai.,Hôm nay rất mát mẻ.,It's very cool today.,4
289,零钱,líng qián,tiền lẻ,loose,我有一些零钱。,Wǒ yǒu yīxiē língqián.,Tôi có một ít tiền lẻ.,I have some change.,4
290,另外,lìng wài,"ngoài ra, còn lại","in addition, the rest",我们还有另外一个问题要解决。,Wǒmen hái yǒu lìngwài yī ge wèntí yào jiějué.,Chúng ta còn một vấn đề khác cần giải quyết.,We have another problem to solve.,4
291,留,liú,"lưu lại, ở lại",stay,请把文件留在桌上。,Qǐng bǎ wénjiàn liú zài zhuō shàng.,Vui lòng để tài liệu trên bàn.,Please leave the documents on the table.,4
292,流利,liú lì,lưu loát,fluency,他的汉语说得很流利。,Tā de Hànyǔ shuō de hěn liúlì.,Anh ấy nói tiếng Trung rất lưu loát.,He speaks Chinese fluently.,4
293,流行,liú xíng,thịnh hành,prevailing,这首歌很流行。,Zhè shǒu gē hěn liúxíng.,Bài hát này rất thịnh hành.,This song is very popular.,4
294,旅行,lǚ xíng,du lịch,tourism,我们打算去旅行。,Wǒmen dǎsuàn qù lǚxíng.,Chúng tôi dự định đi du lịch.,We are planning to go on a trip.,4
295,律师,lǜ shī,luật sư,lawyer,他是一名律师。,Tā shì yī míng lǜshī.,Anh ấy là một luật sư.,He is a lawyer.,4
296,乱,luàn,loạn,chaos,房间里很乱。,Fángjiān lǐ hěn luàn.,Phòng rất lộn xộn.,The room is very messy.,4
297,麻烦,má fan,"phiền phức, làm phiền","bother, annoy",麻烦你帮我拿一下。,Máfan nǐ bāng wǒ ná yīxià.,Phiền bạn giúp tôi cầm cái này.,Please help me hold this.,4
298,马虎,mǎ hu,qua loa,through the speaker,他做事很马虎。,Tā zuòshì hěn mǎhǔ.,Anh ấy làm việc rất cẩu thả.,He works very sloppily.,4
299,满,mǎn,đầy,full,我的行李箱装满了。,Wǒ de xínglǐ xiāng zhuāng mǎnle.,Vali của tôi đầy rồi.,My suitcase is full.,4
300,毛,máo,lông,hair,我不喜欢穿毛衣。,Wǒ bù xǐhuān chuān máoyī.,Tôi không thích mặc áo lông.,I don't like wearing fur coats.,4
301,毛巾,máo jīn,khăn bông,towel,请给我一条毛巾。,Qǐng gěi wǒ yī tiáo máojīn.,Xin hãy đưa cho tôi một cái khăn tắm.,Please give me a towel.,4
302,美丽,měi lì,đẹp,Pretty,这个地方很美丽。,Zhè ge dìfāng hěn měilì.,Nơi này rất đẹp.,This place is beautiful.,4
303,梦,mèng,"giấc mơ, mơ","dream, dream",我昨晚做了一个好梦。,Wǒ zuówǎn zuò le yī ge hǎo mèng.,Tối qua tôi đã có một giấc mơ đẹp.,I had a nice dream last night.,4
304,迷路,mí lù,lạc đường,astray,我迷路了，找不到回家的路。,"Wǒ mílù le, zhǎo bù dào huí jiā de lù.","Tôi bị lạc, không tìm thấy đường về nhà.",I am lost and can't find my way home.,4
305,密码,mì mǎ,mật khẩu,password,请不要告诉别人我的密码。,Qǐng bùyào gàosù biérén wǒ de mìmǎ.,Xin đừng nói mật khẩu của tôi cho người khác.,Please do not tell my password to anyone.,4
306,免费,miǎn fèi,miễn phí,free of charge,这家博物馆是免费的。,Zhè jiā bówùguǎn shì miǎnfèi de.,Bảo tàng này miễn phí.,This museum is free.,4
307,秒,miǎo,giây,second,我们需要等几秒钟。,Wǒmen xūyào děng jǐ miǎo zhōng.,Chúng ta cần đợi vài giây.,We need to wait a few seconds.,4
308,民族,mín zú,dân tộc,nation,中国是一个多民族的国家。,Zhōngguó shì yī ge duō mínzú de guójiā.,Trung Quốc là một quốc gia đa dân tộc.,China is a multi-ethnic country.,4
309,母亲,mǔ qin,mẹ,Mom,我的母亲很善良。,Wǒ de mǔqīn hěn shànliáng.,Mẹ của tôi rất hiền lành.,My mother is very gentle.,4
310,目的,mù dì,mục đích,purpose,我的目的是学好汉语。,Wǒ de mùdì shì xuéhǎo Hànyǔ.,Mục đích của tôi là học giỏi tiếng Trung.,My goal is to learn Chinese well.,4
311,耐心,nài xīn,nhẫn nại,patience,请耐心一点。,Qǐng nàixīn yīdiǎn.,Xin hãy kiên nhẫn một chút.,Please be patient.,4
312,难道,nán dào,lẽ nào,maybe,难道你不想去吗？,Nándào nǐ bù xiǎng qù ma?,Chẳng lẽ bạn không muốn đi à?,Don't you want to go?,4
313,难受,nán shòu,buồn,Sad,他觉得很难受。,Tā juéde hěn nánshòu.,Anh ấy cảm thấy rất khó chịu.,He felt very uncomfortable.,4
314,内,nèi,bên trong,inside,他住在城市内。,Tā zhù zài chéngshì nèi.,Anh ấy sống trong thành phố.,He lives in the city.,4
315,内容,nèi róng,nội dung,Content,这本书的内容很有趣。,Zhè běn shū de nèiróng hěn yǒuqù.,Nội dung của cuốn sách này rất thú vị.,The content of this book is very interesting.,4
316,能力,néng lì,năng lực,capacity,他有很强的工作能力。,Tā yǒu hěn qiáng de gōngzuò nénglì.,Anh ấy có khả năng làm việc rất tốt.,He is capable of doing very good work.,4
317,年龄,nián líng,tuổi tác,age,她的年龄是25岁。,Tā de niánlíng shì 25 suì.,Cô ấy 25 tuổi.,She is 25 years old.,4
318,弄,nòng,làm,do,别弄坏了我的手机。,Bié nòng huài le wǒ de shǒujī.,Đừng làm hỏng điện thoại của tôi.,Don't break my phone.,4
319,暖和,nuǎn huo,ấm áp,warm,今天天气很暖和。,Jīntiān tiānqì hěn nuǎnhuo.,Hôm nay thời tiết rất ấm áp.,The weather is very warm today.,4
320,偶尔,ǒu ěr,đôi khi,sometimes,我偶尔会去图书馆。,Wǒ ǒu'ěr huì qù túshūguǎn.,Thỉnh thoảng tôi sẽ đi thư viện.,I will go to the library sometimes.,4
321,排队,pái duì,xếp hàng,line up,请大家排队等候。,Qǐng dàjiā páiduì děnghòu.,Xin mọi người xếp hàng chờ.,Please line up.,4
322,排列,pái liè,"sắp xếp, xếp",arrange,书架上的书排列的非常整齐。,shūjià shàng de shū páiliè de fēicháng zhěngqí.,Sách trên giá xếp rất ngay ngắn.,The books on the shelf are arranged neatly.,4
323,判断,pàn duàn,phán đoán,judge,我无法判断他是否说真话。,Wǒ wúfǎ pànduàn tā shìfǒu shuō zhēnhuà.,Tôi không thể đánh giá anh ấy có nói thật hay không.,I can't judge whether he is telling the truth or not.,4
324,陪,péi,cùng,together,她陪我去看医生。,Tā péi wǒ qù kàn yīshēng.,Cô ấy đi cùng tôi đến gặp bác sĩ.,She accompanied me to see the doctor.,4
325,批评,pī píng,phê bình,criticize,他总是批评我的工作。,Tā zǒngshì pīpíng wǒ de gōngzuò.,Anh ấy luôn chỉ trích công việc của tôi.,He always criticizes my work.,4
326,皮肤,pí fū,da,skin,她的皮肤很白。,Tā de pífū hěn bái.,Da của cô ấy rất trắng.,Her skin is very white.,4
327,脾气,pí qì,tính khí,temperament,他的脾气很坏。,Tā de píqì hěn huài.,Tính tình của anh ấy rất tệ.,His temper is very bad.,4
328,篇,piān,lượng từ cho bài viết,word count for article,我读了一篇有趣的文章。,Wǒ dú le yī piān yǒuqù de wénzhāng.,Tôi đã đọc một bài viết thú vị.,I read an interesting article.,4
329,骗,piàn,lừa,deceive,别骗我。,Bié piàn wǒ.,Đừng lừa tôi.,Don't fool me.,4
330,乒乓球,pīng pāng qiú,bóng bàn,ping pong,我喜欢打乒乓球。,Wǒ xǐhuān dǎ pīngpāng qiú.,Tôi thích chơi bóng bàn.,I like playing table tennis.,4
331,平时,píng shí,bình thường,Normal,平时他很少运动。,Píngshí tā hěn shǎo yùndòng.,Thường thì anh ấy ít khi tập thể dục.,He rarely exercises.,4
332,破,pò,"rách, nổ","tear, explode",我的鞋子破了。,Wǒ de xiézi pò le.,Giày của tôi bị rách rồi.,My shoes are torn.,4
333,葡萄,pú táo,nho,grape,这些葡萄很好吃。,Zhèxiē pútao hěn hǎochī.,Những trái nho này rất ngon.,These grapes are delicious.,4
334,普遍,pǔ biàn,phổ biến,popular,这种现象很普遍。,Zhè zhǒng xiànxiàng hěn pǔbiàn.,Hiện tượng này rất phổ biến.,This phenomenon is very common.,4
335,普通话,pǔ tōng huà,tiếng phổ thông,Mandarin,他说普通话说得很好。,Tā shuō Pǔtōnghuà shuō de hěn hǎo.,Anh ấy nói tiếng phổ thông rất tốt.,He speaks Mandarin very well.,4
336,其次,qí cì,tiếp theo,next,首先要努力，其次要坚持。,"Shǒuxiān yào nǔlì, qícì yào jiānchí.","Trước tiên phải nỗ lực, sau đó phải kiên trì.","First effort, then persistence.",4
337,其中,qí zhōng,trong đó,in there,在所有的人群中，其中有一个人是我认识的人。,"Zài suǒyǒu de rénqún zhōng, qízhōng yǒuyī gèrén shì wǒ rènshí de rén.","Trong số tất cả mọi người, có một người tôi biết.","Among all the people, there is one person I know.",4
338,气候,qì hòu,khí hậu,climate,这个地方的气候很宜人。,Zhège dìfāng de qìhòu hěn yírén.,Khí hậu nơi này rất dễ chịu.,The climate here is very pleasant.,4
339,千万,qiān wàn,nhất thiết,necessarily,你千万不要忘记。,Nǐ qiānwàn bùyào wàngjì.,Bạn nhất định đừng quên.,You must not forget.,4
340,签证,qiān zhèng,visa,visa,我需要办理签证。,Wǒ xūyào bànlǐ qiānzhèng.,Tôi cần làm thị thực.,I need a visa.,4
341,敲,qiāo,gõ,type,他敲门进来了。,Tā qiāo mén jìn lái le.,Anh ấy gõ cửa rồi vào.,He knocked on the door and entered.,4
342,桥,qiáo,cầu,bridge,他们在桥上拍照。,Tāmen zài qiáo shàng pāizhào.,Họ chụp ảnh trên cầu.,They took pictures on the bridge.,4
343,巧克力,qiǎo kè lì,sô cô la,chocolate,她给了我一块巧克力。,Tā gěi le wǒ yī kuài qiǎokèlì.,Cô ấy đưa cho tôi một miếng sô-cô-la.,She gave me a piece of chocolate.,4
344,亲戚,qīn qi,họ hàng,relative,我有很多亲戚住在国外。,Wǒ yǒu hěn duō qīnqi zhù zài guówài.,Tôi có nhiều họ hàng sống ở nước ngoài.,I have many relatives living abroad.,4
345,轻,qīng,nhẹ,light,这本书很轻。,Zhè běn shū hěn qīng.,Cuốn sách này rất nhẹ.,This book is very light.,4
346,轻松,qīng sōng,thoải mái,comfortable,他觉得工作很轻松。,Tā juéde gōngzuò hěn qīngsōng.,Anh ấy cảm thấy công việc rất nhẹ nhàng.,He finds the job very easy.,4
347,情况,qíng kuàng,tình hình,situation,目前的情况很复杂。,Mùqián de qíngkuàng hěn fùzá.,Tình hình hiện tại rất phức tạp.,The current situation is very complicated.,4
348,穷,qióng,nghèo,poor,他家很穷。,Tā jiā hěn qióng.,Gia đình anh ấy rất nghèo.,His family is very poor.,4
349,区别,qū bié,khác biệt,distinctive,这个问题有很多区别。,Zhège wèntí yǒu hěn duō qūbié.,Vấn đề này có nhiều khác biệt.,This issue has many variations.,4
350,取,qǔ,lấy,take,请把书取出来。,Qǐng bǎ shū qǔ chūlái.,Vui lòng lấy sách ra.,Please take out the book.,4
351,全部,quán bù,toàn bộ,all,我们全部完成了任务。,Wǒmen quánbù wánchéng le rènwù.,Chúng tôi hoàn thành toàn bộ nhiệm vụ.,We completed the entire mission.,4
352,缺点,quē diǎn,khuyết điểm,defect,他有很多缺点。,Tā yǒu hěn duō quēdiǎn.,Anh ấy có nhiều khuyết điểm.,He has many flaws.,4
353,缺少,quē shǎo,thiếu,lack,这里缺少水。,Zhèlǐ quēshǎo shuǐ.,Ở đây thiếu nước.,There is a shortage of water here.,4
354,却,què,"lại, nhưng","again, but",他很想去，却不能去。,"Tā hěn xiǎng qù, què bùnéng qù.","Anh ấy rất muốn đi, nhưng không thể đi.","He really wanted to go, but he couldn't go.",4
355,确实,què shí,thật sự,actually,这次确实是我的错。,Zhè cì quèshí shì wǒ de cuò.,Lần này thật sự là lỗi của tôi.,This time it was really my fault.,4
356,然而,rán ér,vậy mà,but,然而，他并没有成功。,"Rán'ér, tā bìng méiyǒu chénggōng.","Tuy nhiên, anh ấy không thành công.","However, he was unsuccessful.",4
357,热闹,rè nào,náo nhiệt,bustling,市场很热闹。,Shìchǎng hěn rènào.,Chợ rất nhộn nhịp.,The market is very busy.,4
358,任何,rèn hé,bất kì,any,任何人都可以参加。,Rènhé rén dōu kěyǐ cānjiā.,Bất kỳ ai cũng có thể tham gia.,Anyone can participate.,4
359,任务,rèn wù,nhiệm vụ,mission,我们的任务是保护环境。,Wǒmen de rènwù shì bǎohù huánjìng.,Nhiệm vụ của chúng tôi là bảo vệ môi trường.,Our mission is to protect the environment.,4
360,扔,rēng,ném,throw,请不要随便扔垃圾。,Qǐng bùyào suíbiàn rēng lājī.,Xin đừng vứt rác bừa bãi.,Please do not litter.,4
361,仍然,réng rán,vẫn,still,他仍然在等你。,Tā réngrán zài děng nǐ.,Anh ấy vẫn đang chờ bạn.,He is still waiting for you.,4
362,日记,rì jì,nhật kí,diary,我每天都写日记。,Wǒ měitiān dōu xiě rìjì.,Tôi viết nhật ký mỗi ngày.,I write a diary every day.,4
363,入口,rù kǒu,cửa vào,gateway,这是超市的入口。,Zhè shì chāoshì de rùkǒu.,Đây là lối vào của siêu thị.,This is the entrance to the supermarket.,4
364,散步,sàn bù,tản bộ,walk,我喜欢晚上散步。,Wǒ xǐhuān wǎnshàng sànbù.,Tôi thích đi dạo buổi tối.,I like to take evening walks.,4
365,森林,sēn lín,rừng sâu,deep forest,森林里有很多动物。,Sēnlín lǐ yǒu hěn duō dòngwù.,Trong rừng có rất nhiều động vật.,There are many animals in the forest.,4
366,沙发,shā fā,ghế sô pha,sofa,我家有一张沙发。,Wǒ jiā yǒu yī zhāng shāfā.,Nhà tôi có một chiếc ghế sofa.,My house has a sofa.,4
367,伤心,shāng xīn,tổn thương,damage,他听到这个消息很伤心。,Tā tīngdào zhège xiāoxi hěn shāngxīn.,Anh ấy rất đau lòng khi nghe tin này.,He was heartbroken when he heard the news.,4
368,商量,shāng liáng,"thương lượng, bàn bạc","negotiate, discuss",我们需要商量一下计划。,Wǒmen xūyào shāngliáng yīxià jìhuà.,Chúng ta cần thảo luận kế hoạch một chút.,We need to discuss plans a bit.,4
369,稍微,shāo wēi,một chút,a little bit,你稍微等一下。,Nǐ shāowēi děng yīxià.,Bạn đợi một chút.,You wait a moment.,4
370,勺子,sháo zi,cái thìa,spoon,请给我一把勺子。,Qǐng gěi wǒ yī bǎ sháozi.,Vui lòng đưa tôi một cái muỗng.,Please give me a spoon.,4
371,社会,shè huì,xã hội,society,这个社会变化很快。,Zhège shèhuì biànhuà hěn kuài.,Xã hội này thay đổi rất nhanh.,This society changes very quickly.,4
372,申请,shēn qǐng,xin,Ask for,我申请了一个新工作。,Wǒ shēnqǐng le yī ge xīn gōngzuò.,Tôi đã nộp đơn xin một công việc mới.,I applied for a new job.,4
373,深,shēn,sâu,deep,湖水很深。,Húshuǐ hěn shēn.,Nước hồ rất sâu.,The lake water is very deep.,4
374,甚至,shèn zhì,thậm chí,even,他甚至不知道我的名字。,Tā shènzhì bù zhīdào wǒ de míngzì.,Anh ấy thậm chí không biết tên tôi.,He doesn't even know my name.,4
375,生活,shēng huó,cuộc sống,life,我们的生活很幸福。,Wǒmen de shēnghuó hěn xìngfú.,Cuộc sống của chúng tôi rất hạnh phúc.,Our life is very happy.,4
376,生命,shēng mìng,tính mạng,life,生命很宝贵。,Shēngmìng hěn bǎoguì.,Sinh mệnh rất quý giá.,Life is precious.,4
377,生意,shēng yì,kinh doanh,business,他的生意做得很好。,Tā de shēngyì zuò de hěn hǎo.,Việc kinh doanh của anh ấy rất tốt.,His business is doing very well.,4
378,省,shěng,tỉnh thành,province,我们住在北江省。,Wǒmen zhù zài běijiāng shěng.,Chúng tôi sống ở tỉnh Bắc Giang,We live in Bac Giang province.,4
379,剩,shèng,thừa,excess,剩下的路程只能靠我们自己了。,Shèng xià de lùchéng zhǐ néng kào wǒmen zìjǐ le.,Phần còn lại của hành trình chỉ có thể dựa vào bản thân chúng ta.,The rest of the journey can only depend on ourselves.,4
380,失败,shī bài,thất bại,failure,他没有失败过。,Tā méiyǒu shībài guò.,Anh ấy chưa từng thất bại.,He has never failed.,4
381,失望,shī wàng,thất vọng,disappointed,结果让我很失望。,Jiéguǒ ràng wǒ hěn shīwàng.,Kết quả làm tôi rất thất vọng.,The results disappointed me.,4
382,师傅,shī fù,sư phụ,Master,师傅，请教我开车。,"Shīfù, qǐng jiāo wǒ kāichē.","Thầy, xin dạy tôi lái xe.","Teacher, please teach me to drive.",4
383,十分,shí fēn,vô cùng,extremely,他十分聪明。,Tā shífēn cōngmíng.,Anh ấy rất thông minh.,He is very smart.,4
384,实际,shí jì,thực tế,reality,他的建议很实际。,Tā de jiànyì hěn shíjì.,Lời khuyên của anh ấy rất thực tế.,His advice is very practical.,4
385,实在,shí zài,thật sự,actually,这个故事实在太感人了。,Zhège gùshì shízài tài gǎnrén le.,Câu chuyện này thật sự rất cảm động.,This story is really touching.,4
386,使,shǐ,khiến cho,make,她的表现使观众们非常兴奋。,Tā de biǎoxiàn shǐ guānzhòngmen fēicháng xīngfèn.,Màn trình diễn của cô khiến khán giả vô cùng hưng phấn.,Her performance made the audience extremely excited.,4
387,使用,shǐ yòng,sử dụng,use,请不要随便使用别人的东西。,Qǐng bùyào suíbiàn shǐyòng biérén de dōngxī.,Xin đừng tùy tiện sử dụng đồ của người khác.,Please do not use other people's things without permission.,4
388,世纪,shì jì,thế kỉ,century,这是二十一世纪的科技。,Zhè shì èrshíyī shìjì de kējì.,Đây là công nghệ của thế kỷ 21.,This is 21st century technology.,4
389,是否,shì fǒu,liệu có phải,is it true,他是否同意还不确定。,Tā shìfǒu tóngyì hái bù quèdìng.,Anh ấy có đồng ý hay không còn chưa chắc chắn.,Whether he agrees or not is uncertain.,4
390,适合,shì hé,thích hợp,fit,这件衣服适合你。,Zhè jiàn yīfú shìhé nǐ.,Cái áo này hợp với bạn.,This shirt suits you.,4
391,适应,shì yìng,thích nghi,adapt,他适应了新的环境。,Tā shìyìng le xīn de huánjìng.,Anh ấy đã thích nghi với môi trường mới.,He adapted to the new environment.,4
392,收,shōu,nhận,receive,请收这个包裹。,Qǐng shōu zhège bāoguǒ.,Xin nhận cái gói hàng này.,Please accept this package.,4
393,收入,shōu rù,thu nhập,income,他的收入很高。,Tā de shōurù hěn gāo.,Thu nhập của anh ấy rất cao.,His income is very high.,4
394,收拾,shōu shí,dọn dẹp,clean up,请把房间收拾干净。,Qǐng bǎ fángjiān shōushi gānjìng.,Xin dọn phòng sạch sẽ.,Please clean the room.,4
395,首都,shǒu dū,thủ đô,capital,北京是中国的首都。,Běijīng shì Zhōngguó de shǒudū.,Bắc Kinh là thủ đô của Trung Quốc.,Beijing is the capital of China.,4
396,首先,shǒu xiān,đầu tiên,Firstly,首先要学习，其次要实践。,"Shǒuxiān yào xuéxí, qícì yào shíjiàn.","Trước tiên phải học, sau đó phải thực hành.","First learn, then practice.",4
397,受不了,shòu bù liǎo,không chịu nổi,unbearable,我受不了这么热的天气。,Wǒ shòubùliǎo zhème rè de tiānqì.,Tôi không chịu nổi thời tiết nóng như thế này.,I can't stand this hot weather.,4
398,受到,shòu dào,nhận được,receive,我受到了一封信。,Wǒ shòudào le yī fēng xìn.,Tôi nhận được một lá thư.,I received a letter.,4
399,售货员,shòu huò yuán,nhân viên bán vé,ticket agent,售货员向我介绍了这款手机。,Shòuhuòyuán xiàng wǒ jièshào le zhè kuǎn shǒujī.,Người bán hàng giới thiệu cho tôi mẫu điện thoại này.,The salesman introduced me to this phone model.,4
400,输,shū,thua,lose,我们输了比赛。,Wǒmen shū le bǐsài.,Chúng tôi thua trận đấu.,We lost the match.,4
401,熟悉,shú xī,quen thuộc,familiar,我对这儿很熟悉。,Wǒ duì zhèr hěn shúxī.,Tôi rất quen thuộc với nơi này.,I am very familiar with this place.,4
402,数量,shù liàng,số lượng,quantity,这里的学生数量很多。,Zhèlǐ de xuéshēng shùliàng hěn duō.,Số lượng học sinh ở đây rất nhiều.,The number of students here is huge.,4
403,数字,shù zi,con cố,I tried,这个数字很大。,Zhège shùzì hěn dà.,Con số này rất lớn.,This number is huge.,4
404,帅,shuài,đẹp trai,Handsome,他很帅。,Tā hěn shuài.,Anh ấy rất đẹp trai.,He is very handsome.,4
405,顺便,shùn biàn,nhân tiện,by the way,我顺便买了些水果。,Wǒ shùnbiàn mǎi le xiē shuǐguǒ.,Tôi tiện thể mua một ít hoa quả.,I bought some fruit.,4
406,顺利,shùn lì,thuận lợi,favorable,事情进行得很顺利。,Shìqíng jìnxíng de hěn shùnlì.,Mọi việc tiến hành rất thuận lợi.,Everything went very smoothly.,4
407,顺序,shùn xù,thứ tự,order,请按顺序排队。,Qǐng àn shùnxù páiduì.,Vui lòng xếp hàng theo thứ tự.,Please line up in order.,4
408,说明,shuō míng,nói rõ,speak clearly,请说明一下原因。,Qǐng shuōmíng yīxià yuányīn.,Xin hãy giải thích lý do.,Please explain why.,4
409,硕士,shuò shì,thạc sĩ,Master,他是硕士毕业。,Tā shì shuòshì bìyè.,Anh ấy tốt nghiệp thạc sĩ.,He graduated with a master's degree.,4
410,死,sǐ,chết,die,他突然死了。,Tā tūrán sǐ le.,Anh ấy đột nhiên qua đời.,He suddenly passed away.,4
411,速度,sù dù,tốc độ,speed,请提高速度。,Qǐng tígāo sùdù.,Xin hãy tăng tốc độ.,Please increase the speed.,4
412,塑料袋,sù liào dài,túi ni lông,plastic bag,请不要使用塑料袋。,Qǐng bùyào shǐyòng sùliào dài.,Xin đừng sử dụng túi nhựa.,Please do not use plastic bags.,4
413,酸,suān,chua,sour,这道菜有点酸。,Zhè dào cài yǒudiǎn suān.,Món này hơi chua.,This dish is a bit sour.,4
414,随便,suí biàn,"tùy tiện, tự nhiên","random, natural",请随便坐。,Qǐng suíbiàn zuò.,Xin cứ ngồi tự nhiên.,Please sit down.,4
415,随着,suí zhe,cùng với,with,随着时间的流逝，他变得成熟了。,"Suízhe shíjiān de liúshì, tā biàn dé chéngshú le.","Theo thời gian trôi qua, anh ấy trở nên chín chắn.","As time passed, he matured.",4
416,孙子,sūn zi,cháu trai,grandson,我有两个孙子。,Wǒ yǒu liǎng gè sūnzi.,Tôi có hai cháu trai.,I have two grandsons.,4
417,所有,suǒ yǒu,tất cả,all,所有的人都来了。,Suǒyǒu de rén dōu lái le.,Mọi người đều đã đến.,Everyone has arrived.,4
418,台,tái,"cái, chiếc","the, the",他站在台上。,Tā zhàn zài tái shàng.,Anh ấy đứng trên sân khấu.,He stood on stage.,4
419,抬,tái,ngẩng,look up,请抬一下这个箱子。,Qǐng tái yīxià zhège xiāngzi.,Xin hãy nâng cái hộp này lên một chút.,Please lift this box up a little.,4
420,态度,tài dù,thái độ,attitude,他的态度很不好。,Tā de tàidù hěn bù hǎo.,Thái độ của anh ấy rất tệ.,His attitude is very bad.,4
421,谈,tán,nói chuyện,talk,我们谈了很多事情。,Wǒmen tán le hěn duō shìqíng.,Chúng tôi đã nói về rất nhiều chuyện.,We talked about a lot of things.,4
422,弹钢琴,tán gāng qín,chơi piano,play piano,她会弹钢琴。,Tā huì tán gāngqín.,Cô ấy biết chơi piano.,She can play the piano.,4
423,汤,tāng,canh,soup,我喜欢喝鸡汤。,Wǒ xǐhuān hē jītāng.,Tôi thích uống súp gà.,I like to drink chicken soup.,4
424,糖,táng,đường,road,我不喜欢吃太多糖。,Wǒ bù xǐhuān chī tài duō táng.,Tôi không thích ăn quá nhiều đường.,I don't like to eat too much sugar.,4
425,躺,tǎng,nằm,lie,我喜欢躺在沙发上看书。,Wǒ xǐhuān tǎng zài shāfā shàng kàn shū.,Tôi thích nằm trên ghế sofa đọc sách.,I like lying on the sofa reading a book.,4
426,趟,tàng,chuyến,trip,我刚刚去了一趟商店。,Wǒ gānggāng qù le yī tàng shāngdiàn.,Tôi vừa đi một chuyến đến cửa hàng.,I just took a trip to the store.,4
427,讨论,tǎo lùn,thảo luận,discuss,我们在会议上讨论了这个问题。,Wǒmen zài huìyì shàng tǎolùn le zhège wèntí.,Chúng tôi đã thảo luận về vấn đề này trong cuộc họp.,We discussed this issue in the meeting.,4
428,讨厌,tǎo yàn,ghét,hate,我讨厌吃苦瓜。,Wǒ tǎoyàn chī kǔguā.,Tôi ghét ăn mướp đắng.,I hate eating bitter melon.,4
429,特点,tè diǎn,đặc điểm,characteristic,这个产品的特点是什么？,Zhège chǎnpǐn de tèdiǎn shì shénme?,Đặc điểm của sản phẩm này là gì?,What are the features of this product?,4
430,提,tí,đề ra,propose,请提一些建议。,Qǐng tí yīxiē jiànyì.,Xin hãy đưa ra một vài gợi ý.,Please give some suggestions.,4
431,提供,tí gōng,cung cấp,provide,我们提供免费早餐。,Wǒmen tígōng miǎnfèi zǎocān.,Chúng tôi cung cấp bữa sáng miễn phí.,We offer free breakfast.,4
432,提前,tí qián,trước thời hạn,ahead of schedule,请提前告诉我。,Qǐng tíqián gàosù wǒ.,Xin hãy cho tôi biết trước.,Please let me know in advance.,4
433,提醒,tí xǐng,nhắc nhở,remind,他提醒我明天开会。,Tā tíxǐng wǒ míngtiān kāihuì.,Anh ấy nhắc tôi rằng ngày mai họp.,He reminded me that there was a meeting tomorrow.,4
434,填空,tián kòng,điền trống,fill in the blank,请在填空处写上答案。,Qǐng zài tiánkòng chù xiě shàng dá'àn.,Xin hãy điền câu trả lời vào chỗ trống.,Please fill in the answer in the blank.,4
435,条件,tiáo jiàn,điều kiện,condition,这个工作条件很好。,Zhège gōngzuò tiáojiàn hěn hǎo.,Điều kiện công việc này rất tốt.,The conditions of this job are very good.,4
436,停,tíng,dừng,stop,请停车。,Qǐng tíng chē.,Xin dừng xe.,Please stop the car.,4
437,挺,tǐng,rất,very,他挺高的。,Tā tǐng gāo de.,Anh ấy khá cao.,He is quite tall.,4
438,通过,tōng guò,thông qua,through,我通过了考试。,Wǒ tōngguò le kǎoshì.,Tôi đã qua kỳ thi.,I passed the exam.,4
439,通知,tōng zhī,thông báo,Notification,请通知大家明天的会议。,Qǐng tōngzhī dàjiā míngtiān de huìyì.,Xin thông báo với mọi người về cuộc họp ngày mai.,Please inform everyone about tomorrow's meeting.,4
440,同情,tóng qíng,đồng tình,agree,我们都很同情他。,Wǒmen dōu hěn tóngqíng tā.,Chúng tôi đều rất đồng cảm với anh ấy.,We all sympathize with him.,4
441,同时,tóng shí,đồng thời,simultaneously,他同时做两份工作。,Tā tóngshí zuò liǎng fèn gōngzuò.,Anh ấy làm hai công việc cùng một lúc.,He works two jobs at the same time.,4
442,推,tuī,đẩy,push,请帮我推一下门。,Qǐng bāng wǒ tuī yīxià mén.,Xin hãy giúp tôi đẩy cửa.,Please help me push the door.,4
443,推迟,tuī chí,kéo dài thời gian,extend time,会议推迟到明天。,Huìyì tuīchí dào míngtiān.,Cuộc họp bị hoãn đến ngày mai.,The meeting was postponed until tomorrow.,4
444,脱,tuō,cởi,take off,请脱下你的外套。,Qǐng tuō xià nǐ de wàitào.,Xin cởi áo khoác ra.,Please take off your coat.,4
445,袜子,wà zi,tất chân,stockings,我需要一双新的袜子。,Wǒ xūyào yī shuāng xīn de wàzi.,Tôi cần một đôi tất mới.,I need a new pair of socks.,4
446,完全,wán quán,hoàn toàn,completely,我完全同意你的看法。,Wǒ wánquán tóngyì nǐ de kànfǎ.,Tôi hoàn toàn đồng ý với quan điểm của bạn.,I totally agree with your point.,4
447,网球,wǎng qiú,tennis,tennis,我喜欢打网球。,Wǒ xǐhuān dǎ wǎngqiú.,Tôi thích chơi tennis.,I like playing tennis.,4
448,网站,wǎng zhàn,trang mạng,website,这个网站很好用。,Zhège wǎngzhàn hěn hǎo yòng.,Trang web này rất hữu ích.,This site is very helpful.,4
449,往往,wǎng wǎng,thường (quá khứ),usually (past),他往往迟到。,Tā wǎngwǎng chídào.,Anh ấy thường xuyên đến muộn.,He is often late.,4
450,危险,wēi xiǎn,nguy hiểm,danger,小心，这里很危险。,"Xiǎoxīn, zhèlǐ hěn wēixiǎn.","Cẩn thận, chỗ này rất nguy hiểm.","Be careful, this place is dangerous.",4
451,卫生间,wèi shēng jiān,phòng vệ sinh,bathroom,卫生间在哪里？,Wèishēngjiān zài nǎlǐ?,Nhà vệ sinh ở đâu?,Where is the bathroom?,4
452,味道,wèi dào,mùi vị,taste,这个菜的味道很好。,Zhège cài de wèidào hěn hǎo.,Món này có hương vị rất ngon.,This dish tastes delicious.,4
453,温度,wēn dù,nhiệt độ,temperature,今天的温度很高。,Jīntiān de wēndù hěn gāo.,Nhiệt độ hôm nay rất cao.,The temperature is very high today.,4
454,文章,wén zhāng,bài văn,essay,这篇文章写得很好。,Zhè piān wénzhāng xiě de hěn hǎo.,Bài viết này được viết rất hay.,This article is very well written.,4
455,污染,wū rǎn,ô nhiễm,polluted,这里的污染很严重。,Zhèlǐ de wūrǎn hěn yánzhòng.,Ô nhiễm ở đây rất nghiêm trọng.,Pollution here is very serious.,4
456,无,wú,không,Are not,他无话可说。,Tā wú huà kě shuō.,Anh ấy không biết nói gì.,He was speechless.,4
457,无聊,wú liáo,nhàm chán,boring,这本书很无聊。,Zhè běn shū hěn wúliáo.,Cuốn sách này rất nhàm chán.,This book is very boring.,4
458,无论,wú lùn,bất luận,regardless,无论天气如何，我们都去。,"Wúlùn tiānqì rúhé, wǒmen dōu qù.","Bất kể thời tiết thế nào, chúng tôi đều đi.","No matter what the weather, we go.",4
459,误会,wù huì,hiểu lầm,misread,我误会了他的意思。,Wǒ wùhuì le tā de yìsi.,Tôi đã hiểu lầm ý của anh ấy.,I misunderstood what he meant.,4
460,西红柿,xī hóng shì,cà chua,tomato,我喜欢吃西红柿。,Wǒ xǐhuān chī xīhóngshì.,Tôi thích ăn cà chua.,I like to eat tomatoes.,4
461,吸引,xī yǐn,thu hút,attract,他的表演吸引了很多人。,Tā de biǎoyǎn xīyǐn le hěn duō rén.,Màn biểu diễn của anh ấy thu hút rất nhiều người.,His performance attracted a lot of people.,4
462,咸,xián,mặn,salty,这个菜有点咸。,Zhège cài yǒudiǎn xián.,Món này hơi mặn.,This dish is a bit salty.,4
463,现金,xiàn jīn,tiền mặt,cash,请用现金付款。,Qǐng yòng xiànjīn fùkuǎn.,Vui lòng thanh toán bằng tiền mặt.,Please pay in cash.,4
464,羡慕,xiàn mù,ngưỡng mộ,admire,我羡慕他的生活。,Wǒ xiànmù tā de shēnghuó.,Tôi ngưỡng mộ cuộc sống của anh ấy.,I admire his life.,4
465,相反,xiāng fǎn,ngược lại,opposite,他的意见和我的相反。,Tā de yìjiàn hé wǒ de xiāngfǎn.,Ý kiến của anh ấy trái ngược với của tôi.,His opinion is contrary to mine.,4
466,相同,xiāng tóng,giống nhau,alike,他们有相同的爱好。,Tāmen yǒu xiāngtóng de àihào.,Họ có cùng sở thích.,They have the same interests.,4
467,香,xiāng,thơm,fragrant,这朵花很香。,Zhè duǒ huā hěn xiāng.,Bông hoa này rất thơm.,This flower is very fragrant.,4
468,详细,xiáng xì,tỉ mỉ,meticulous,他给我详细地解释了这个问题。,Tā gěi wǒ xiángxì de jiěshì le zhège wèntí.,Anh ấy giải thích chi tiết vấn đề này cho tôi.,He explained the matter to me in detail.,4
469,响,xiǎng,kêu,call,门铃响了。,Ménlíng xiǎng le.,Chuông cửa reo.,The doorbell rang.,4
470,橡皮,xiàng pí,cục tẩy,eraser,我需要一块橡皮。,Wǒ xūyào yī kuài xiàngpí.,Tôi cần một cục tẩy.,I need an eraser.,4
471,消息,xiāo xi,"thông tin, tin","information, news",你听到了什么消息？,Nǐ tīngdào le shénme xiāoxi?,Bạn nghe thấy tin tức gì?,What news do you hear?,4
472,小吃,xiǎo chī,đồ ăn vặt,Snacks,北京的小吃很有名。,Běijīng de xiǎochī hěn yǒumíng.,Đồ ăn vặt Bắc Kinh rất nổi tiếng.,Beijing snacks are very famous.,4
473,小伙子,xiǎo huǒ zi,anh chàng,guy,他是一个很勤快的小伙子。,Tā shì yīgè hěn qínkuài de xiǎohuǒzi.,Anh ấy là một chàng trai rất chăm chỉ.,He is a very hard working boy.,4
474,小说,xiǎo shuō,tiểu thuyết,novel,这本小说很有意思。,Zhè běn xiǎoshuō hěn yǒu yìsi.,Cuốn tiểu thuyết này rất thú vị.,This novel is very interesting.,4
475,笑话,xiào huà,truyện cười,joke,你的笑话很好笑。,Nǐ de xiàohuà hěn hǎo xiào.,Truyện cười của bạn rất buồn cười.,Your jokes are funny.,4
476,效果,xiào guǒ,hiệu quả,effective,新政策的效果很好。,Xīn zhèngcè de xiàoguǒ hěn hǎo.,Hiệu quả của chính sách mới rất tốt.,The effectiveness of the new policy is very good.,4
477,心情,xīn qíng,tâm trạng,mood,我的心情很好。,Wǒ de xīnqíng hěn hǎo.,Tâm trạng của tôi rất tốt.,I am in a good mood.,4
478,辛苦,xīn kǔ,vất vả,hard,工作很辛苦，但很值得。,"Gōngzuò hěn xīnkǔ, dàn hěn zhídé.",Công việc rất vất vả nhưng rất đáng.,The work is hard but worth it.,4
479,信封,xìn fēng,bức thư,letter,我需要一个信封。,Wǒ xūyào yī gè xìnfēng.,Tôi cần một cái phong bì.,I need an envelope.,4
480,信息,xìn xī,thông tin,information,我们需要更多的信息。,Wǒmen xūyào gèng duō de xìnxī.,Chúng tôi cần thêm thông tin.,We need more information.,4
481,信心,xìn xīn,niềm tin,faith,我对自己有信心。,Wǒ duì zìjǐ yǒu xìnxīn.,Tôi có tự tin vào bản thân.,I have confidence in myself.,4
482,兴奋,xīng fèn,"hưng phấn, hứng khởi",excited,见到你，我很兴奋。,"jiàn dào nǐ, wǒ hěn xīngfèn.",Tôi rất phấn khích khi gặp bạn.,I am so excited to meet you.,4
483,行,xíng,được,Okay,"这条路,行吗？","Zhè tiáo lù, xíng ma?",Con đường này được không?,Is this way ok?,4
484,醒,xǐng,tỉnh,conscious,他醒了。,Tā xǐng le.,Anh ấy đã tỉnh dậy.,He woke up.,4
485,幸福,xìng fú,hạnh phúc,happy,我们过得很幸福。,Wǒmen guò de hěn xìngfú.,Chúng tôi sống rất hạnh phúc.,We live very happily.,4
486,性别,xìng bié,giới tính,sex,请填写你的性别。,Qǐng tiánxiě nǐ de xìngbié.,Vui lòng điền giới tính của bạn.,Please enter your gender.,4
487,性格,xìng gé,tính cách,character,他的性格很开朗。,Tā de xìnggé hěn kāilǎng.,Tính cách của anh ấy rất cởi mở.,His personality is very open.,4
488,修理,xiū lǐ,sửa chữa,repair,他在修理自行车。,Tā zài xiūlǐ zìxíngchē.,Anh ấy đang sửa xe đạp.,He is repairing the bicycle.,4
489,许多,xǔ duō,rất nhiều,so many,学校有许多学生。,Xuéxiào yǒu xǔduō xuéshēng.,Trường có nhiều học sinh.,The school has many students.,4
490,学期,xué qī,học kì,semester,这个学期很忙。,Zhège xuéqī hěn máng.,Học kỳ này rất bận.,This semester is very busy.,4
491,压力,yā lì,áp lực,pressure,我的压力很大。,Wǒ de yālì hěn dà.,Tôi có nhiều áp lực.,I have a lot of pressure.,4
492,呀,yā,a,a,他呀，真是个好人。,"Tā ya, zhēn shì gè hǎo rén.","Anh ấy, thật sự là một người tốt.",He is really a good person.,4
493,牙膏,yá gāo,kem đánh răng,toothpaste,我需要买牙膏。,Wǒ xūyào mǎi yágāo.,Tôi cần mua kem đánh răng.,I need to buy toothpaste.,4
494,亚洲,yà zhōu,châu Á,Asia,亚洲的文化很丰富。,Yàzhōu de wénhuà hěn fēngfù.,Văn hóa châu Á rất phong phú.,Asian culture is very rich.,4
495,严格,yán gé,nghiêm khắc,strict,他对自己很严格。,Tā duì zìjǐ hěn yángé.,Anh ấy rất nghiêm khắc với bản thân.,He is very strict with himself.,4
496,严重,yán zhòng,nghiêm trọng,serious,这个问题很严重。,Zhège wèntí hěn yánzhòng.,Vấn đề này rất nghiêm trọng.,This problem is very serious.,4
497,研究,yán jiū,nghiên cứu,study,他在研究新技术。,Tā zài yánjiū xīn jìshù.,Anh ấy đang nghiên cứu công nghệ mới.,He is researching new technology.,4
498,盐,yán,muối,salt,我们需要加点盐。,Wǒmen xūyào jiā diǎn yán.,Chúng ta cần thêm một chút muối.,We need a little more salt.,4
499,眼镜,yǎn jìng,kính mắt,glasses,我需要戴眼镜。,Wǒ xūyào dài yǎnjìng.,Tôi cần đeo kính.,I need to wear glasses.,4
500,演出,yǎn chū,buổi diễn,show,他们正在准备演出。,Tāmen zhèngzài zhǔnbèi yǎnchū.,Họ đang chuẩn bị biểu diễn.,They are preparing to perform.,4
501,演员,yǎn yuán,diễn viên,performer,他是一名演员。,Tā shì yī míng yǎnyuán.,Anh ấy là một diễn viên.,He is an actor.,4
502,阳光,yáng guāng,ánh nắng,sunshine,今天阳光明媚。,Jīntiān yángguāng míngmèi.,Hôm nay nắng đẹp.,It's a beautiful sunny day.,4
503,养成,yǎng chéng,"nuôi dưỡng, hình thành","nurture, form",这种习惯需要时间养成。,Zhè zhǒng xíguàn xūyào shíjiān yǎngchéng.,Thói quen này cần thời gian để hình thành.,This habit takes time to form.,4
504,样子,yàng zi,"kiểu dáng, dáng vẻ","style, appearance",这件衣服的样子很好看。,Zhè jiàn yīfú de yàngzi hěn hǎokàn.,kiểu dáng của quần áo này rất đẹp.,The style of this dress is very nice.,4
505,邀请,yāo qǐng,mời,invite,我们邀请了很多朋友。,Wǒmen yāoqǐng le hěn duō péngyǒu.,Chúng tôi mời rất nhiều bạn bè.,We invited a lot of friends.,4
506,要是,yào shì,nếu,If,要是你有时间，我们一起去吧。,"Yàoshì nǐ yǒu shíjiān, wǒmen yīqǐ qù ba.","Nếu bạn có thời gian, chúng ta cùng đi nhé.","If you have time, let's go together.",4
507,钥匙,yào shi,chìa khóa,key,我找不到我的钥匙了。,Wǒ zhǎo bù dào wǒ de yàoshi le.,Tôi không tìm thấy chìa khóa của mình.,I can't find my keys.,4
508,也许,yě xǔ,có lẽ,maybe,也许明天会下雨。,Yěxǔ míngtiān huì xià yǔ.,Có lẽ ngày mai sẽ mưa.,Maybe it will rain tomorrow.,4
509,叶子,yè zi,chiếc lá,leaf,树上的叶子变黄了。,Shù shàng de yèzi biàn huáng le.,Lá trên cây đã chuyển sang màu vàng.,The leaves on the trees have turned yellow.,4
510,页,yè,trang mạng,website,请翻到下一页。,Qǐng fān dào xià yī yè.,Vui lòng lật sang trang tiếp theo.,Please turn to the next page.,4
511,一切,yī qiè,tất cả,all,一切都会好的。,Yīqiè dōu huì hǎo de.,Mọi thứ sẽ ổn thôi.,Everything will be fine.,4
512,以,yǐ,"lấy, với","take, with",以他的能力，他能做到。,"Yǐ tā de nénglì, tā néng zuò dào.","Với khả năng của anh ấy, anh ấy có thể làm được.","With his ability, he can do it.",4
513,以为,yǐ wéi,tưởng rằng,think that,我以为他已经走了。,Wǒ yǐwéi tā yǐjīng zǒu le.,Tôi tưởng rằng anh ấy đã đi rồi.,I thought he was gone.,4
514,艺术,yì shù,nghệ thuật,art,他对艺术很有兴趣。,Tā duì yìshù hěn yǒu xìngqù.,Anh ấy rất hứng thú với nghệ thuật.,He is very interested in art.,4
515,意见,yì jiàn,ý kiến,opinion,我有一些不同的意见。,Wǒ yǒu yīxiē bùtóng de yìjiàn.,Tôi có một vài ý kiến khác nhau.,I have a few different opinions.,4
516,因此,yīn cǐ,cho nên,therefore,因此，我们需要改变计划。,"Yīncǐ, wǒmen xūyào gǎibiàn jìhuà.","Vì vậy, chúng ta cần thay đổi kế hoạch.",So we need to change plans.,4
517,引起,yǐn qǐ,"dẫn đến, gây ra","lead to, cause",他的演讲引起了大家的兴趣。,Tā de yǎnjiǎng yǐnqǐ le dàjiā de xìngqù.,Bài diễn thuyết của anh ấy đã thu hút sự quan tâm của mọi người.,His speech attracted everyone's attention.,4
518,印象,yìn xiàng,ấn tượng,impression,我对他的印象很好。,Wǒ duì tā de yìnxiàng hěn hǎo.,Ấn tượng của tôi về anh ấy rất tốt.,My impression of him is very good.,4
519,赢,yíng,thắng,win,我们赢了比赛。,Wǒmen yíng le bǐsài.,Chúng tôi đã thắng trận đấu.,We won the match.,4
520,应聘,yìng pìn,ứng tuyển,apply,我去公司应聘了。,Wǒ qù gōngsī yìngpìn le.,Tôi đã đến công ty để ứng tuyển.,I went to the company to apply.,4
521,永远,yǒng yuǎn,mãi mãi,forever,我们的友谊永远不会改变。,Wǒmen de yǒuyì yǒngyuǎn bù huì gǎibiàn.,Tình bạn của chúng ta sẽ không bao giờ thay đổi.,Our friendship will never change.,4
522,勇敢,yǒng gǎn,dũng cảm,brave,他很勇敢地面对困难。,Tā hěn yǒnggǎn de miànduì kùnnán.,Anh ấy rất dũng cảm đối mặt với khó khăn.,He is very brave in the face of difficulties.,4
523,优点,yōu diǎn,ưu điểm,advantage,他的优点是很认真。,Tā de yōudiǎn shì hěn rènzhēn.,Ưu điểm của anh ấy là rất chăm chỉ.,His advantage is that he is very hard-working.,4
524,优秀,yōu xiù,ưu tú,excellent,她是一个优秀的学生。,Tā shì yīgè yōuxiù de xuéshēng.,Cô ấy là một học sinh xuất sắc.,She is an excellent student.,4
525,幽默,yōu mò,hài hước,humorous,他讲笑话很幽默。,Tā jiǎng xiàohuà hěn yōumò.,Anh ấy kể chuyện cười rất hài hước.,He tells very funny jokes.,4
526,尤其,yóu qí,đặc biệt là,especially,我尤其喜欢吃水果。,Wǒ yóuqí xǐhuān chī shuǐguǒ.,Tôi đặc biệt thích ăn trái cây.,I especially like eating fruit.,4
527,由,yóu,do,by,由他负责这项工作。,Yóu tā fùzé zhè xiàng gōngzuò.,Công việc này do anh ấy phụ trách.,He is in charge of this job.,4
528,由于,yóu yú,do,by,由于下雨，我们取消了计划。,"Yóuyú xiàyǔ, wǒmen qǔxiāo le jìhuà.","Do trời mưa, chúng tôi đã hủy bỏ kế hoạch.","Due to the rain, we cancelled our plans.",4
529,邮局,yóu jú,bưu điện,post office,我去邮局寄信。,Wǒ qù yóujú jì xìn.,Tôi đi bưu điện gửi thư.,I go to the post office to send a letter.,4
530,友好,yǒu hǎo,hữu hảo,friendly,他们对我们很友好。,Tāmen duì wǒmen hěn yǒuhǎo.,Họ rất thân thiện với chúng tôi.,They were very friendly to us.,4
531,友谊,yǒu yì,hữu nghị,friendship,友谊是非常珍贵的。,Yǒuyì shì fēicháng zhēnguì de.,Tình bạn rất quý giá.,Friendship is precious.,4
532,有趣,yǒu qù,hứng thú,interest,这个故事很有趣。,Zhège gùshì hěn yǒuqù.,Câu chuyện này rất thú vị.,This story is very interesting.,4
533,于是,yú shì,thế là,so,天黑了，于是我们回家了。,"Tiān hēi le, yúshì wǒmen huí jiā le.","Trời tối rồi, nên chúng tôi về nhà.","It was dark, so we went home.",4
534,愉快,yú kuài,vui vẻ,happy,希望你度过一个愉快的假期。,Xīwàng nǐ dùguò yīgè yúkuài de jiàqī.,Hy vọng bạn có một kỳ nghỉ vui vẻ.,Hope you have a great holiday.,4
535,与,yǔ,và,and,他与我一起去旅游。,Tā yǔ wǒ yīqǐ qù lǚyóu.,Anh ấy đi du lịch cùng tôi.,He traveled with me.,4
536,羽毛球,yǔ máo qiú,cầu lông,badminton,我喜欢打羽毛球。,Wǒ xǐhuān dǎ yǔmáoqiú.,Tôi thích chơi cầu lông.,I like playing badminton.,4
537,语法,yǔ fǎ,ngữ pháp,grammar,他的语法很好。,Tā de yǔfǎ hěn hǎo.,Ngữ pháp của anh ấy rất tốt.,His grammar is very good.,4
538,语言,yǔ yán,ngôn ngữ,language,他会说多种语言。,Tā huì shuō duō zhǒng yǔyán.,Anh ấy có thể nói nhiều ngôn ngữ.,He can speak many languages.,4
539,预习,yù xí,chuẩn bị trước,prepare in advance,请预习明天的课文。,Qǐng yùxí míngtiān de kèwén.,Vui lòng chuẩn bị trước bài học ngày mai.,Please prepare for tomorrow's lesson.,4
540,原来,yuán lái,"hóa ra, vốn, cũ","turns out, capital, old",我原来住在北京。,Wǒ yuánlái zhù zài Běijīng.,Tôi vốn sống ở Bắc Kinh.,I originally lived in Beijing.,4
541,原谅,yuán liàng,tha thứ,forgive,请原谅我的错误。,Qǐng yuánliàng wǒ de cuòwù.,Xin hãy tha thứ cho lỗi lầm của tôi.,Please forgive my mistakes.,4
542,原因,yuán yīn,nguyên nhân,reason,他解释了事情的原因。,Tā jiěshì le shìqíng de yuányīn.,Anh ấy đã giải thích nguyên nhân của sự việc.,He explained the cause of the incident.,4
543,约会,yuē huì,"hẹn, cuộc hẹn",appointment,明天的约会你来吗？,Míngtiān de yuēhuì nǐ lái ma?,Cuộc hẹn ngày mai bạn đến không?,Are you coming to the appointment tomorrow?,4
544,阅读,yuè dú,đọc hiểu,reading comprehension,我每天阅读书籍。,Wǒ měitiān yuèdú shūjí.,Tôi đọc sách hàng ngày.,I read books every day.,4
545,云,yún,mây,cloud,天空中有很多云。,Tiānkōng zhōng yǒu hěn duō yún.,Trên bầu trời có rất nhiều mây.,There are many clouds in the sky.,4
546,允许,yǔn xǔ,cho phép,allow,这里不允许吸烟。,Zhèlǐ bù yǔnxǔ xīyān.,Ở đây không được phép hút thuốc.,No smoking allowed here.,4
547,杂志,zá zhì,tạp chí,magazine,他正在看杂志。,Tā zhèngzài kàn zázhì.,Anh ấy đang đọc tạp chí.,He is reading a magazine.,4
548,咱们,zán men,chúng ta,we,咱们一起去吧。,Zánmen yīqǐ qù ba.,Chúng ta cùng đi nhé.,Let's go together.,4
549,暂时,zàn shí,tạm thời,temporary,我暂时住在朋友家。,Wǒ zànshí zhù zài péngyǒu jiā.,Tôi tạm thời sống ở nhà bạn.,I'm living at your house temporarily.,4
550,脏,zāng,bẩn,dirty,这件衣服很脏。,Zhè jiàn yīfú hěn zāng.,Bộ quần áo này rất bẩn.,These clothes are very dirty.,4
551,责任,zé rèn,trách nhiệm,responsibility,你要负责任。,Nǐ yào fù zérèn.,Bạn phải chịu trách nhiệm.,You are responsible.,4
552,增加,zēng jiā,tăng thêm,increase,我们需要增加预算。,Wǒmen xūyào zēngjiā yùsuàn.,Chúng ta cần tăng ngân sách.,We need to increase the budget.,4
553,占线,zhàn xiàn,máy bận,Busy,电话一直占线。,Diànhuà yīzhí zhànxiàn.,Điện thoại luôn bận.,The phone is always busy.,4
554,招聘,zhāo pìn,tuyển dụng,recruitment,公司正在招聘员工。,Gōngsī zhèngzài zhāopìn yuángōng.,Công ty đang tuyển dụng nhân viên.,The company is recruiting.,4
555,照,zhào,"chiếu, chụp","projection, photography",请照一下这张照片。,Qǐng zhào yīxià zhè zhāng zhàopiàn.,Xin hãy chụp bức ảnh này.,Please take this photo.,4
556,真正,zhēn zhèng,thật,Real,他是一个真正的朋友。,Tā shì yīgè zhēnzhèng de péngyǒu.,Anh ấy là một người bạn thực sự.,He is a true friend.,4
557,整理,zhěng lǐ,chỉnh sửa,edit,我需要整理房间。,Wǒ xūyào zhěnglǐ fángjiān.,Tôi cần dọn dẹp phòng.,I need to clean my room.,4
558,正常,zhèng cháng,bình thường,Normal,一切都很正常。,Yīqiè dōu hěn zhèngcháng.,Mọi thứ đều rất bình thường.,Everything is very normal.,4
559,正好,zhèng hǎo,vừa hay,just right,你来得正好。,Nǐ lái de zhènghǎo.,Bạn đến vừa đúng lúc.,You came just in time.,4
560,正确,zhèng què,chính xác,Exactly,你的答案是正确的。,Nǐ de dá'àn shì zhèngquè de.,Câu trả lời của bạn là chính xác.,Your answer is correct.,4
561,正式,zhèng shì,chính thức,official,这是一场正式的会议。,Zhè shì yī chǎng zhèngshì de huìyì.,Đây là một cuộc họp chính thức.,This is a formal meeting.,4
562,证明,zhèng míng,chứng minh,prove,请你证明一下身份。,Qǐng nǐ zhèngmíng yīxià shēnfèn.,Vui lòng xác minh danh tính của bạn.,Please verify your identity.,4
563,之,zhī,của,belong to,这本书之内容很丰富。,Zhè běn shū zhī nèiróng hěn fēngfù.,Nội dung của cuốn sách này rất phong phú.,The content of this book is very rich.,4
564,支持,zhī chí,ủng hộ,donate,我们支持你的决定。,Wǒmen zhīchí nǐ de juédìng.,Chúng tôi ủng hộ quyết định của bạn.,We support your decision.,4
565,知识,zhī shí,"tri thức, kiến thức",knowledge,知识是无价之宝。,Zhīshì shì wújià zhī bǎo.,Kiến thức là vô giá.,Knowledge is priceless.,4
566,直接,zhí jiē,trực tiếp,direct,请直接告诉我结果。,Qǐng zhíjiē gàosù wǒ jiéguǒ.,Vui lòng nói trực tiếp với tôi kết quả.,Please tell me the results directly.,4
567,值得,zhí dé,đáng,worth,这部电影很值得看。,Zhè bù diànyǐng hěn zhídé kàn.,Bộ phim này rất đáng xem.,This movie is worth watching.,4
568,职业,zhí yè,nghề nghiệp,job,他的职业是医生。,Tā de zhíyè shì yīshēng.,Nghề nghiệp của anh ấy là bác sĩ.,His profession is doctor.,4
569,植物,zhí wù,thực vật,Plant,我喜欢养植物。,Wǒ xǐhuān yǎng zhíwù.,Tôi thích trồng cây.,I like planting trees.,4
570,只好,zhǐ hǎo,đành,must,下雨了，我们只好回家。,"Xiàyǔ le, wǒmen zhǐhǎo huí jiā.","Trời mưa rồi, chúng ta đành phải về nhà.","It's raining, we have to go home.",4
571,只要,zhǐ yào,chỉ cần,just,只要努力，就会成功。,"Zhǐyào nǔlì, jiù huì chénggōng.","Chỉ cần cố gắng, sẽ thành công.","Just try, will succeed.",4
572,指,zhǐ,chỉ,only,他指了指那棵树。,Tā zhǐle zhǐ nà kē shù.,Anh ấy chỉ vào cái cây kia.,He pointed to that tree.,4
573,至少,zhì shǎo,chí ít,at least,我至少要休息一天。,Wǒ zhìshǎo yào xiūxí yī tiān.,Tôi ít nhất cần nghỉ ngơi một ngày.,I need at least a day off.,4
574,质量,zhì liàng,chất lượng,quality,这家店的产品质量很好。,Zhè jiā diàn de chǎnpǐn zhìliàng hěn hǎo.,Sản phẩm của cửa hàng này có chất lượng rất tốt.,The products of this store are of very good quality.,4
575,重,zhòng,nặng,heavy,这箱子很重。,Zhè xiāngzi hěn zhòng.,Cái vali này rất nặng.,This suitcase is very heavy.,4
576,重点,zhòng diǎn,trọng điểm,focus,这个问题是重点。,Zhège wèntí shì zhòngdiǎn.,Vấn đề này là trọng điểm.,This issue is crucial.,4
577,重视,zhòng shì,coi trọng,respect,他很重视健康。,Tā hěn zhòngshì jiànkāng.,Anh ấy rất coi trọng sức khỏe.,He takes his health very seriously.,4
578,周围,zhōu wéi,xung quanh,around,我住在学校的周围。,Wǒ zhù zài xuéxiào de zhōuwéi.,Tôi sống xung quanh trường học.,I live around the school.,4
579,主意,zhǔ yì,chủ ý,intention,这是一个好主意。,Zhè shì yīgè hǎo zhǔyì.,Đây là một ý tưởng hay.,This is a good idea.,4
580,祝贺,zhù hè,chúc mừng,congratulations,祝贺你通过考试。,Zhùhè nǐ tōngguò kǎoshì.,Chúc mừng bạn đã vượt qua kỳ thi.,Congratulations on passing the exam.,4
581,著名,zhù míng,nổi tiếng,famous,他是一位著名的作家。,Tā shì yī wèi zhùmíng de zuòjiā.,Anh ấy là một nhà văn nổi tiếng.,He is a famous writer.,4
582,专门,zhuān mén,chuyên môn,Expertise,他专门研究历史。,Tā zhuānmén yánjiū lìshǐ.,Anh ấy chuyên nghiên cứu lịch sử.,He majors in history.,4
583,专业,zhuān yè,chuyên ngành,specialized,他的专业是数学。,Tā de zhuānyè shì shùxué.,Chuyên ngành của anh ấy là toán học.,His major is mathematics.,4
584,转,zhuǎn,chuyển,transfer,请把椅子转过来。,Qǐng bǎ yǐzi zhuǎn guòlái.,Vui lòng xoay ghế lại.,Please turn your chair around.,4
585,赚,zhuàn,kiếm,sword,他在公司赚了很多钱。,Tā zài gōngsī zhuàn le hěn duō qián.,Anh ấy kiếm được rất nhiều tiền ở công ty.,He makes a lot of money at the company.,4
586,准确,zhǔn què,chính xác,Exactly,他的答案非常准确。,Tā de dá'àn fēicháng zhǔnquè.,Câu trả lời của anh ấy rất chính xác.,His answer was correct.,4
587,准时,zhǔn shí,đúng giờ,on time,请准时到达。,Qǐng zhǔnshí dàodá.,Vui lòng đến đúng giờ.,Please be on time.,4
588,仔细,zǐ xì,cẩn thận,careful,他做事很仔细。,Tā zuòshì hěn zǐxì.,Anh ấy làm việc rất cẩn thận.,He works very carefully.,4
589,自然,zì rán,tự nhiên,nature,自然景色很美。,Zìrán jǐngsè hěn měi.,Cảnh thiên nhiên rất đẹp.,The natural scenery is very beautiful.,4
590,自信,zì xìn,tự tin,confident,我对自己很有自信。,Wǒ duì zìjǐ hěn yǒu zìxìn.,Tôi rất tự tin vào bản thân.,I am very confident in myself.,4
591,总结,zǒng jié,tổng kết,Summary,他总结了会议的要点。,Tā zǒngjié le huìyì de yàodiǎn.,Anh ấy đã tổng kết các điểm chính của cuộc họp.,He summarized the main points of the meeting.,4
592,租,zū,thuê,rent,我租了一辆车。,Wǒ zū le yī liàng chē.,Tôi đã thuê một chiếc xe.,I rented a car.,4
593,最好,zuì hǎo,tốt nhất,best,这是最好的选择。,Zhè shì zuì hǎo de xuǎnzé.,Đây là lựa chọn tốt nhất.,This is the best option.,4
594,尊重,zūn zhòng,tôn trọng,respect,我们应该尊重他人的意见。,Wǒmen yīnggāi zūnzhòng tārén de yìjiàn.,Chúng ta nên tôn trọng ý kiến của người khác.,We should respect other people's opinions.,4
595,左右,zuǒ yòu,khoảng,about,他站在我左右。,Tā zhàn zài wǒ zuǒyòu.,Anh ấy đứng bên cạnh tôi.,He stood beside me.,4
596,作家,zuò jiā,tác gia,author,他是一位著名的作家。,Tā shì yī wèi zhùmíng de zuòjiā.,Anh ấy là một nhà văn nổi tiếng.,He is a famous writer.,4
597,作用,zuò yòng,tác dụng,effect,这个药对治疗感冒很有作用。,Zhège yào duì zhìliáo gǎnmào hěn yǒu zuòyòng.,Thuốc này rất hiệu quả trong việc điều trị cảm lạnh.,This medicine is very effective in treating colds.,4
598,作者,zuò zhě,tác giả,author,这本书的作者是谁？,Zhè běn shū de zuòzhě shì shéi?,Tác giả của cuốn sách này là ai?,Who is the author of this book?,4
599,座,zuò,tòa,court,这座城市很大。,Zhè zuò chéngshì hěn dà.,Thành phố này rất lớn.,This city is very big.,4
600,座位,zuò wèi,chỗ ngồi,seat,请找你的座位。,Qǐng zhǎo nǐ de zuòwèi.,Vui lòng tìm chỗ ngồi của bạn.,Please find your seat.,4
1,哎,āi,thán từ,interjection,哎，我忘记带钥匙了！,"Āi, wǒ wàngjì dài yàoshi le!","Ôi, tôi quên mang chìa khóa rồi!","Oh, I forgot my keys!",5
2,唉,āi,thán từ,interjection,唉，这个问题真难！,"Ài, zhège wèntí zhēn nán!","Than ôi, vấn đề này thật khó!","Alas, this is a difficult problem!",5
3,爱护,ài hù,"yêu thương, giữ gìn","love, care",我们要爱护环境。,Wǒmen yào àihù huánjìng.,Chúng ta phải bảo vệ môi trường.,We must protect the environment.,5
4,爱惜,ài xī,quý trọng,treasure,他很爱惜自己的书。,Tā hěn àixī zìjǐ de shū.,Anh ấy rất trân trọng sách của mình.,He treasures his books very much.,5
5,爱心,ài xīn,lòng tốt,kindness,她有一颗善良的爱心。,Tā yǒu yī kē shànliáng de àixīn.,Cô ấy có một tấm lòng yêu thương.,She has a loving heart.,5
6,安装,ān zhuāng,lắp đặt,installation,我们正在安装新软件。,Wǒmen zhèngzài ānzhuāng xīn ruǎnjiàn.,Chúng tôi đang lắp đặt phần mềm mới.,We are installing new software.,5
7,岸,àn,bờ,edge,他站在河的对岸。,Tā zhàn zài hé de duì'àn.,Anh ấy đứng ở bờ bên kia của con sông.,He stood on the other side of the river.,5
8,暗,àn,tối,dark,房间里很暗。,Fángjiān lǐ hěn àn.,Trong phòng rất tối.,It was very dark in the room.,5
9,熬夜,áo yè,thức đêm,stay up all night,他经常熬夜工作。,Tā jīngcháng áoyè gōngzuò.,Anh ấy thường xuyên thức khuya làm việc.,He often stays up late working.,5
10,把握,bǎ wò,nắm chắc,hold tight,我们要把握机会。,Wǒmen yào bǎwò jīhuì.,Chúng ta phải nắm bắt cơ hội.,We must seize the opportunity.,5
11,摆,bǎi,bày,display,他在桌上摆了很多书。,Tā zài zhuō shàng bǎi le hěnduō shū.,Anh ấy đã đặt nhiều sách trên bàn.,He put many books on the table.,5
12,办理,bàn lǐ,làm (thủ tục),do (procedure),我需要办理签证。,Wǒ xūyào bànlǐ qiānzhèng.,Tôi cần xử lý visa.,I need to process my visa.,5
13,傍晚,bàng wǎn,chiều muộn,late afternoon,我们傍晚去散步吧。,Wǒmen bàngwǎn qù sànbù ba.,Chúng ta đi dạo vào buổi chiều tối nhé.,Let's go for a walk in the evening.,5
14,包裹,bāo guǒ,bưu kiện,parcel,你的包裹到了。,Nǐ de bāoguǒ dào le.,Gói hàng của bạn đã đến.,Your package has arrived.,5
15,包含,bāo hán,bao hàm,include,这本书包含很多信息。,Zhè běn shū bāohán hěnduō xìnxī.,Cuốn sách này bao gồm nhiều thông tin.,This book contains a lot of information.,5
16,包括,bāo kuò,bao gồm,include,价格包括税金。,Jiàgé bāokuò shuìjīn.,Giá bao gồm thuế.,Price includes tax.,5
17,薄,báo,mỏng,thin,这片面包很薄。,Zhè piàn miànbāo hěn báo.,Miếng bánh mì này rất mỏng.,This piece of bread is very thin.,5
18,宝贝,bǎo bèi,bảo bối,treasure,他是我的小宝贝。,Tā shì wǒ de xiǎo bǎobèi.,Anh ấy là bảo bối nhỏ của tôi.,He is my little treasure.,5
19,宝贵,bǎo guì,quí báu,precious,时间非常宝贵。,Shíjiān fēicháng bǎoguì.,Thời gian rất quý giá.,Time is precious.,5
20,保持,bǎo chí,duy trì,maintain,请保持安静。,Qǐng bǎochí ānjìng.,Xin hãy giữ yên lặng.,Please keep quiet.,5
21,保留,bǎo liú,bảo lưu,reserve,我们应该保留传统文化。,Wǒmen yīnggāi bǎoliú chuántǒng wénhuà.,Chúng ta nên giữ lại văn hóa truyền thống.,We should preserve traditional culture.,5
22,保险,bǎo xiǎn,bảo hiểm,insurance,你有健康保险吗？,Nǐ yǒu jiànkāng bǎoxiǎn ma?,Bạn có bảo hiểm sức khỏe không?,Do you have health insurance?,5
23,报到,bào dào,điểm danh,roll call,新员工需要先报到。,Xīn yuángōng xūyào xiān bàodào.,Nhân viên mới cần đăng ký trước.,New employees need to register first.,5
24,报道,bào dào,"đưa tin, bản tin","news, newsletter",新闻报道说...,Xīnwén bàodào shuō...,Tin tức nói rằng...,The news says...,5
25,报告,bào gào,báo cáo,report,他在会议上做了一个报告。,Tā zài huìyì shàng zuò le yīgè bàogào.,Anh ấy đã trình bày một báo cáo trong cuộc họp.,He presented a report at the meeting.,5
26,报社,bào shè,tòa soạn báo,newspaper office,他在报社工作。,Tā zài bàoshè gōngzuò.,Anh ấy làm việc ở tòa soạn báo.,He works in the newspaper office.,5
27,抱怨,bào yuàn,trách móc,blame,她经常抱怨工作太多。,Tā jīngcháng bàoyuàn gōngzuò tài duō.,Cô ấy thường phàn nàn về việc quá nhiều.,She often complains about having too much.,5
28,背,bèi,"học thuộc, cõng","memorize, carry",他背着一个大包。,Tā bēizhe yīgè dà bāo.,Anh ấy mang theo một cái túi lớn.,He carried a big bag.,5
29,悲观,bēi guān,bi quan,pessimistic,不要总是这么悲观。,Bùyào zǒng shì zhème bēiguān.,Đừng luôn bi quan như vậy.,Don't be so pessimistic.,5
30,背景,bèi jǐng,bối cảnh,context,这幅画的背景很美。,Zhè fú huà de bèijǐng hěn měi.,Bối cảnh của bức tranh này rất đẹp.,The background of this picture is very beautiful.,5
31,被子,bèi zi,chăn,blanket,天冷了，要盖好被子。,"Tiān lěng le, yào gài hǎo bèizi.","Trời lạnh rồi, phải đắp chăn kỹ.","It's cold, cover yourself with a blanket.",5
32,本科,běn kē,trình độ đại học,university degree,他刚刚完成本科课程。,Tā gānggāng wánchéng běnkē kèchéng.,Anh ấy vừa hoàn thành khóa học cử nhân.,He has just completed his bachelor's degree.,5
33,本领,běn lǐng,bản lĩnh,courage,他有很多本领。,Tā yǒu hěnduō běnlǐng.,Anh ấy có nhiều kỹ năng.,He has many skills.,5
34,本质,běn zhì,bản chất,nature,我们要了解问题的本质。,Wǒmen yào liǎojiě wèntí de běnzhì.,Chúng ta phải hiểu bản chất của vấn đề.,We must understand the nature of the problem.,5
35,比例,bǐ lì,tỉ lệ,ratio,图中的比例很重要。,Tú zhōng de bǐlì hěn zhòngyào.,Tỷ lệ trong hình rất quan trọng.,Proportions in a picture are important.,5
36,彼此,bǐ cǐ,"lẫn nhau, với nhau","each other, with each other",他们彼此帮助。,Tāmen bǐcǐ bāngzhù.,Họ giúp đỡ lẫn nhau.,They help each other.,5
37,必然,bì rán,tất yếu,necessary,这是一个必然的结果。,Zhè shì yīgè bìrán de jiéguǒ.,Đây là một kết quả tất nhiên.,This is a natural result.,5
38,必要,bì yào,"cần thiết, cần",necessary,这是一个必要的步骤。,Zhè shì yīgè bìyào de bùzhòu.,Đây là một bước cần thiết.,This is a necessary step.,5
39,避免,bì miǎn,tránh,avoid,我们要避免错误。,Wǒmen yào bìmiǎn cuòwù.,Chúng ta phải tránh sai lầm.,We must avoid mistakes.,5
40,编辑,biān jí,biên tập,Edit,他是一本杂志的编辑。,Tā shì yī běn zázhì de biānjí.,Anh ấy là biên tập viên của một tạp chí.,He is the editor of a magazine.,5
41,鞭炮,biān pào,pháo,cannon,新年时我们放鞭炮。,Xīnnián shí wǒmen fàng biānpào.,Vào năm mới chúng tôi đốt pháo.,On New Year's we set off firecrackers.,5
42,便,biàn,liền,immediately,你便可以走了。,Nǐ biàn kěyǐ zǒu le.,Bạn có thể đi ngay bây giờ.,You can go now.,5
43,辩论,biàn lùn,biện luận,argument,他们在辩论这个问题。,Tāmen zài biànlùn zhège wèntí.,Họ đang tranh luận về vấn đề này.,They are arguing about this issue.,5
44,标点,biāo diǎn,dấu,sign,请注意文章中的标点。,Qǐng zhùyì wénzhāng zhōng de biāodiǎn.,Hãy chú ý đến dấu câu trong bài viết.,Pay attention to punctuation in your writing.,5
45,标志,biāo zhì,"đánh dấu, ký hiệu","mark, symbol",这个标志很明显。,Zhège biāozhì hěn míngxiǎn.,Ký hiệu này rất rõ ràng.,This symbol is very clear.,5
46,表达,biǎo dá,diễn đạt,express,请表达你的意见。,Qǐng biǎodá nǐ de yìjiàn.,Hãy diễn đạt ý kiến của bạn.,Express your opinion.,5
47,表面,biǎo miàn,"bề mặt, bề ngoài","surface, appearance",不要只看表面。,Bùyào zhǐ kàn biǎomiàn.,Đừng chỉ nhìn bề ngoài.,Don't just look at the surface.,5
48,表明,biǎo míng,cho thấy,show,他的话表明他很生气。,Tā de huà biǎomíng tā hěn shēngqì.,Lời nói của anh ấy chứng tỏ anh ấy rất tức giận.,His words showed that he was very angry.,5
49,表情,biǎo qíng,biểu cảm,expression,她的表情很开心。,Tā de biǎoqíng hěn kāixīn.,Nét mặt của cô ấy rất vui.,Her face was happy.,5
50,表现,biǎo xiàn,biểu hiện,expression,她的表现让大家都很满意。,Tā de biǎoxiàn ràng dàjiā dōu hěn mǎnyì.,Biểu hiện của cô ấy khiến mọi người đều hài lòng.,Her expression pleased everyone.,5
51,冰淇淋,bīng qí lín,kem,cream,冰淇淋是夏天的美食。,Bīng qí lín shì xiàtiān de měishí.,Kem là món ăn ngon vào mùa hè.,Ice cream is a delicious summer treat.,5
52,病毒,bìng dú,vi rút,virus,这种病毒很危险，应该小心。,"Zhè zhǒng bìngdú hěn wēixiǎn, yīnggāi xiǎoxīn.","Loại virus này rất nguy hiểm, nên cẩn thận.","This virus is very dangerous, so be careful.",5
53,玻璃,bō lí,thủy tinh,glass,玻璃窗可以让阳光透进来。,Bōlí chuāng kěyǐ ràng yángguāng tòu jìnlái.,Cửa sổ thủy tinh cho phép ánh sáng mặt trời chiếu vào.,Glass windows allow sunlight to shine in.,5
54,播放,bō fàng,phát sóng,broadcast,播放音乐可以放松心情。,Bōfàng yīnyuè kěyǐ fàngsōng xīnqíng.,Phát nhạc có thể giúp thư giãn tâm trạng.,Playing music can help relax the mood.,5
55,脖子,bó zi,cổ,neck,他有一个很长的脖子。,Tā yǒu yīgè hěn cháng de bózi.,Anh ấy có một cái cổ rất dài.,He has a very long neck.,5
56,博物馆,bó wù guǎn,bảo tàng,museum,我们参观了博物馆。,Wǒmen cānguānle bówùguǎn.,Chúng tôi đã thăm bảo tàng.,We visited the museum.,5
57,补充,bǔ chōng,bổ sung,additional,请补充这些信息。,Qǐng bǔchōng zhèxiē xìnxī.,Vui lòng bổ sung thông tin này.,Please add this information.,5
58,不安,bú ān,bất an,insecure,他因为考试不安。,Tā yīnwèi kǎoshì bù'ān.,Anh ấy lo lắng vì kỳ thi.,He is worried about the exam.,5
59,不断,bú duàn,không ngừng,continuous,这个问题需要不断解决。,Zhège wèntí xūyào bùduàn jiějué.,Vấn đề này cần phải giải quyết liên tục.,This issue needs to be addressed continuously.,5
60,不见得,bú jiàn dé,chưa chắc,doubt,结果不见得会更好。,Jiéguǒ bù jiàndé huì gèng hǎo.,Kết quả không nhất thiết sẽ tốt hơn.,The results will not necessarily be better.,5
61,不耐烦,bú nài fán,"chán nản, không kiên nhẫn","frustrated, impatient",他对等待变得不耐烦了。,Tā duì děngdài biàn dé bù nàifán le.,Anh ấy trở nên không kiên nhẫn với việc chờ đợi.,He became impatient with waiting.,5
62,不然,bú rán,nếu không thì,otherwise,快点，不然会迟到。,"Kuài diǎn, bùrán huì chídào.","Nhanh lên, nếu không sẽ bị trễ.","Hurry up, or you will be late.",5
63,不如,bú rú,không bằng,not equal,这次会议不如上次好。,Zhè cì huìyì bùrú shàng cì hǎo.,Cuộc họp lần này không bằng lần trước.,This meeting is not as good as the last one.,5
64,不要紧,bú yào jǐn,không quan trọng,not important,这件事不要紧，慢慢来。,"Zhè jiàn shì bù yàojǐn, màn màn lái.","Việc này không quan trọng, từ từ làm cũng được.","This is not important, just do it slowly.",5
65,不足,bú zú,không đủ,insufficient,他的收入不足以养活家庭。,Tā de shōurù bùzú yǐ yǎnghuó jiātíng.,Thu nhập của anh ấy không đủ để nuôi sống gia đình.,His income is not enough to support his family.,5
66,布,bù,vải,fabric,这布料非常柔软。,Zhè bùliào fēicháng róuruǎn.,Chất liệu vải này rất mềm mại.,This fabric is very soft.,5
67,步骤,bù zhòu,bước,step,这个步骤很复杂。,Zhège bùzhòu hěn fùzá.,Bước này rất phức tạp.,This step is very complicated.,5
68,部门,bù mén,"ban ngành, bộ phận",department,我们部门的工作很忙。,Wǒmen bùmén de gōngzuò hěn máng.,Công việc của bộ phận chúng tôi rất bận rộn.,Our department is very busy.,5
69,财产,cái chǎn,tài sản,asset,他们的财产都被保管得很好。,Tāmen de cáichǎn dōu bèi bǎoguǎn dé hěn hǎo.,Tài sản của họ được quản lý rất tốt.,Their assets are very well managed.,5
70,采访,cǎi fǎng,phỏng vấn,interview,记者来采访了公司老板。,Jìzhě lái cǎifǎngle gōngsī lǎobǎn.,Phóng viên đã đến phỏng vấn giám đốc công ty.,The reporter went to interview the company director.,5
71,采取,cǎi qǔ,"chọn, dùng","choose, use",我们采取了新的措施。,Wǒmen cǎiqǔle xīn de cuòshī.,Chúng tôi đã áp dụng các biện pháp mới.,We have implemented new measures.,5
72,彩虹,cǎi hóng,cầu vồng,rainbow,彩虹出现在雨后的天空中。,Cǎihóng chūxiàn zài yǔ hòu de tiānkōng zhōng.,Cầu vồng xuất hiện trên bầu trời sau cơn mưa.,A rainbow appeared in the sky after the rain.,5
73,踩,cǎi,giẫm,trample,小心不要踩到水。,Xiǎoxīn bùyào cǎi dào shuǐ.,Cẩn thận đừng đạp phải nước.,Be careful not to tread water.,5
74,参考,cān kǎo,tham khảo,reference,这是一个很好的参考资料。,Zhè shì yīgè hěn hǎo de cānkǎo zīliào.,Đây là tài liệu tham khảo rất tốt.,This is a very good reference.,5
75,参与,cān yù,tham gia,join,我们需要参与这个项目。,Wǒmen xūyào cānyù zhège xiàngmù.,Chúng ta cần tham gia vào dự án này.,We need to get involved in this project.,5
76,惭愧,cán kuì,hổ thẹn,ashamed,他对自己的表现感到惭愧。,Tā duì zìjǐ de biǎoxiàn gǎndào cánkuì.,Anh ấy cảm thấy xấu hổ về biểu hiện của mình.,He felt ashamed of his expression.,5
77,操场,cāo chǎng,sân vận động,stadium,孩子们在操场上玩耍。,Háizimen zài cāochǎng shàng wánshuǎ.,Bọn trẻ đang chơi đùa trên sân chơi.,The children are playing on the playground.,5
78,操心,cāo xīn,lo lắng,worry,不用操心，事情会好的。,"Bùyòng cāoxīn, shìqíng huì hǎo de.","Đừng lo lắng, mọi việc sẽ ổn thôi.","Don't worry, everything will be fine.",5
79,册,cè,"quyển, sổ",book,老师在我的纪念册上写了几句临别赠言。,Lǎoshī zài wǒ de jìniàncè shàng xiěle jǐ jù línbié zèngyán.,Giáo viên viết vài lời tạm biệt vào sổ lưu niệm của tôi.,The teacher wrote a few goodbyes in my scrapbook.,5
80,测验,cè yàn,thí nghiệm,experiment,测验的结果让我很惊讶。,Cè yàn de jiéguǒ ràng wǒ hěn jīngyà.,Kết quả bài kiểm tra khiến tôi rất ngạc nhiên.,The test results surprised me.,5
81,曾经,céng jīng,đã từng,used to,我曾经去过那个城市。,Wǒ céngjīng qùguò nàgè chéngshì.,Tôi đã từng đến thành phố đó.,I have been to that city.,5
82,叉子,chā zi,"cái dĩa, cái xiên, cái nĩa","fork, skewer, fork",请用叉子切蛋糕。,Qǐng yòng chāzi qiē dàn'gāo.,Hãy dùng nĩa để cắt bánh.,Use a fork to cut the cake.,5
83,差距,chā jù,sự khác biệt,difference,他们之间的差距很大。,Tāmen zhī jiān de chājù hěn dà.,Khoảng cách giữa họ rất lớn.,The gap between them is huge.,5
84,插,chā,"cắm, chèn",plug,你能把这些插入到报告中吗？,Nǐ néng bǎ zhèxiē chārù dào bàogào zhōng ma?,Bạn có thể chèn những cái này vào báo cáo không?,Can you insert these into the report?,5
85,拆,chāi,"gỡ, dỡ",remove,他拆开了那个包裹。,Tā chāikāile nàgè bāoguǒ.,Anh ấy đã mở gói hàng đó ra.,He opened the package.,5
86,产品,chǎn pǐn,sản phẩm,product,这个产品的质量很好。,Zhège chǎnpǐn de zhìliàng hěn hǎo.,Chất lượng của sản phẩm này rất tốt.,The quality of this product is very good.,5
87,产生,chǎn shēng,"sản sinh, nảy sinh","produce, arise",这次谈话产生了很大的影响。,Zhè cì tánhuà chǎnshēngle hěn dà de yǐngxiǎng.,Cuộc trò chuyện lần này đã tạo ra ảnh hưởng lớn.,This conversation had a big impact.,5
88,长途,cháng tú,đường dài,long way,我们计划长途旅行。,Wǒmen jìhuà chángtú lǚxíng.,Chúng tôi dự định đi du lịch dài ngày.,We are planning to go on a long trip.,5
89,常识,cháng shí,kiến thức cơ bản,basic knowledge,这是一条常识的规则。,Zhè shì yītiáo chángshí de guīzé.,Đây là một quy tắc thông thường.,This is a general rule.,5
90,抄,chāo,chép,copy,他抄了别人的作业。,Tā chāole biérén de zuòyè.,Anh ấy đã sao chép bài tập của người khác.,He copied other people's homework.,5
91,超级,chāo jí,"siêu cấp, cực kỳ","super, extremely",这是一个超级大的市场。,Zhè shì yīgè chāojí dà de shìchǎng.,Đây là một siêu thị cực lớn.,This is a huge supermarket.,5
92,朝,cháo,về hướng,toward,我们朝着目标前进。,Wǒmen cháozhe mùbiāo qiánjìn.,Chúng tôi tiến về phía mục tiêu.,We move towards the goal.,5
93,潮湿,cháo shī,ẩm ướt,humid,空气有些潮湿。,Kōngqì yǒuxiē cháoshī.,Không khí hơi ẩm.,The air is slightly humid.,5
94,吵,chǎo,ồn ào,noisy,外面的声音很吵。,Wàimiàn de shēngyīn hěn chǎo.,Âm thanh bên ngoài rất ồn ào.,It's very noisy outside.,5
95,吵架,chǎo jià,cãi vã,quarrel,他们在街上吵架。,Tāmen zài jiē shàng chǎojià.,Họ đang cãi nhau trên đường phố.,They are arguing in the street.,5
96,炒,chǎo,xào,fry,炒菜时要加一些盐。,Chǎocài shí yào jiā yīxiē yán.,"Khi xào món ăn, hãy thêm một ít muối.","When stir-frying food, add a little salt.",5
97,车库,chē kù,nhà xe,garage,车库里停了两辆车。,Chēkù lǐ tíngle liǎng liàng chē.,Trong gara có hai chiếc xe đỗ.,There are two cars parked in the garage.,5
98,车厢,chē xiāng,toa tàu,train,车厢里非常拥挤。,Chēxiāng lǐ fēicháng yōngjǐ.,Trong toa tàu rất đông đúc.,The train was very crowded.,5
99,彻底,chè dǐ,triệt để,thoroughly,彻底清理房间是很重要的。,Chèdǐ qīnglǐ fángjiān shì hěn zhòngyào de.,Dọn dẹp phòng một cách triệt để là rất quan trọng.,It is important to clean your room thoroughly.,5
100,沉默,chén mò,im lặng,silent,他在会议上保持沉默。,Tā zài huìyì shàng bǎochí chénmò.,Anh ấy giữ im lặng trong cuộc họp.,He kept quiet during the meeting.,5
101,趁,chèn,nhân,core,"趁着年轻,我们要好好珍惜身边的一切!","Chènzhe niánqīng, wǒmen yào hǎohǎo zhēnxī shēnbiān de yīqiè!","Nhân khi còn trẻ, chúng ta nên trân trọng mọi thứ xung quanh mình!","While we are young, we should cherish everything around us!",5
102,称,chēng,gọi là,called,我被大家称为“老李”。,"Wǒ bèi dàjiā chēngwéi ""Lǎo Lǐ"".","Tôi đượng mọi người gọi là "" lão Lí"".","I am called ""Old Li"" by everyone.",5
103,称呼,chēng hū,xưng hô,form of address,请问怎么称呼呢？,Qǐngwèn zěnme chēnghu ne?,Xin hỏi xưng hô thế nào nhỉ?,How should I address you?,5
104,称赞,chēng zàn,tán thưởng,applaud,她称赞了我的工作。,Tā chēngzànle wǒ de gōngzuò.,Cô ấy khen ngợi công việc của tôi.,She complimented my work.,5
105,成分,chéng fèn,thành phần,ingredient,这种食物的成分很简单。,Zhè zhǒng shíwù de chéngfèn hěn jiǎndān.,Thành phần của món ăn này rất đơn giản.,The ingredients of this dish are very simple.,5
106,成果,chéng guǒ,thành quả,results,我们取得了很好的成果。,Wǒmen qǔdéle hěn hǎo de chéngguǒ.,Chúng tôi đã đạt được kết quả rất tốt.,We have achieved very good results.,5
107,成就,chéng jiù,thành tựu,Achievement,他的努力带来了巨大的成就。,Tā de nǔlì dàiláile jùdà de chéngjiù.,Sự nỗ lực của anh ấy đã mang lại thành tựu lớn.,His efforts have brought great success.,5
108,成立,chéng lì,thành lập,establish,这个公司刚刚成立。,Zhège gōngsī gānggāng chénglì.,Công ty này vừa mới được thành lập.,This company was recently established.,5
109,成人,chéng rén,người lớn,adult,除了最小的女儿外，‌其他孩子都已成人。‌,"Chú le zuì xiǎo de nǚ'ér wài,‌qítā háizi dōu yǐ chéngrén.‌","Ngoại trừ cô con gái út, những đứa trẻ khác đều đã trưởng thành. ‌","Except for the youngest daughter, the other children are all grown up.",5
110,成熟,chéng shú,thành thục,mature,她非常成熟，处理问题很冷静。,"Tā fēicháng chéngshú, chǔlǐ wèntí hěn lěngjìng.",Cô ấy rất trưởng thành và xử lý vấn đề rất bình tĩnh.,She is very mature and handles problems very calmly.,5
111,成语,chéng yǔ,thành ngữ,idiom,这是一句成语，很有意思。,"Zhè shì yī jù chéngyǔ, hěn yǒu yìsi.","Đây là một câu thành ngữ, rất thú vị.","This is an idiom, very interesting.",5
112,成长,chéng zhǎng,trưởng thành,mature,孩子们在健康成长。,Háizimen zài jiànkāng chéngzhǎng.,Những đứa trẻ đang trưởng thành khỏe mạnh.,The children are growing up healthy.,5
113,诚恳,chéng kěn,thành khẩn,sincere,他说话非常诚恳。,Tā shuōhuà fēicháng chéngkěn.,Anh ấy nói chuyện rất chân thành.,He speaks very sincerely.,5
114,承担,chéng dān,chịu trách nhiệm,in charge of,我们需要承担更多的责任。,Wǒmen xūyào chéngdān gèng duō de zérèn.,Chúng ta cần phải gánh vác nhiều trách nhiệm hơn.,We need to take more responsibility.,5
115,承认,chéng rèn,thừa nhận,admit,我承认我犯了错。,Wǒ chéngrèn wǒ fànle cuò.,Tôi thừa nhận tôi đã phạm lỗi.,I admit I made a mistake.,5
116,承受,chéng shòu,chịu đựng,suffer,他能够承受很大的压力。,Tā nénggòu chéngshòu hěn dà de yālì.,Anh ấy có thể chịu đựng áp lực rất lớn.,He can handle a lot of pressure.,5
117,程度,chéng dù,trình độ,level,这个问题的难度程度很高。,Zhège wèntí de nándù chéngdù hěn gāo.,Mức độ khó của vấn đề này rất cao.,The difficulty level of this problem is very high.,5
118,程序,chéng xù,trình tự,sequence,我们在程序中发现了一些错误。,Wǒmen zài chéngxù zhōng fāxiànle yīxiē cuòwù.,Chúng tôi phát hiện một số lỗi trong chương trình.,We found some bugs in the program.,5
119,吃亏,chī kuī,thiệt thòi,disadvantage,这次比赛我吃亏了。,Zhè cì bǐsài wǒ chīkuīle.,Tôi đã bị thiệt thòi trong cuộc thi lần này.,I was at a disadvantage in this competition.,5
120,池塘,chí táng,ao hồ,lake,池塘里有很多鱼。,Chítáng lǐ yǒu hěn duō yú.,Trong ao có rất nhiều cá.,There are many fish in the pond.,5
121,迟早,chí zǎo,sớm muộn,sooner or later,迟早我们会找到解决办法的。,Chízǎo wǒmen huì zhǎodào jiějué bànfǎ de.,Sớm hay muộn chúng ta cũng sẽ tìm ra giải pháp.,Sooner or later we will find a solution.,5
122,持续,chí xù,"kéo dài, tiêp tục","prolong, continue",这个问题需要持续关注。,Zhège wèntí xūyào chíxù guānzhù.,Vấn đề này cần tiếp tục theo dõi.,This issue needs further monitoring.,5
123,尺子,chǐ zi,thước đo,ruler,请用尺子量一下长度。,Qǐng yòng chǐzi liáng yīxià chángdù.,Vui lòng dùng thước để đo chiều dài.,Please use a ruler to measure the length.,5
124,翅膀,chì bǎng,cánh,wing,小鸟的翅膀很漂亮。,Xiǎoniǎo de chìbǎng hěn piàoliang.,Đôi cánh của con chim nhỏ rất đẹp.,The little bird's wings are very beautiful.,5
125,冲,chōng,"xông, xô đẩy","rush, push",他们在冲向终点。,Tāmen zài chōng xiàng zhōngdiǎn.,Họ đang lao về phía đích.,They are rushing towards the finish line.,5
126,充分,chōng fèn,đầy đủ,full,这个计划充分考虑了所有因素。,Zhège jìhuà chōngfèn kǎolǜle suǒyǒu yīnsù.,Kế hoạch này đã cân nhắc đầy đủ tất cả các yếu tố.,This plan has taken all factors into full consideration.,5
127,充满,chōng mǎn,tràn đầy,full,房间里充满了温暖的光线。,Fángjiān lǐ chōngmǎnle wēnnuǎn de guāngxiàn.,Căn phòng tràn ngập ánh sáng ấm áp.,The room was filled with warm light.,5
128,重复,chóng fù,lặp lại,repeat,这个任务需要重复几次。,Zhège rènwù xūyào chóngfù jǐ cì.,Nhiệm vụ này cần phải lặp lại vài lần.,This task needs to be repeated several times.,5
129,宠物,chǒng wù,thú cưng,pet,他有很多宠物，比如猫和狗。,"Tā yǒu hěn duō chǒngwù, bǐrú māo hé gǒu.","Anh ấy có nhiều thú cưng, chẳng hạn như mèo và chó.","He has many pets, such as cats and dogs.",5
130,抽屉,chōu tì,ngăn kéo,drawers,抽屉里放了很多文具。,Chōutì lǐ fàngle hěn duō wénjù.,Ngăn kéo có chứa nhiều đồ dùng văn phòng.,The drawer holds a variety of office supplies.,5
131,抽象,chōu xiàng,trừu tượng,abstract,他的画儿风格很抽象。,Tā de huàr fēnggé hěn chōuxiàng.,Phong cách tranh của anh ấy rất trừu tượng.,His painting style is very abstract.,5
132,丑,chǒu,xấu,bad,那只狗的样子确实很丑。,Nà zhī gǒu de yàngzi quèshí hěn chǒu.,Dáng vẻ của chú chó kia thực sự rất xấu.,That dog looks really bad.,5
133,臭,chòu,thối,rotten,这个地方的味道很臭。,Zhège dìfāng de wèidào hěn chòu.,Mùi ở nơi này rất hôi.,It smells bad in this place.,5
134,出版,chū bǎn,xuất bản,publish,这本书已经出版了。,Zhè běn shū yǐjīng chūbǎnle.,Quyển sách này đã được xuất bản.,This book has been published.,5
135,出口,chū kǒu,"lối ra, cửa ra","exit, exit",这个港口是重要的出口。,Zhège gǎngkǒu shì zhòngyào de chūkǒu.,Cảng này là một cửa khẩu quan trọng.,This port is an important border gate.,5
136,出色,chū sè,xuất sắc,excellent,她的表现非常出色。,Tā de biǎoxiàn fēicháng chūsè.,Biểu hiện của cô ấy rất xuất sắc.,Her performance was excellent.,5
137,出示,chū shì,xuất trình,present,请出示你的身份证。,Qǐng chūshì nǐ de shēnfènzhèng.,Vui lòng xuất trình chứng minh nhân dân của bạn.,Please show your ID.,5
138,出席,chū xí,tham dự,attend,每一次出席，都是对人生舞台的又一次征服。,"Měi yīcì chūxí, dōu shì duì rénshēng wǔtái de yòu yīcì zhēngfú.",Mỗi lần bạn tham dự là một cuộc chinh phục khác của một giai đoạn cuộc đời.,Every time you attend is another conquest of a stage of life.,5
139,初级,chū jí,sơ cấp,primary,这是初级课程，非常简单。,"Zhè shì chūjí kèchéng, fēicháng jiǎndān.","Đây là khóa học sơ cấp, rất đơn giản.","This is a very simple, beginner course.",5
140,除非,chú fēi,trừ phi,unless,除非你告诉我，否则我不知道。,"Chúfēi nǐ gàosù wǒ, fǒuzé wǒ bù zhīdào.","Trừ khi bạn nói cho tôi, nếu không tôi không biết.","Unless you tell me, I don't know.",5
141,除夕,chú xī,giao thừa,New Year Eve,我们在除夕晚上吃年夜饭。,Wǒmen zài chúxī wǎnshàng chī niányèfàn.,Chúng tôi ăn bữa tối giao thừa vào đêm Giao thừa.,We had New Year's Eve dinner on New Year's Eve.,5
142,处理,chǔ lǐ,xử lý,handle,这个问题需要认真处理。,Zhège wèntí xūyào rènzhēn chǔlǐ.,Vấn đề này cần được xử lý nghiêm túc.,This issue needs to be taken seriously.,5
143,传播,chuán bō,"lan truyền, lây lan",spread,这个消息通过网络传播很快。,Zhège xiāoxī tōngguò wǎngluò chuánbō hěn kuài.,Tin tức này lan truyền nhanh chóng qua mạng.,The news spread quickly through the internet.,5
144,传染,chuán rǎn,nhiễm,infected,这种病很容易传染。,Zhè zhǒng bìng hěn róngyì chuánrǎn.,Bệnh này dễ lây nhiễm.,This disease is contagious.,5
145,传说,chuán shuō,truyền thuyết,legend,这是一个古老的传说。,Zhè shì yīgè gǔlǎo de chuánshuō.,Đây là một truyền thuyết cổ xưa.,This is an ancient legend.,5
146,传统,chuán tǒng,truyền thống,traditional,我们保持了传统的节日习俗。,Wǒmen bǎochíle chuántǒng de jiérì xísú.,Chúng tôi giữ gìn các phong tục ngày lễ truyền thống.,We preserve traditional holiday customs.,5
147,窗帘,chuāng lián,rèm cửa,curtain,窗帘需要定期清洗。,Chuānglián xūyào dìngqī qīngxǐ.,Rèm cửa cần được làm sạch định kỳ.,Curtains need to be cleaned periodically.,5
148,闯,chuǎng,"xông vào, xông lên","charge in, charge up",他闯入了别人的房间。,Tā chuǎngrùle biérén de fángjiān.,Anh ấy xông vào phòng của người khác.,He barged into someone else's room.,5
149,创造,chuàng zào,sáng tạo,creative,他们正在创造新的艺术作品。,Tāmen zhèngzài chuàngzào xīn de yìshù zuòpǐn.,Họ đang tạo ra các tác phẩm nghệ thuật mới.,They are creating new works of art.,5
150,吹,chuī,thổi,blow,风吹得很大。,Fēng chuī dé hěn dà.,Gió thổi rất mạnh.,The wind is blowing very hard.,5
151,词汇,cí huì,từ vựng,vocabulary,学习新词汇对提高语言能力很重要。,Xuéxí xīn cíhuì duì tígāo yǔyán nénglì hěn zhòngyào.,Học từ vựng mới rất quan trọng để nâng cao khả năng ngôn ngữ.,Learning new vocabulary is important to improve language skills.,5
152,辞职,cí zhí,"từ chức, bỏ việc",resign,他决定辞职去找一个新的工作。,Tā juédìng cízhí qù zhǎo yīgè xīn de gōngzuò.,Anh ấy quyết định từ chức để tìm một công việc mới.,He decided to resign to find a new job.,5
153,此外,cǐ wài,ngoài ra,Besides,他给了我一本书，一支钢笔，此外还给了我一些钱。,"Tā gěile wǒ yī běn shū, yī zhī gāngbǐ, cǐwài hái gěile wǒ yīxiē qián.","Anh ấy đưa cho tôi một cuốn sách, một cây bút, ngoài a còn đưa tôi một ít tiền.","He gave me a book, a pen, and some money.",5
154,次要,cì yào,thứ yếu,secondary,这是次要的任务，可以先完成其他任务。,"Zhè shì cìyào de rènwù, kěyǐ xiān wánchéng qítā rènwù.","Đây là nhiệm vụ thứ yếu, có thể hoàn thành các nhiệm vụ khác trước.","This is a secondary quest, other quests can be completed first.",5
155,刺激,cì jī,kích thích,stimulate,这个新闻刺激了市场。,Zhège xīnwén cìjīle shìchǎng.,Tin tức này đã kích thích thị trường.,This news has stimulated the market.,5
156,匆忙,cōng máng,vội vàng,rush,他匆忙地完成了任务。,Tā cōngmáng de wánchéngle rènwù.,Anh ấy vội vã hoàn thành nhiệm vụ.,He hurried to complete the task.,5
157,从此,cóng cǐ,từ đó,since,从此以后，我就开始学习汉语了。,"Cóngcǐ yǐhòu, wǒ jiù kāishǐ xuéxí hànyǔle.","Từ đó về sau, tôi đã bắt đầu học tiếng Trung.","From then on, I started learning Chinese.",5
158,从而,cóng ér,cho nên,therefore,他得到了一份工作，从而改善了生活。,"Tā dédàole yī fèn gōngzuò, cóng'ér gǎishànle shēnghuó.","Anh ấy có được một công việc, từ đó cải thiện cuộc sống.","He got a job, thereby improving his life.",5
159,从前,cóng qián,từ trước,from before,从前有一个美丽的村庄。,Cóngqián yǒu yīgè měilì de cūnzhuāng.,Ngày xưa có một ngôi làng đẹp.,Once upon a time there was a beautiful village.,5
160,从事,cóng shì,theo đuổi,pursue,他从事于软件开发工作。,Tā cóngshì yú ruǎnjiàn kāifā gōngzuò.,Anh ấy làm việc trong lĩnh vực phát triển phần mềm.,He works in software development.,5
161,粗糙,cū cāo,thô ráp,rough,这块木板的表面很粗糙。,Zhè kuài mùbǎn de biǎomiàn hěn cūcāo.,Bề mặt của tấm gỗ này rất thô ráp.,The surface of this wood is very rough.,5
162,促进,cù jìn,xúc tiến,promote,他们的目标是促进国际合作。,Tāmen de mùbiāo shì cùjìn guójì hézuò.,Mục tiêu của họ là thúc đẩy hợp tác quốc tế.,Their goal is to promote international cooperation.,5
163,促使,cù shǐ,thúc đẩy,promote,这件事促使了他做出改变。,Zhè jiàn shì cùshǐle tā zuòchū gǎibiàn.,Việc này đã khiến anh ấy phải thay đổi.,This made him change.,5
164,醋,cù,giấm,vinegar,我喜欢在菜里加一点醋。,Wǒ xǐhuān zài cài lǐ jiā yīdiǎn cù .,Tôi thích thêm một chút giấm vào món ăn.,I like to add a little vinegar to my dishes.,5
165,催,cuī,giục,urge,他催大家快点完成工作。,Tā cuī dàjiā kuài diǎn wánchéng gōngzuò.,Anh ấy thúc giục mọi người hoàn thành công việc nhanh chóng.,He urged everyone to finish the work quickly.,5
166,存在,cún zài,tồn tại,exist,这种现象在社会中存在很久了。,Zhè zhǒng xiànxiàng zài shèhuì zhōng cúnzài hěnjiǔle.,Hiện tượng này đã tồn tại trong xã hội từ lâu.,This phenomenon has existed in society for a long time.,5
167,措施,cuò shī,"sách lược, chính sách","strategy, policy",我们需要采取新的措施。,Wǒmen xūyào cǎiqǔ xīn de cuòshī.,Chúng ta cần phải thực hiện các biện pháp mới.,We need to take new measures.,5
168,答应,dā yìng,"hứa, đồng ý","promise, agree",我答应会准时到达。,Wǒ dāyìng huì zhǔnshí dàodá.,Tôi hứa sẽ đến đúng giờ.,I promise to be on time.,5
169,达到,dá dào,đạt đến,reach,他终于达到了他的目标。,Tā zhōngyú dádàole tā de mùbiāo.,Anh ấy cuối cùng đã đạt được mục tiêu của mình,He finally achieved his goal.,5
170,打工,dǎ gōng,làm thêm,work overtime,他在餐馆打工。,Tā zài cānguǎn dǎgōng.,Anh ấy làm việc bán thời gian tại nhà hàng.,He works part time at a restaurant.,5
171,打交道,dǎ jiāo dào,kết bạn,make friend,我们经常打交道。,Wǒmen jīngcháng dǎjiāodào.,Chúng tôi thường xuyên tiếp xúc.,We are in regular contact.,5
172,打喷嚏,dǎ pēn tì,hắt xì,sneeze,她打了一个喷嚏。,Tā dǎle yīgè pēntì.,Cô ấy hắt hơi một cái.,She sneezed.,5
173,打听,dǎ tīng,hỏi thăm,ask about,我想打听一下他在哪里。,Wǒ xiǎng dǎtīng yīxià tā zài nǎlǐ.,Tôi muốn hỏi xem anh ấy ở đâu.,I want to ask where he is.,5
174,大方,dà fāng,phóng khoáng,liberal,她很大方，愿意帮助别人。,"Tā hěn dàfāng, yuànyì bāngzhù biérén.",Cô ấy rất hào phóng và sẵn sàng giúp đỡ người khác.,She is very generous and willing to help others.,5
175,大厦,dà shà,tòa nhà,building,这座大厦很高。,Zhè zuò dàshà hěn gāo.,Tòa nhà này rất cao.,This building is very tall.,5
176,大象,dà xiàng,voi,elephant,动物园里有一只大象。,Dòngwùyuán lǐ yǒu yī zhī dàxiàng.,Có một con voi trong vườn thú.,There is an elephant in the zoo.,5
177,大型,dà xíng,lớn (qui mô),large (scale),这是一种大型的设备。,Zhè shì yī zhǒng dàxíng de shèbèi.,Đây là một thiết bị lớn.,This is a big device.,5
178,呆,dāi,"ở lì, ở",stay,他看起来有点呆。,Tā kàn qǐlái yǒudiǎn dāi.,Anh ấy trông hơi ngốc nghếch.,He looks a bit silly.,5
179,代表,dài biǎo,đại diện,represent,他代表公司参加会议。,Tā dàibiǎo gōngsī cānjiā huìyì.,Anh ấy đại diện công ty tham gia cuộc họp.,He represented the company at the meeting.,5
180,代替,dài tì,thay thế,replace,我们需要找人代替他。,Wǒmen xūyào zhǎo rén dàtì tā.,Chúng ta cần tìm người thay thế anh ấy.,We need to find someone to replace him.,5
181,贷款,dài kuǎn,vay tiền,borrow money,我们申请了一个贷款。,Wǒmen shēnqǐngle yīgè dàikuǎn.,Chúng tôi đã xin một khoản vay.,We applied for a loan.,5
182,待遇,dài yù,đãi ngộ,treatment,他的待遇非常好。,Tā de dàiyù fēicháng hǎo.,Đãi ngộ của anh ấy rất tốt.,His treatment is very good.,5
183,担任,dān rèn,đảm nhiệm,take charge,她担任了项目经理。,Tā dānrènle xiàngmù jīnglǐ.,Cô ấy đảm nhiệm vị trí quản lý dự án.,She holds the position of project manager.,5
184,单纯,dān chún,"đơn thuần,ngây thơ","simple, innocent",他是一个单纯的人。,Tā shì yīgè dānchún de rén.,Anh ấy là một người đơn thuần.,He is a simple man.,5
185,单调,dān diào,đơn điệu,monotonous,这个房间的颜色很单调。,Zhège fángjiān de yánsè hěn dāndiào.,Màu sắc của căn phòng này rất đơn điệu.,The color of this room is very monotonous.,5
186,单独,dān dú,đơn độc,single,我想单独去旅行。,Wǒ xiǎng dān dú qù lǚxíng.,Tôi muốn đi du lịch một mình.,I want to travel alone.,5
187,单位,dān wèi,đơn vị,unit,这个单位有很多员工。,Zhège dānwèi yǒu hěn duō yuángōng.,Đơn vị này có nhiều nhân viên.,This unit has many employees.,5
188,单元,dān yuán,"đơn nguyên, cụm","unit, cluster",这本书分为五个单元。,zhè běn shū fēn wéi wǔ gè dānyuán.,Quyển sách này được chia thành năm đơn vị bài.,This book is divided into five units.,5
189,耽误,dān wù,bỏ lỡ,miss,这件事会耽误你的工作。,Zhè jiàn shì huì dānwù nǐ de gōngzuò.,Việc này sẽ làm lãng phí thời gian công việc của bạn.,This will waste your working time.,5
190,胆小鬼,dǎn xiǎo guǐ,kẻ nhát gan,coward,他是一个胆小鬼。,Tā shì yīgè dǎnxiǎoguǐ.,Anh ấy là một kẻ nhát gan.,He is a coward.,5
191,淡,dàn,nhạt,bland,这个颜色很淡。,Zhège yánsè hěn dàn.,Màu sắc này rất nhạt.,This color is very light.,5
192,当地,dāng dì,địa phương,local,我们要了解当地的风俗。,Wǒmen yào liǎojiě dāngdì de fēngsú.,Chúng ta cần tìm hiểu phong tục địa phương.,We need to learn local customs.,5
193,当心,dāng xīn,"để tâm, lưu tâm",pay attention,慢点儿走，当心地上滑。,màn diǎnr zǒu，dāngxīn dìshàng huá。,"Đi chậm thôi, coi chừng đường trơn.","Go slow, watch out for slippery roads.",5
194,挡,dǎng,chắn,sure,请挡住阳光。,Qǐng dǎng zhù yángguāng.,Hãy chắn ánh sáng mặt trời.,Block the sunlight.,5
195,导演,dǎo yǎn,đạo diễn,director,这部电影是由著名导演拍的。,Zhè bù diànyǐng shì yóu zhùmíng dǎoyǎn pāi de.,Bộ phim này được đạo diễn nổi tiếng thực hiện.,This movie was made by a famous director.,5
196,导致,dǎo zhì,gây ra,cause,这次错误导致了许多问题。,Zhè cì cuòwù dǎozhìle xǔduō wèntí.,Lỗi lần này đã dẫn đến nhiều vấn đề.,This error has led to many problems.,5
197,岛屿,dǎo yǔ,đảo,island,我们计划去那个岛屿旅行。,Wǒmen jìhuà qù nàgè dǎoyǔ lǚxíng.,Chúng tôi dự định đi du lịch đến hòn đảo đó.,We plan to travel to that island.,5
198,倒霉,dǎo méi,xui xẻo,unlucky,他最近很倒霉。,Tā zuìjìn hěn dǎoméi.,Gần đây anh ấy rất xi xẻo.,He has been very unlucky lately.,5
199,到达,dào dá,đến,arrive,我们已经到达目的地。,Wǒmen yǐjīng dàodále mùdì dì.,Chúng tôi đã đến đích.,We have arrived.,5
200,道德,dào dé,đạo đức,morality,道德是社会的基石。,Dàodé shì shèhuì de jīshí.,Đạo đức là nền tảng của xã hội.,Morality is the foundation of society.,5
201,道理,dào lǐ,"đạo lí, bài học","moral, lesson",这个问题有一定的道理。,Zhège wèntí yǒu yīdìng de dàolǐ.,Vấn đề này có một lý do nhất định.,There is a reason for this problem.,5
202,登记,dēng jì,đăng kí,register,请在这里登记。,Qǐng zài zhèlǐ dēngjì.,Vui lòng đăng ký ở đây.,Please register here.,5
203,等待,děng dài,"đợi, chờ đợi",wait,我们正在等待他的回复。,Wǒmen zhèngzài děngdài tā de huífù.,Chúng tôi đang chờ phản hồi của anh ấy.,We are waiting for his response.,5
204,等于,děng yú,bằng,equal,一米等于一千毫米。,Yī mǐ děngyú yīqiān háomǐ.,Một mét bằng một nghìn milimet.,One meter equals one thousand millimeters.,5
205,滴,dī,giọt,drop,水滴从瓶子里落下来。,Shuǐ dī cóng píngzi lǐ luò xiàlái.,Giọt nước rơi từ chai.,Water drops fall from the bottle.,5
206,的确,dí què,"đúng, thật (phó từ)","true, true (adverb)",的确这是个好主意。,Dìquè zhè shìgè hǎo zhǔyì.,Quả thật đây là một ý tưởng tốt.,This is indeed a good idea.,5
207,敌人,dí rén,kẻ địch,enemy,我们的敌人正在进攻。,Wǒmen de dírén zhèngzài jìngōng.,Kẻ thù của chúng tôi đang tấn công.,Our enemies are attacking.,5
208,地道,dì dào,"chuẩn bản địa (ngôn ngữ, món ăn)","native standard (language, food)",这条街道非常地道。,Zhè tiáo jiēdào fēicháng dìdào.,Con phố này rất chính thống.,This street is very orthodox.,5
209,地理,dì lǐ,địa lý,geography,地理课上，我们学了很多知识。,"Dìlǐ kè shàng, wǒmen xuélè hěn duō zhīshì.","Trong giờ học địa lý, chúng tôi đã học được nhiều kiến thức.","In geography class, we learned a lot of knowledge.",5
210,地区,dì qū,khu vực,area,这个地区很繁华。,Zhège dìqū hěn fánhuá.,Khu vực này rất sầm uất.,This area is very busy.,5
211,地毯,dì tǎn,thảm,carpet,地毯上有很多污垢。,Dìtǎn shàng yǒu hěn duō wūgòu.,Có nhiều bụi bẩn trên thảm.,There is a lot of dirt on the carpet.,5
212,地位,dì wèi,địa vị,position,他在公司里地位很高。,Tā zài gōngsī lǐ dìwèi hěn gāo.,Anh ấy có vị trí rất cao trong công ty.,He has a very high position in the company.,5
213,地震,dì zhèn,động đất,earthquake,这次地震造成了很多破坏。,Zhè cì dìzhèn zàochéngle hěn duō pòhuài.,Đợt động đất lần này gây ra nhiều thiệt hại.,This earthquake caused a lot of damage.,5
214,递,dì,truyền,transmit,请把这封信递给她。,Qǐng bǎ zhè fēng xìn dì gěi tā.,Hãy chuyển bức thư này cho cô ấy.,Please forward this letter to her.,5
215,点心,diǎn xīn,điểm tâm,breakfast,我喜欢吃点心。,Wǒ xǐhuān chī diǎnxīn.,Tôi thích ăn món điểm tâm.,I like to eat dim sum.,5
216,电池,diàn chí,pin,battery,这个电池需要更换。,Zhège diànchí xūyào gēnghuàn.,Cần phải thay pin này.,This battery needs to be replaced.,5
217,电台,diàn tái,đài truyền hình,television station,我们听到了电台的消息。,Wǒmen tīngdàole diàntái de xiāoxī.,Chúng tôi đã nghe tin tức từ đài phát thanh.,We heard the news on the radio.,5
218,钓,diào,câu (cá),go fishing),他喜欢钓鱼。,Tā xǐhuān diàoyú.,Anh ấy thích câu cá.,He likes fishing.,5
219,顶,dǐng,"đội, cái (lượng từ cho mũ)","hat, the (quantifier for hat)",这个山顶很高。,Zhège shāndǐng hěn gāo.,Đỉnh núi này rất cao.,This mountain is very high.,5
220,动画片,dòng huà piàn,phim hoạt hình,cartoon,我喜欢看动画片。,Wǒ xǐhuān kàn dònghuàpiàn.,Tôi thích xem phim hoạt hình.,I like watching cartoons.,5
221,冻,dòng,đông cứng,freeze,这个冬天特别冷，水都冻了。,"Zhège dōngtiān tèbié lěng, shuǐ dōu dòngle.","Mùa đông này đặc biệt lạnh, nước đều bị đông lại.","This winter is especially cold, the water is frozen.",5
222,洞,dòng,hang động,cave,洞里很黑。,Dòng lǐ hěn hēi.,Trong hang rất tối.,It was very dark in the cave.,5
223,豆腐,dòu fǔ,đậu phụ,tofu,我吃了豆腐和蔬菜。,Wǒ chīle dòufu hé shūcài.,Tôi ăn đậu phụ và rau.,I eat tofu and vegetables.,5
224,逗,dòu,trêu,tease,他逗我玩。,Tā dòu wǒ wán.,Anh ấy trêu đùa tôi.,He teased me.,5
225,独立,dú lì,độc lập,independence,他们是一个独立的国家。,Tāmen shì yīgè dúlì de guójiā.,Họ là một quốc gia độc lập.,They are an independent country.,5
226,独特,dú tè,độc đáo,unique,这件衣服的设计很独特。,Zhè jiàn yīfú de shèjì hěn dútè.,Thiết kế của chiếc áo này rất độc đáo.,The design of this shirt is very unique.,5
227,度过,dù guò,"trải qua (thời kì, thời gian)","go through (period, time)",我们度过了一个愉快的假期。,Wǒmen dùguòle yīgè yúkuài de jiàqī.,Chúng tôi đã có một kỳ nghỉ vui vẻ.,We had a great vacation.,5
228,断,duàn,"đoạn, đứt",break,不断的奋斗就是走上成功之路。,Bùduàn de fèndòu jiùshì zǒu shàng chénggōng zhī lù.,không ngừng phấn đấ chính là con đường đi đến thành công.,Constant striving is the way to success.,5
229,堆,duī,đống,pile,桌子上堆满了书。,Zhuōzi shàng duī mǎnle shū.,Bàn đầy sách chất đống.,The table is full of books.,5
230,对比,duì bǐ,đối chiếu,compare,我们可以对比这两个方案。,Wǒmen kěyǐ duìbǐ zhè liǎng gè fāng'àn.,Chúng ta có thể so sánh hai phương án này.,We can compare these two options.,5
231,对待,duì dài,đối đãi,treat,对待每个人都要公平。,Duìdài měi gè rén dōu yào gōngpíng.,Cần phải đối xử công bằng với mọi người.,Everyone must be treated fairly.,5
232,对方,duì fāng,đối phương,enemy,对方的意见很有价值。,Duìfāng de yìjiàn hěn yǒu jiàzhí.,Ý kiến của bên kia rất có giá trị.,The other side's opinion is valuable.,5
233,对手,duì shǒu,đối thủ,competitor,他们是强大的对手。,Tāmen shì qiángdà de duìshǒu.,Họ là đối thủ mạnh mẽ.,They are strong opponents.,5
234,对象,duì xiàng,đối tượng,object,他的对象是一个演员。,Tā de duìxiàng shì yīgè yǎnyuán.,Đối tượng của anh ấy là một diễn viên.,His subject is an actor.,5
235,兑换,duì huàn,đổi,change,我们需要兑换外币。,Wǒmen xūyào duìhuàn wàibì.,Chúng ta cần đổi ngoại tệ.,We need to exchange currency.,5
236,吨,dūn,tấn,ton,这个箱子的重量是吨。,Zhège xiāngzi de zhòngliàng shì dūn.,Trọng lượng của chiếc hộp này là tấn.,The weight of this box is tons.,5
237,蹲,dūn,ngồi xổm,squat,我们在公园里蹲下休息。,Wǒmen zài gōngyuán lǐ dūnxià xiūxí.,Chúng tôi ngồi xổm nghỉ ngơi trong công viên.,We squatted down to rest in the park.,5
238,顿,dùn,bữa,meal,他吃了一顿丰盛的晚餐。,Tā chīle yī dùn fēngshèng de wǎncān.,Anh ấy đã ăn một bữa tối thịnh soạn.,He had a sumptuous dinner.,5
239,多亏,duō kuī,may mà,luckily,多亏有你的帮助，我们才能完成项目。,"Duōkuī yǒu nǐ de bāngzhù, wǒmen cái néng wánchéng xiàngmù.","may mà có sự giúp đỡ của bạn, chúng tôi mới có thể hoàn thành dự án.","Fortunately, with your help, we were able to complete the project.",5
240,多余,duō yú,thừa thãi,redundant,这个包有些多余的空间。,Zhège bāo yǒuxiē duōyú de kōngjiān.,Chiếc túi này có một ít không gian dư thừa.,This bag has a little extra space.,5
241,朵,duǒ,bông,cotton,她头上有一朵花。,Tā tóu shàng yǒu yī duǒ huā.,Cô ấy có một bông hoa trên đầu.,She has a flower on her head.,5
242,躲藏,duǒ cáng,trốn,hide,我们躲藏在树后面。,Wǒmen duǒcáng zài shù hòumiàn.,Chúng tôi ẩn nấp sau cây.,We hid behind the trees.,5
243,恶劣,è liè,"khắc nghiệt, hà khắc","harsh, harsh",这天气很恶劣。,Zhè tiānqì hěn èliè.,Thời tiết rất xấu.,The weather is very bad.,5
244,耳环,ěr huán,khuyên tai,earrings,她戴着一对漂亮的耳环。,Tā dàizhe yī duì piàoliang de ěrhuán.,Cô ấy đeo một đôi bông tai đẹp.,She is wearing a beautiful pair of earrings.,5
245,发表,fā biǎo,"phát biểu, đăng, ra mắt (tác phẩm)","to state, to publish, to launch (a work)",他们在会议上发表了讲话。,Tāmen zài huìyì shàng fābiǎole jiǎnghuà.,Họ đã phát biểu trong cuộc họp.,They spoke at the meeting.,5
246,发愁,fā chóu,"phát buồn, chán","sad, bored",他为自己的未来发愁。,Tā wèi zìjǐ de wèilái fāchóu.,Anh ấy lo lắng cho tương lai của mình.,He is worried about his future.,5
247,发达,fā dá,"phát đạt, phát triển","thrive, develop",发达的医疗体系能够为人们提供更好的医疗服务。,Fādá de yīliáo tǐxì nénggòu wéi rénmen tígōng gèng hǎo de yīliáo fúwù.,Một hệ thống y tế phát triển có thể cung cấp cho người dân những dịch vụ y tế tốt hơn.,A developed health system can provide people with better health services.,5
248,发抖,fā dǒu,run rẩy,shiver,她的手在发抖。,Tā de shǒu zài fā dǒu.,Tay cô ấy đang run.,Her hands are shaking.,5
249,发挥,fā huī,phát huy,develop,他的演讲发挥了最好的水平。,Tā de yǎnjiǎng fāhuīle zuì hǎo de shuǐpíng.,Bài phát biểu của anh ấy phát huy ở trình độ tốt nhất.,His speech was top notch.,5
250,发明,fā míng,phát minh,invented,这项发明非常有用。,Zhè xiàng fāmíng fēicháng yǒuyòng.,Phát minh này rất hữu ích.,This invention is very useful.,5
251,发票,fā piào,hóa đơn giá trị gia tăng,value added invoice,请把发票给我。,Qǐng bǎ fāpiào gěi wǒ.,Hãy đưa cho tôi hóa đơn.,Give me the bill.,5
252,发言,fā yán,phát biểu (ý kiến),statement,他在会议上发言了。,Tā zài huìyì shàng fāyánle.,Anh ấy đã phát biểu tại cuộc họp.,He spoke at the meeting.,5
253,罚款,fá kuǎn,phạt tiền,fine,他因为迟到被罚款了。,Tā yīnwèi chídào bèi fákuǎnle.,Anh ấy bị phạt tiền vì đến muộn.,He was fined for being late.,5
254,法院,fǎ yuàn,tòa án,court,这个案件已经提交到法院了。,Zhège ànjiàn yǐjīng tíjiāo dào fǎyuànle.,Vụ án này đã được nộp lên tòa án.,This case has been filed in court.,5
255,翻,fān,"lật, giở",flip,请把这些纸翻一下。,Qǐng bǎ zhèxiē zhǐ fān yīxià.,Hãy lật qua những tờ giấy này.,Flip through these papers.,5
256,繁荣,fán róng,phồn vinh,prosperity,这个城市的经济很繁荣。,Zhège chéngshì de jīngjì hěn fánróng.,Kinh tế của thành phố này rất phát đạt.,The economy of this city is very prosperous.,5
257,反而,fǎn ér,ngược lại,opposite,他反而喜欢待在家里。,Tā fǎn'ér xǐhuān dāi zài jiālǐ.,Anh ấy lại thích ở nhà hơn.,He prefers to stay at home.,5
258,反复,fǎn fù,lặp đi lặp lại,repeat,这句话要反复读几遍。,Zhè jù huà yào fǎnfù dú jǐ biàn.,Câu này cần đọc đi đọc lại vài lần.,This sentence needs to be read several times.,5
259,反应,fǎn yìng,phản ứng,react,他的反应很快。,Tā de fǎnyìng hěn kuài.,Phản ứng của anh ấy rất nhanh.,His response was very quick.,5
260,反映,fǎn yìng,phản ánh,reflect,梦会反映现实。,Mèng huì fǎnyìng xiànshí.,Giấc mơ phản ánh hiện thực.,Dreams reflect reality.,5
261,反正,fǎn zhèng,dù sao thì,anyway,反正我们要按时完成任务。,Fǎnzhèng wǒmen yào ànshí wánchéng rènwù.,Dù sao thì chúng ta cũng phải hoàn thành nhiệm vụ đúng hạn.,We have to complete the task on time anyway.,5
262,范围,fàn wéi,phạm vi,scope,这个问题的范围很广。,Zhège wèntí de fànwéi hěn guǎng.,Phạm vi của vấn đề này rất rộng.,The scope of this problem is very broad.,5
263,方,fāng,phương,direction,方形的玻璃窗非常美丽。,Fāngxíng de bōlí chuāng fēicháng měilì.,Cửa sổ kính vuông vức rất đẹp.,The square glass windows are very beautiful.,5
264,方案,fāng àn,phương án,plan,我们需要一个详细的方案。,Wǒmen xūyào yīgè xiángxì de fāng'àn.,Chúng ta cần một phương án chi tiết.,We need a detailed plan.,5
265,方式,fāng shì,phương thức,method,这种方式更有效。,Zhè zhǒng fāngshì gèng yǒuxiào.,Cách này hiệu quả hơn.,This way is more efficient.,5
266,妨碍,fáng ài,"trở ngại, cản trở","obstacle, hindrance",他的行为妨碍了工作。,Tā de xíngwéi fáng'ài le gōngzuò.,Hành động của anh ấy gây cản trở công việc.,His actions are interfering with the work.,5
267,仿佛,fǎng fú,dường như,seems,她的声音仿佛天使在歌唱。,Tā de shēngyīn fǎngfú tiānshǐ zài gēchàng.,Giọng nói của cô ấy như thiên thần đang hát.,Her voice was like an angel singing.,5
268,非,fēi,"phi, không",no,我非得去那个地方不可。,Wǒ fēiděi qù nàgè dìfāng bùkě.,Tôi phải đến nơi đó.,I have to go there.,5
269,肥皂,féi zào,bánh xà phòng,soap,我们用肥皂洗手。,Wǒmen yòng féizào xǐshǒu.,Chúng tôi rửa tay bằng xà phòng.,We wash our hands with soap.,5
270,废话,fèi huà,lời nói thừa thãi,superfluous words,请不要说废话。,Qǐng bùyào shuō fèihuà.,Xin đừng nói chuyện vô ích.,Please do not talk in vain.,5
271,分别,fēn bié,"phân biệt, lần lượt, xa nhau","separate, in turn, apart",分别的时候总是让人感到悲伤。,分别的时候总是让人感到悲伤。,Chia tay bao giờ cũng buồn.,Parting is always sad.,5
272,分布,fēn bù,phân bố,distribution,这些植物在这个地区分布很广。,Zhèxiē zhíwù zài zhège dìqū fēnbù hěn guǎng.,Các loại cây này phân bố rộng rãi trong khu vực này.,These plants are widely distributed in this area.,5
273,分配,fēn pèi,"chia sẻ, phân chia, phân công","share, divide, assign",我们需要合理分配资源。,Wǒmen xūyào hélǐ fēnpèi zīyuán.,Chúng ta cần phân phối tài nguyên hợp lý.,We need to distribute resources fairly.,5
274,分手,fēn shǒu,chia tay,farewell,他们决定分手。,Tāmen juédìng fēnshǒu.,Họ quyết định chia tay.,They decided to break up.,5
275,分析,fēn xī,phân tích,analysis,他在分析数据。,Tā zài fēnxī shùjù.,Anh ấy đang phân tích dữ liệu.,He is analyzing the data.,5
276,纷纷,fēn fēn,lũ lượt,flock,大家纷纷发表意见。,Dàjiā fēnfēn fābiǎo yìjiàn.,Mọi người đều đưa ra ý kiến.,Everyone has an opinion.,5
277,奋斗,fèn dòu,phấn đấu,strive,我们需要为了未来奋斗。,Wǒmen xūyào wèile wèilái fèndòu.,Chúng ta cần nỗ lực vì tương lai.,We need to work for the future.,5
278,风格,fēng gé,phong cách,style,她的风格很独特。,Tā de fēnggé hěn dútè.,Phong cách của cô ấy rất độc đáo.,Her style is very unique.,5
279,风景,fēng jǐng,phong cảnh,scenery,这个地方的风景很美。,Zhège dìfāng de fēngjǐng hěn měi.,Cảnh vật ở đây rất đẹp.,The scenery here is very beautiful.,5
280,风俗,fēng sú,phong tục,customs,他们的风俗很有趣。,Tāmen de fēngsú hěn yǒuqù.,Phong tục của họ rất thú vị.,Their customs are very interesting.,5
281,风险,fēng xiǎn,"mạo hiểm, hiểm nguy","adventure, danger",这项投资有很高的风险。,Zhè xiàng tóuzī yǒu hěn gāo de fēngxiǎn.,Đầu tư này có rủi ro cao.,This investment is high risk.,5
282,疯狂,fēng kuáng,điên rồ,crazy,他对这部电影感到疯狂。,Tā duì zhè bù diànyǐng gǎndào fēngkuáng.,Anh ấy cảm thấy điên cuồng về bộ phim này.,He feels crazy about this movie.,5
283,讽刺,fěng cì,châm biếm,satire,这部小说有一些讽刺的元素。,Zhè bù xiǎoshuō yǒu yīxiē fèngcì de yuánsù.,Tiểu thuyết này có một số yếu tố châm biếm.,This novel has some satirical elements.,5
284,否定,fǒu dìng,phủ định,negative,他否定了所有的指责。,Tā fǒudìngle suǒyǒu de zhǐzé.,Anh ấy đã phủ nhận tất cả các chỉ trích.,He has denied all the criticism.,5
285,否认,fǒu rèn,phủ nhận,deny,她完全否认了这个事实。,Tā wánquán fǒurènle zhège shìshí.,Cô ấy hoàn toàn phủ nhận thực tế này.,She completely denied this fact.,5
286,扶,fú,vịn,handrail,他在路上扶着我。,Tā zài lù shàng fúzhe wǒ.,Anh ấy hỗ trợ tôi trên đường.,He supported me on the way.,5
287,服装,fú zhuāng,"phục trang, quần áo","costume, clothes",我们需要买新的服装。,Wǒmen xūyào mǎi xīn de fúzhuāng.,Chúng ta cần mua sắm quần áo mới.,We need to buy new clothes.,5
288,幅,fú,bức (lượng từ cho tranh),picture,这幅画儿很漂亮。,Zhè fú huàr hěn piàoliang.,Bức tranh này rất đẹp.,This picture is very beautiful.,5
289,辅导,fǔ dǎo,"phụ đạo, bổ trợ","tutoring, supplementary",她需要额外的辅导。,Tā xūyào éwài de fǔdǎo.,Cô ấy cần thêm sự hướng dẫn.,She needs more guidance.,5
290,妇女,fù nǚ,phụ nữ,women,妇女在社会中扮演重要的角色。,Fùnǚ zài shèhuì zhōng bànyǎn zhòngyào de juésè.,Phụ nữ đóng vai trò quan trọng trong xã hội.,Women play an important role in society.,5
291,复制,fù zhì,copy,copy,请复制这个文件。,Qǐng fùzhì zhège wénjiàn.,Hãy sao chép tài liệu này.,Please copy this document.,5
292,改革,gǎi gé,cải cách,reform,我们需要进行改革。,Wǒmen xūyào jìnxíng gǎigé.,Chúng ta cần thực hiện cải cách.,We need to make reforms.,5
293,改进,gǎi jìn,cải tiến,improve,他希望能改进工作流程。,Tā xīwàng néng gǎijìn gōngzuò liúchéng.,Anh ấy hy vọng có thể cải tiến quy trình làm việc.,He hopes to improve the workflow.,5
294,改善,gǎi shàn,cải thiện,improve,他们正在改善居住条件。,Tāmen zhèngzài gǎishàn jūzhù tiáojiàn.,Họ đang cải thiện điều kiện sống.,They are improving living conditions.,5
295,改正,gǎi zhèng,đính chính,correction,我们需要改正错误。,Wǒmen xūyào gǎizhèng cuòwù.,Chúng ta cần sửa chữa lỗi.,We need to fix the error.,5
296,盖,gài,"đậy, bao phủ",cover,这一片区域都被盖上了高楼大厦。,Zhè yīpiàn qūyù dōu bèi gài shàngle gāolóu dàshà.,Khu vực này được bao phủ bởi các tòa nhà cao tầng.,This area is covered with high-rise buildings.,5
297,概括,gài kuò,khái quát,Overview,文章的概括很简洁。,Wénzhāng de gàikuò hěn jiǎnjié.,Tóm tắt của bài viết rất ngắn gọn.,The summary of the article is very brief.,5
298,概念,gài niàn,khái niệm,concept,这个概念很重要。,Zhège gàiniàn hěn zhòngyào.,Khái niệm này rất quan trọng.,This concept is very important.,5
299,干脆,gān cuì,dứt khoát,definitely,他的发言非常干脆，没有一句多余的话。,"Tā de fǎ yán fēicháng gāncuì, méiyǒu yījù duōyú dehuà.","Bài phát biểu của anh ấy rất ngắn gọn dứt khoát, không có bất kỳ từ nào dư thừa.","His speech was very concise and decisive, without any superfluous words.",5
300,干燥,gān zào,"khô ráo, khô hanh",dry,干燥的空气使得火势很容易蔓延。,Gānzào de kōngqì shǐdé huǒshì hěn róngyì mànyán.,Không khí khô khiến lửa dễ lan rộng.,Dry air makes fires spread easily.,5
301,赶紧,gǎn jǐn,mau chóng,quick,赶紧做完作业吧。,Gǎnjǐn zuò wán zuòyè ba.,Hãy nhanh chóng làm xong bài tập.,Please finish your homework quickly.,5
302,赶快,gǎn kuài,mau chóng,quick,他赶快去看医生。,Tā gǎnkuài qù kàn yīshēng.,Anh ấy nhanh chóng đi gặp bác sĩ.,He quickly went to see a doctor.,5
303,感激,gǎn jī,"cảm kích, biết ơn",grateful,我非常感激你的帮助。,Wǒ fēicháng gǎnjī nǐ de bāngzhù.,Tôi rất cảm kích sự giúp đỡ của bạn.,I really appreciate your help.,5
304,感受,gǎn shòu,cảm nhận,feel,我能感受你的情绪。,Wǒ néng gǎnshòu nǐ de qíngxù.,Tôi có thể cảm nhận được cảm xúc của bạn.,I can feel your emotions.,5
305,感想,gǎn xiǎng,"cảm tưởng, suy nghĩ","feeling, thinking",他的感想很有趣。,Tā de gǎnxiǎng hěn yǒuqù.,Những cảm nghĩ của anh ấy rất thú vị.,His thoughts are very interesting.,5
306,干活儿,gàn huó ér,lao động,labor,我们一起干活儿吧。,Wǒmen yīqǐ gàn huór ba.,Chúng ta cùng làm việc nhé.,Let's work together.,5
307,钢铁,gāng tiě,sắt thép,iron and steel,钢铁是工业化进程中不可或缺的力量。,Gāngtiě shì gōngyèhuà jìnchéng zhōng bùkě huò quē de lìliàng。,Sắt thép là lực lượng không thể thiếu trong quá trình công nghiệp hóa.,Iron and steel are indispensable forces in the industrialization process.,5
308,高档,gāo dàng,"cao cấp, đẳng cấp","high class, classy",这件礼服的设计显示出一种高档次的感觉。,Zhè jiàn lǐfú de shèjì xiǎnshì chū yī zhǒng gāo dàngcì de gǎnjué,Thiết kế của chiếc váy này mang lại cảm giác cao cấp.,The design of this dress gives a high-end feel.,5
309,高级,gāo jí,cao cấp,high-class,HSK6 级是高级水平。,HSK6 jí shì gāojí shuǐpíng.,HSK6 là trình độ nâng cao.,HSK6 is advanced level.,5
310,搞,gǎo,làm,do,我们要搞好这个项目。,Wǒmen yào gǎo hǎo zhège xiàngmù.,Chúng ta phải làm tốt dự án này.,We must do this project well.,5
311,告别,gào bié,từ biệt,goodbye,我们要告别这座城市。,Wǒmen yào gàobié zhè zuò chéngshì.,Chúng ta phải nói lời tạm biệt với thành phố này.,We have to say goodbye to this city.,5
312,格外,gé wài,đặc biệt,special,这个地方格外安静。,Zhège dìfāng géwài ānjìng.,Nơi này đặc biệt yên tĩnh.,This place is especially quiet.,5
313,隔壁,gé bì,"sát vách, ngay cạnh",next door,我们住在隔壁的房子。,Wǒmen zhù zài gébì de fángzi.,Chúng tôi sống trong ngôi nhà kế bên.,We live in the house next door.,5
314,个别,gè bié,cá biệt,individual,个别情况可能会有所不同。,Gèbié qíngkuàng kěnéng huì yǒu suǒ bùtóng.,Một số trường hợp cụ thể có thể khác nhau.,Some specific cases may vary.,5
315,个人,gè rén,cá nhân,individual,每个人都有自己的个人喜好和兴趣。,Měi gèrén dōu yǒu zìjǐ de gèrén xǐhào hé xìngqù.,Mỗi người đều có sở thích và mối quan tâm riêng của mình.,Everyone has their own interests and concerns.,5
316,个性,gè xìng,cá tính,personality,他是一个非常有个性的人。,Tā shì yīgè fēicháng yǒu gèxìng de rén.,Anh ấy là một người rất cá tính.,He is a very individual person.,5
317,各自,gè zì,"tự, mỗi","self, each",各自负责自己的任务。,Gèzì fùzé zìjǐ de rènwù.,Mỗi người chịu trách nhiệm về nhiệm vụ của mình.,Each person is responsible for his own duties.,5
318,根,gēn,"lượng từ: sợi, cành, khúc, ngón","quantifier: fiber, branch, piece, finger",你记得帮我买几根葱哦。,Nǐ jìdé bāng wǒ mǎi jǐ gēn cōng ó.,Nhớ mua cho tôi ít hành lá nhé.,Remember to buy me some green onions.,5
319,根本,gēn běn,vốn,capital,这个问题根本解决不了。,Zhège wèntí gēnběn jiějué bùliǎo.,Vấn đề này căn bản không thể giải quyết được.,This problem is fundamentally unsolvable.,5
320,工厂,gōng chǎng,"xưởng, xí nghiệp",factory,工厂正在扩大生产规模。,Gōngchǎng zhèngzài kuòdà shēngchǎn guīmó.,Nhà máy đang mở rộng quy mô sản xuất.,The factory is expanding its production scale.,5
321,工程师,gōng chéng shī,kỹ sư,engineer,他是一名工程师。,Tā shì yī míng gōngchéngshī.,Anh ấy là một kỹ sư.,He is an engineer.,5
322,工具,gōng jù,công cụ,tool,我们需要一些工具来修理。,Wǒmen xūyào yīxiē gōngjù lái xiūlǐ.,Chúng ta cần một số công cụ để sửa chữa.,We need some tools to repair it.,5
323,工人,gōng rén,công nhân,Worker,工人们正在加班。,Gōngrénmen zhèngzài jiābān.,Các công nhân đang làm thêm giờ.,The workers are working overtime.,5
324,工业,gōng yè,công nghiệp,industrial,这个产品是我们工业的代表。,Zhège chǎnpǐn shì wǒmen gōngyè de dàibiǎo.,Sản phẩm này đại diện cho ngành công nghiệp của chúng tôi.,This product represents our industry.,5
325,公布,gōng bù,công bố,announce,公司公布了新的政策。,Gōngsī gōngbùle xīn de zhèngcè.,Công ty đã công bố chính sách mới.,The company has announced a new policy.,5
326,公开,gōng kāi,công khai,public,这个信息已经公开了。,Zhège xìnxī yǐjīng gōngkāile.,Thông tin này đã được công khai.,This information has been made public.,5
327,公平,gōng píng,công bằng,fair,我们需要公平对待每个人。,Wǒmen xūyào gōngpíng duìdài měi gè rén.,Chúng ta cần đối xử công bằng với mọi người.,We need to treat everyone fairly.,5
328,公寓,gōng yù,chung cư,apartment,她住在一个公寓里。,Tā zhù zài yīgè gōngyù lǐ.,Cô ấy sống trong một căn hộ.,She lives in an apartment.,5
329,公元,gōng yuán,công nguyên,AD,公元前五世纪的历史很有趣。,Gōngyuán qián wǔ shìjì de lìshǐ hěn yǒuqù.,Lịch sử của thế kỷ thứ năm trước Công nguyên rất thú vị.,The history of the fifth century BC is very interesting.,5
330,公主,gōng zhǔ,công chúa,princess,她是一个美丽的公主。,Tā shì yīgè měilì de gōngzhǔ.,Cô ấy là một công chúa xinh đẹp.,She is a beautiful princess.,5
331,功能,gōng néng,công năng,function,这个软件的功能很强大。,Zhège ruǎnjiàn de gōngnéng hěn qiángdà.,Chức năng của phần mềm này rất mạnh mẽ.,The functionality of this software is very powerful.,5
332,恭喜,gōng xǐ,chúc mừng,congratulations,恭喜你获得了奖项。,Gōngxǐ nǐ huòdéle jiǎngxiàng.,Chúc mừng bạn đã nhận được giải thưởng.,Congratulations on your award.,5
333,贡献,gòng xiàn,cống hiến,dedication,他的贡献很大。,Tā de gòngxiàn hěn dà.,Đóng góp của anh ấy rất lớn.,His contribution is huge.,5
334,沟通,gōu tōng,"trao đổi, thấu hiểu","exchange, understanding",我们需要有效沟通。,Wǒmen xūyào yǒuxiào gōutōng.,Chúng ta cần giao tiếp hiệu quả.,We need to communicate effectively.,5
335,构成,gòu chéng,"tạo thành, cấu thành","form, constitute",这些部分构成了整个项目。,Zhèxiē bùfen gòuchéngle zhěnggè xiàngmù.,Những phần này cấu thành toàn bộ dự án.,These parts make up the entire project.,5
336,姑姑,gū gu,cô,Miss,我去姑姑家玩。,Wǒ qù gūgū jiā wán.,Tôi đến nhà dì chơi.,I went to my aunt's house to play.,5
337,姑娘,gū niang,cô gái,girl,这位姑娘很友好。,Zhè wèi gūniáng hěn yǒuhǎo.,Cô gái này rất thân thiện.,This girl is very friendly.,5
338,古代,gǔ dài,cổ đại,ancient,古代的建筑风格很有特色。,Gǔdài de jiànzhú fēnggé hěn yǒu tèsè.,Phong cách kiến trúc cổ đại rất đặc sắc.,The ancient architectural style is very unique.,5
339,古典,gǔ diǎn,cổ điển,classic,他喜欢古典音乐。,Tā xǐhuān gǔdiǎn yīnyuè.,Anh ấy thích nhạc cổ điển.,He likes classical music.,5
340,股票,gǔ piào,cổ phiếu,share,我们需要研究股票市场。,Wǒmen xūyào yánjiū gǔpiào shìchǎng.,Chúng ta cần nghiên cứu thị trường chứng khoán.,We need to study the stock market.,5
341,骨头,gǔ tou,xương,bone,这个骨头很硬。,Zhège gǔtóu hěn yìng.,Xương này rất cứng.,This bone is very hard.,5
342,鼓舞,gǔ wǔ,cổ vũ,cheer,他的演讲鼓舞了大家。,Tā de yǎnjiǎng gǔwǔle dàjiā.,Bài phát biểu của anh ấy đã khích lệ mọi người.,His speech encouraged everyone.,5
343,鼓掌,gǔ zhǎng,vỗ tay,clap,大家为他鼓掌。,Dàjiā wèi tā gǔzhǎng.,Mọi người vỗ tay cho anh ấy.,Everyone applauded him.,5
344,固定,gù dìng,cố định,permanent,这张桌子是固定的。,Zhè zhāng zhuōzi shì gùdìng de.,Cái bàn này là cố định.,This table is fixed.,5
345,挂号,guà hào,xếp số,numbering,请挂号后再进入。,Qǐng guàhào hòu zài jìnrù.,Xin hãy đăng ký trước khi vào.,Please register before entering.,5
346,乖,guāi,ngoan,good,她的行为很乖。,Tā de xíngwéi hěn guāi.,Hành vi của cô ấy rất ngoan.,Her behavior is very good.,5
347,拐弯,guǎi wān,rẽ,turn,车子在路上拐弯了。,Chēzi zài lù shàng guǎiwānle.,Xe đã rẽ ở trên đường.,The car turned onto the road.,5
348,怪不得,guài bù dé,chẳng trách,no wonder,怪不得她这么高兴。,Guàibùdé tā zhème gāoxìng.,Không ngạc nhiên khi cô ấy vui như vậy.,No wonder she's so happy.,5
349,关闭,guān bì,đóng,close,他们决定关闭公司。,Tāmen juédìng guānbì gōngsī.,Họ quyết định đóng cửa công ty.,They decided to close the company.,5
350,观察,guān chá,quan sát,observe,我们需要观察市场趋势。,Wǒmen xūyào guānchá shìchǎng qūshì.,Chúng ta cần quan sát xu hướng thị trường.,We need to observe market trends.,5
351,观点,guān diǎn,quan điểm,opinion,他有自己独特的观点。,Tā yǒu zìjǐ dútè de guāndiǎn.,Anh ấy có quan điểm riêng biệt của mình.,He has his own distinct point of view.,5
352,观念,guān niàn,quan niệm,conception,这是一个新的观念。,Zhè shì yīgè xīn de guānniàn.,Đây là một khái niệm mới.,This is a new concept.,5
353,官,guān,quan,mandarin,他是一位官员。,Tā shì yī wèi guānyuán.,Anh ấy là một quan chức.,He is an official.,5
354,管子,guǎn zi,cái ống,tube,我们需要买一些管子。,Wǒmen xūyào mǎi yīxiē guǎnzi.,Chúng ta cần mua một số ống.,We need to buy some tubes.,5
355,冠军,guàn jūn,quán quân,champion,他赢得了冠军。,Tā yíngdéle guànjūn.,Anh ấy đã giành được chức vô địch.,He won the championship.,5
356,光滑,guāng huá,bóng mượt,smooth,这条地毯很光滑。,Zhè tiáo dìtǎn hěn guānghuá.,Tấm thảm này rất mượt mà.,This rug is very smooth.,5
357,光临,guāng lín,"đến, có mặt","come, be present",欢迎光临我们的商店。,Huānyíng guānglín wǒmen de shāngdiàn.,Chào mừng bạn đến với cửa hàng của chúng tôi.,Welcome to our store.,5
358,光明,guāng míng,"quang minh, sáng sủa",bright,早晨的阳光照亮了大地，给予我们光明的希望。,"Zǎochén de yángguāng zhào liàngle dàdì, jǐyǔ wǒmen guāngmíng de xīwàng.",Mặt trời buổi sáng chiếu sáng trái đất và mang lại cho chúng ta niềm hy vọng tươi sáng.,The morning sun shines on the earth and brings us bright hope.,5
359,光盘,guāng pán,"đĩa CD, VCD,DVD","CD, VCD, DVD",我们买了一张光盘。,Wǒmen mǎile yī zhāng guāngpán.,Chúng tôi đã mua một đĩa CD.,We bought a CD.,5
360,广场,guǎng chǎng,quảng trường,square,广场上有很多人。,Guǎngchǎng shàng yǒu hěn duō rén.,Có nhiều người ở quảng trường.,There are many people in the square.,5
361,广大,guǎng dà,"quảng đại, rộng lớn","generous, vast",这个地区很广大。,Zhège dìqū hěn guǎngdà.,Khu vực này rất rộng lớn.,This area is very large.,5
362,广泛,guǎng fàn,rộng khắp,widespread,这本书的内容很广泛。,Zhè běn shū de nèiróng hěn guǎngfàn.,Nội dung của cuốn sách này rất rộng rãi.,The content of this book is very extensive.,5
363,归纳,guī nà,tóm tắt,summary,我们需要归纳总结信息。,Wǒmen xūyào guīnà zǒngjié xìnxī.,Chúng ta cần tổng hợp và tóm tắt thông tin.,We need to synthesize and summarize information.,5
364,规矩,guī ju,qui tắc,rule,他遵守了所有的规矩。,Tā zūnshǒule suǒyǒu de guījǔ.,Anh ấy đã tuân theo tất cả các quy tắc.,He followed all the rules.,5
365,规律,guī lǜ,qui luật,rule,这个问题的规律很复杂。,Zhège wèntí de guīlǜ hěn fùzá.,Quy luật của vấn đề này rất phức tạp.,The rules of this matter are complex.,5
366,规模,guī mó,qui mô,scale,公司的规模不断扩大。,Gōngsī de guīmó bùduàn kuòdà.,Quy mô của công ty đang không ngừng mở rộng.,The company's scale is constantly expanding.,5
367,规则,guī zé,nội qui,Rules,我们需要遵守规则。,Wǒmen xūyào zūnshǒu guīzé.,Chúng ta cần tuân thủ các quy tắc.,We need to follow the rules.,5
368,柜台,guì tái,"quầy ba, quầy",bar,请到柜台办理手续。,Qǐng dào guìtái bànlǐ shǒuxù.,Xin hãy đến quầy để làm thủ tục.,Please go to the counter to check in.,5
369,滚,gǔn,"cút, cuộn, lăn",roll,球从桌子上滚下来。,Qiú cóng zhuōzi shàng gǔn xiàlái.,Quả bóng lăn xuống từ trên bàn.,The ball rolled down from the table.,5
370,锅,guō,nồi,pot,我们用锅来煮汤。,Wǒmen yòng guō lái zhǔ tāng.,Chúng tôi dùng nồi để nấu canh.,We use the pot to cook soup.,5
371,国庆节,guó qìng jié,quốc khánh,National Day,国庆节是中国的重要节日。,Guóqìngjié shì Zhōngguó de zhòngyào jiérì.,Ngày Quốc khánh là ngày lễ quan trọng của Trung Quốc.,National Day is an important holiday in China.,5
372,国王,guó wáng,quốc vương,monarch,国王住在宏伟的宫殿里。,Guówáng zhù zài hóngwěi de gōngdiàn lǐ.,Quốc vương sống trong một cung điện tráng lệ.,The king lived in a magnificent palace.,5
373,果然,guǒ rán,quả nhiên,indeed,他果然赢得了比赛。,Tā guǒrán yíngdéle bǐsài.,Anh ấy quả nhiên đã thắng cuộc thi.,"He won the contest, of course.",5
374,果实,guǒ shí,quả thật,indeed,这个果实很甜。,Zhège guǒshí hěn tián.,Quả thưchj cái này rất ngọt.,This fruit is very sweet.,5
375,过分,guò fèn,quá đáng,exaggerated,他的要求有点过分。,Tā de yāoqiú yǒudiǎn guòfèn.,Yêu cầu của anh ấy hơi quá mức.,His request is a bit excessive.,5
376,过敏,guò mǐn,"mẫn cảm, dị ứng","sensitive, allergic",我对某些食物有过敏反应。,Wǒ duì mǒuxiē shíwù yǒu guòmǐn fǎnyìng.,Tôi bị dị ứng với một số loại thực phẩm.,I am allergic to some foods.,5
377,过期,guò qī,quá hạn,overdue,这个食品已经过期了。,Zhège shípǐn yǐjīng guòqīle.,Thực phẩm này đã hết hạn sử dụng.,This food has expired.,5
378,哈,hā,ha ha,haha,哈，你说得对。,"Hā, nǐ shuō dé duì.","Ha, bạn nói đúng.","Ha, you are right.",5
379,海关,hǎi guān,hải quan,custom,他在海关工作。,Tā zài hǎiguān gōngzuò.,Anh ấy làm việc ở hải quan.,He works in customs.,5
380,海鲜,hǎi xiān,hải sản,seafood,我们今晚吃海鲜。,Wǒmen jīnwǎn chī hǎixiān.,Tối nay chúng tôi ăn hải sản.,We are having seafood tonight.,5
381,喊,hǎn,hét,shout,他在广场上喊叫。,Tā zài guǎngchǎng shàng hǎnjiào.,Anh ấy hét lên ở quảng trường.,He shouted in the square.,5
382,行业,háng yè,ngành nghề,Industry,这个行业很有前景。,Zhège hángyè hěn yǒu qiánjǐng.,Ngành này có triển vọng rất tốt.,This industry has very good prospects.,5
383,豪华,háo huá,sang trọng,luxurious,他的车很豪华。,Tā de chē hěn háohuá.,Xe của anh ấy rất sang trọng.,His car is very luxurious.,5
384,好客,hào kè,hiếu khách,hospitable,她是个很热情好客的人。,Tā shì gè hěn rèqíng hǎokè de rén.,Cô ấy là một người rất nhiệt tình và hiếu khách.,She is a very warm and hospitable person.,5
385,好奇,hào qí,hiếu kì,curious,他对一切都感到好奇。,Tā duì yīqiè dōu gǎndào hàoqí.,Anh ấy cảm thấy tò mò về mọi thứ.,He feels curious about everything.,5
386,合法,hé fǎ,hợp pháp,legal,这个公司的运作是合法的。,Zhège gōngsī de yùnzuò shì héfǎ de.,Hoạt động của công ty này là hợp pháp.,This company's operations are legal.,5
387,合理,hé lǐ,hợp lý,reasonable,这些建议很合理。,Zhèxiē jiànyì hěn hélǐ.,Những đề xuất này rất hợp lý.,These suggestions are very reasonable.,5
388,合同,hé tóng,hợp đồng,contract,我们签订了合同。,Wǒmen qiāndìngle hétóng.,Chúng tôi đã ký hợp đồng.,We have signed the contract.,5
389,合影,hé yǐng,"chụp ảnh chung, chụp ảnh tập thể","group photo, group photo",这张合影很有意义。,Zhè zhāng héyǐng hěn yǒu yìyì.,Bức ảnh tập thể này rất có ý nghĩa.,This group photo is very meaningful.,5
390,合作,hé zuò,hợp tác,cooperate,我们需要合作完成这个项目。,Wǒmen xūyào hézuò wánchéng zhège xiàngmù.,Chúng ta cần hợp tác để hoàn thành dự án này.,We need to work together to complete this project.,5
391,何必,hé bì,hà tất,why,何必那么着急？,Hébì nàme zhāojí?,Tại sao phải vội vã như vậy?,Why the rush?,5
392,何况,hé kuàng,"huống hồ, hơn nữa",moreover,何况天气很糟糕。,Hékuàng tiānqì hěn zāogāo.,"Hơn nữa, thời tiết rất xấu.","Moreover, the weather is very bad.",5
393,和平,hé píng,hòa bình,peace,我们希望和平解决问题。,Wǒmen xīwàng hépíng jiějué wèntí.,Chúng ta hy vọng giải quyết vấn đề một cách hòa bình.,We hope to resolve the issue peacefully.,5
394,核心,hé xīn,trọng tâm,focus,这个问题是核心问题。,Zhège wèntí shì héxīn wèntí.,Vấn đề này là vấn đề cốt lõi.,This issue is the core issue.,5
395,恨,hèn,hận,hate,好像他还恨我。,Hǎoxiàng tā hái hèn wǒ.,Có vẻ như anh ấy vẫn còn hận tôi.,It seems like he still hates me.,5
396,猴子,hóu zi,khỉ,monkey,猴子在树上玩耍。,Hóuzi zài shù shàng wánshuǎ.,Con khỉ chơi đùa trên cây.,The monkey plays in the tree.,5
397,后背,hòu bèi,phía sau,behind,他感到后背很疼。,Tā gǎndào hòubèi hěn téng.,Anh ấy cảm thấy đau lưng.,He feels back pain.,5
398,后果,hòu guǒ,hậu quả,consequence,他的后果很严重。,Tā de hòuguǒ hěn yánzhòng.,Hậu quả của anh ấy rất nghiêm trọng.,His consequences were serious.,5
399,呼吸,hū xī,hít thở,breathe,我们需要注意呼吸。,Wǒmen xūyào zhùyì hūxī.,Chúng ta cần chú ý đến việc thở.,We need to pay attention to breathing.,5
400,忽然,hū rán,bỗng nhiên,suddenly,天气忽然变冷了。,Tiānqì hūrán biàn lěngle.,Thời tiết đột ngột trở lạnh.,The weather suddenly turned cold.,5
401,忽视,hū shì,"không coi trọng (kinh tế, ngành nghề, vấn đề nhỏ, nghiên cứu)","disregard (economics, industry, minor issue, research)",不要忽视这个细节。,Bù yào hūshì zhège xìjié.,Đừng bỏ qua chi tiết này.,Don't miss this detail.,5
402,胡说,hú shuō,nói nhăng quậy,talk nonsense,他总是胡说八道。,Tā zǒngshì húshuō bādào.,Anh ấy luôn nói linh tinh.,He always talks nonsense.,5
403,胡同,hú tòng,"ngõ, hẻm",alley,胡同里很安静。,Hútòng lǐ hěn ānjìng.,Ngõ nhỏ rất yên tĩnh.,The alley is very quiet.,5
404,壶,hú,"bình, ấm","pot, kettle",我们用壶煮水。,Wǒmen yòng hú zhǔ shuǐ.,Chúng tôi dùng ấm để đun nước.,We use a kettle to boil water.,5
405,蝴蝶,hú dié,con bướm,butterfly,蝴蝶在花丛中飞舞。,Húdié zài huācóng zhōng fēiwǔ.,Những con bướm bay lượn trong đám hoa.,Butterflies fluttered among the flowers.,5
406,糊涂,hú tú,hồ đồ,lake,他总是糊涂的。,Tā zǒngshì hútu de.,Anh ấy luôn lú lẫn.,He is always confused.,5
407,花生,huā shēng,"lạc, đậu phộng",peanuts,我喜欢吃花生。,Wǒ xǐhuān chī huāshēng.,Tôi thích ăn đậu phộng.,I like to eat peanuts.,5
408,划,huá,chèo (thuyền),rowing),划船是一种很好的锻炼。,Huáchuán shì yī zhǒng hěn hǎo de duànliàn.,Chèo thuyền là một hình thức tập luyện rất tốt.,Rowing is a great form of exercise.,5
409,华裔,huá yì,hoa kiều,Overseas Chinese,他是华裔美国人。,Tā shì huáyì Měiguó rén.,Anh ấy là người Mỹ gốc Hoa.,He is Chinese American.,5
410,滑,huá,"trượt, trơn",slip,地板很滑，注意不要摔倒。,"Dìbǎn hěn huá, zhùyì bùyào shuāidǎo.","Sàn nhà rất trơn, chú ý đừng ngã.","The floor is very slippery, be careful not to fall.",5
411,化学,huà xué,hóa học,chemistry,我在学化学。,Wǒ zài xué huàxué.,Tôi đang học hóa học.,I am studying chemistry.,5
412,话题,huà tí,chủ đề,topic,我们讨论了很多话题。,Wǒmen tǎolùnle hěn duō huàtí.,Chúng tôi đã thảo luận về nhiều chủ đề.,We discussed many topics.,5
413,怀念,huái niàn,hoài niệm,nostalgia,我很怀念我的家乡。,Wǒ hěn huáiniàn wǒ de jiāxiāng.,Tôi rất nhớ quê hương của mình.,I miss my homeland so much.,5
414,怀孕,huái yùn,mang bầu,pregnant,她怀孕了，正在休息。,"Tā huáiyùnle, zhèngzài xiūxí.",Cô ấy đang mang thai và đang nghỉ ngơi.,She is pregnant and resting.,5
415,缓解,huǎn jiě,"thả lỏng, giảm","relax, reduce",运动可以缓解压力。,Yùndòng kěyǐ huǎnjiě yālì.,Tập thể dục có thể giảm căng thẳng.,Exercise can reduce stress.,5
416,幻想,huàn xiǎng,"ảo tưởng, giả tưởng","illusion, fantasy",他的幻想很丰富。,Tā de huànxiǎng hěn fēngfù.,Những ảo tưởng của anh ấy rất phong phú.,His fantasies are rich.,5
417,慌张,huāng zhāng,"hoảng sợ, rối rắm, rối","panic, confusion, confusion",她在面试中感到很慌张。,Tā zài miànshì zhōng gǎndào hěn huāngzhāng.,Cô ấy cảm thấy rất hoảng loạn trong buổi phỏng vấn.,She felt very nervous during the interview.,5
418,黄金,huáng jīn,vàng,Yellow,这块黄金很重。,Zhè kuài huángjīn hěn zhòng.,Miếng vàng này rất nặng.,This piece of gold is very heavy.,5
419,灰,huī,màu xám,grey,天空变成了灰色。,Tiānkōng biàn chéngle huīsè.,Bầu trời đã chuyển thành màu xám.,The sky has turned gray.,5
420,灰尘,huī chén,tro bụi,ash,桌子上有一层灰尘。,Zhuōzi shàng yǒu yī céng huīchén.,Trên bàn có một lớp bụi.,There is a layer of dust on the table.,5
421,灰心,huī xīn,nản lòng,discouraged,他对失败感到灰心。,Tā duì shībài gǎndào huīxīn.,Anh ấy cảm thấy thất vọng trước sự thất bại.,He felt disappointed by the failure.,5
422,挥,huī,vẫy,wave,她挥手告别了大家。,Tā huīshǒu gàobiéle dàjiā.,Cô ấy vẫy tay chào tạm biệt mọi người.,She waved goodbye to everyone.,5
423,恢复,huī fù,"hồi phục, khôi phục","recover, restore",我们需要恢复体力。,Wǒmen xūyào huīfù tǐlì.,Chúng ta cần phục hồi thể lực.,We need to recover our strength.,5
424,汇率,huì lǜ,tỷ giá,exchange rate,当前的汇率非常不稳定。,Dāngqián de huìlǜ fēicháng bù wěndìng.,Tỷ giá hiện tại rất không ổn định.,The current exchange rate is very unstable.,5
425,婚礼,hūn lǐ,hôn lễ,wedding,她正在准备婚礼。,Tā zhèngzài zhǔnbèi hūnlǐ.,Cô ấy đang chuẩn bị cho đám cưới.,She is preparing for the wedding.,5
426,婚姻,hūn yīn,hôn nhân,marriage,他们的婚姻很幸福。,Tāmen de hūnyīn hěn xìngfú.,Hôn nhân của họ rất hạnh phúc.,Their marriage was very happy.,5
427,活跃,huó yuè,sôi nổi,lively,他在工作中非常活跃。,Tā zài gōngzuò zhōng fēicháng huóyuè.,Anh ấy rất năng động trong công việc.,He is very active at work.,5
428,火柴,huǒ chái,diêm,matches,我们需要买一些火柴。,Wǒmen xūyào mǎi yīxiē huǒchái.,Chúng ta cần mua một số que diêm.,We need to buy some matches.,5
429,伙伴,huǒ bàn,bạn đồng hành,companion,他是我的好伙伴。,Tā shì wǒ de hǎo huǒbàn.,Anh ấy là bạn đồng hành tốt của tôi.,He is my good companion.,5
430,或许,huò xǔ,có lẽ,maybe,或许明天会有好天气。,Huòxǔ míngtiān huì yǒu hǎo tiānqì.,Có thể ngày mai sẽ có thời tiết tốt.,Maybe the weather will be fine tomorrow.,5
431,机器,jī qì,máy móc,machines,这台机器很先进。,Zhè tái jīqì hěn xiānjìn.,Cỗ máy này rất tiên tiến.,This machine is very advanced.,5
432,肌肉,jī ròu,cơ bắp,muscle,他在锻炼肌肉。,Tā zài duànliàn jīròu.,Anh ấy đang tập luyện cơ bắp.,He is working out his muscles.,5
433,基本,jī běn,"cơ bản, căn bản","basic, basic",这是一个基本的技能。,Zhè shì yīgè jīběn de jìnéng.,Đây là một kỹ năng cơ bản.,This is a basic skill.,5
434,激烈,jī liè,"khốc liệt, kịch liệt","fierce, intense",比赛非常激烈。,Bǐsài fēicháng jīliè.,Cuộc thi rất gay cấn.,The competition was very exciting.,5
435,及格,jí gé,đạt điểm qua,pass,他考试及格了。,Tā kǎoshì jígéle.,Anh ấy đã thi đỗ.,He passed the exam.,5
436,极其,jí qí,cực kì,extremely,这种情况极其罕见。,Zhè zhǒng qíngkuàng jíqí hǎnjiàn.,Tình huống này cực kỳ hiếm thấy.,This situation is extremely rare.,5
437,急忙,jí máng,vội vàng,rush,他急忙赶到医院。,Tā jímáng gǎndào yīyuàn.,Anh ấy vội vã đến bệnh viện.,He rushed to the hospital.,5
438,急诊,jí zhěn,cấp cứu,emergency,她去急诊室看病。,Tā qù jízhěn shì kànbìng.,Cô ấy đến phòng cấp cứu để khám bệnh.,She went to the emergency room to see a doctor.,5
439,集合,jí hé,tập hợp,aggregate,我们在操场上集合。,Wǒmen zài cāochǎng shàng jíhé.,Chúng tôi tập hợp tại sân vận động.,We gathered at the stadium.,5
440,集体,jí tǐ,tập thể,collective,这是一个集体活动。,Zhè shì yīgè jítǐ huódòng.,Đây là một hoạt động tập thể.,This is a group activity.,5
441,集中,jí zhōng,tập trung,concentrate,大家集中注意力听讲。,Dàjiā jízhōng zhùyìlì tīng jiǎng.,Mọi người tập trung chú ý lắng nghe.,Everyone pay attention and listen.,5
442,计算,jì suàn,tính toán,calculate,我们需要计算总花费。,Wǒmen xūyào jìsuàn zǒng huāfèi.,Chúng ta cần tính toán tổng chi phí.,We need to calculate the total cost.,5
443,记录,jì lù,ghi chép,note,请记录你的进展。,Qǐng jìlù nǐ de jìnzhǎn.,Xin hãy ghi lại tiến triển của bạn.,Please record your progress.,5
444,记忆,jì yì,ký ức,memory,他的记忆力很好。,Tā de jìyìlì hěn hǎo.,Khả năng nhớ của anh ấy rất tốt.,His memory is very good.,5
445,纪录,jì lù,kỷ lục,record,这本书是一个历史纪录。,Zhè běn shū shì yīgè lìshǐ jìlù.,Cuốn sách này là một tài liệu lịch sử.,This book is a historical document.,5
446,纪律,jì lǜ,kỷ luật,discipline,他严格遵守纪律。,Tā yángé zūnshǒu jìlǜ.,Anh ấy nghiêm ngặt tuân thủ kỷ luật.,He is strictly disciplined.,5
447,纪念,jì niàn,kỉ niệm,memory,我们一起纪念这个特别的日子。,Wǒmen yīqǐ jìniàn zhège tèbié de rìzi.,Chúng tôi cùng kỷ niệm ngày đặc biệt này.,We celebrate this special day together.,5
448,系领带,jì lǐng dài,thắt cà vạt,tie,他会系领带吗？,Tā huì jì lǐngdài ma?,Anh ấy có biết thắt cà vạt không?,Does he know how to tie a tie?,5
449,寂寞,jì mò,cô đơn,lonely,她感到非常寂寞。,Tā gǎndào fēicháng jìmò.,Cô ấy cảm thấy rất cô đơn.,She feels very lonely.,5
450,夹子,jiā zi,cái kẹp,clamp,我需要一个夹子来夹住文件。,Wǒ xūyào yīgè jiāzi lái jiā zhù wénjiàn.,Tôi cần một cái kẹp để kẹp tài liệu.,I need a clip to hold documents.,5
451,家庭,jiā tíng,gia đình,family,我们的家庭很和睦。,Wǒmen de jiātíng hěn hémù.,Gia đình chúng tôi rất hòa thuận.,Our family is very harmonious.,5
452,家务,jiā wù,việc nhà,housework,她负责家务工作。,Tā fùzé jiāwù gōngzuò.,Cô ấy phụ trách công việc nhà.,She is in charge of the housework.,5
453,家乡,jiā xiāng,quê hương,hometown,我的家乡在一个美丽的城市。,Wǒ de jiāxiāng zài yīgè měilì de chéngshì.,Quê hương của tôi ở một thành phố xinh đẹp.,My hometown is in a beautiful city.,5
454,嘉宾,jiā bīn,khách mời,guest,这位嘉宾很有名。,Zhè wèi jiābīn hěn yǒumíng.,Vị khách mời này rất nổi tiếng.,This guest is very famous.,5
455,甲,jiǎ,giáp,armor,甲是第一个人。,Jiǎ shì dì yī gè rén.,A là người đầu tiên.,A is the first.,5
456,假如,jiǎ rú,giả dụ,for example,假如明天下雨，我们就不去旅行。,"Jiǎrú míngtiān xià yǔ, wǒmen jiù bù qù lǚxíng.","Nếu ngày mai trời mưa, chúng ta sẽ không đi du lịch.","If it rains tomorrow, we won't go traveling.",5
457,假设,jiǎ shè,giả thuyết,hypothesis,假设他没有来，我们怎么办？,"Jiǎshè tā méiyǒu lái, wǒmen zěnme bàn?","Giả sử anh ấy không đến, chúng ta sẽ làm gì?","Suppose he doesn't come, what will we do?",5
458,假装,jiǎ zhuāng,giả vờ,pretend,她假装生病以避免工作。,Tā jiǎzhuāng shēngbìng yǐ bìmiǎn gōngzuò.,Cô ấy giả vờ ốm để tránh công việc.,She pretended to be sick to avoid work.,5
459,价值,jià zhí,giá trị,value,这个手表的价值很高。,Zhège shǒubiǎo de jiàzhí hěn gāo.,Giá trị của chiếc đồng hồ này rất cao.,The value of this watch is very high.,5
460,驾驶,jià shǐ,lái xe,drive,他正在学习驾驶。,Tā zhèngzài xuéxí jiàshǐ.,Anh ấy đang học lái xe.,He is learning to drive.,5
461,嫁,jià,gả chồng,get married,她打算嫁给他。,Tā dǎsuàn jià gěi tā.,Cô ấy dự định kết hôn với anh ấy.,She plans to marry him.,5
462,坚决,jiān jué,kiên quyết,firmly,他坚决拒绝了这个提议。,Tā jiānjué jùjuéle zhège tíyì.,Anh ấy kiên quyết từ chối đề nghị này.,He firmly refused this offer.,5
463,坚强,jiān qiáng,kiên cường,resilient,她非常坚强。,Tā fēicháng jiānqiáng.,Cô ấy rất mạnh mẽ.,She is very strong.,5
464,肩膀,jiān bǎng,bờ vai,shoulder,他肩膀上有一个伤口。,Tā jiānbǎng shàng yǒu yīgè shāngkǒu.,Anh ấy có một vết thương trên vai.,He has a wound on his shoulder.,5
465,艰巨,jiān jù,"khó khăn (công việc, nhiệm vụ)","difficult (work, task)",这项任务非常艰巨。,Zhè xiàng rènwu fēicháng jiānjù.,Nhiệm vụ này rất khó khăn.,This task is very difficult.,5
466,艰苦,jiān kǔ,"gian khổ, gian khóa",hardship,他经历了艰苦的训练。,Tā jīnglìle jiānkǔ de xùnliàn.,Anh ấy đã trải qua sự huấn luyện vất vả.,He has undergone rigorous training.,5
467,兼职,jiān zhí,kiêm nhiệm,concurrent,他在兼职做翻译工作。,Tā zài jiānzhí zuò fānyì gōngzuò.,Anh ấy làm công việc phiên dịch bán thời gian.,He works part-time as an interpreter.,5
468,捡,jiǎn,nhặt,picked,我在地上捡到了一些硬币。,Wǒ zài dìshàng jiǎn dào le yīxiē yìngbì.,Tôi đã nhặt được một số đồng xu trên mặt đất.,I picked up some coins on the ground.,5
469,剪刀,jiǎn dāo,cái kéo,scissors,请用剪刀剪开这个包裹。,Qǐng yòng jiǎndāo jiǎn kāi zhège bāoguǒ.,Xin hãy dùng kéo để cắt gói hàng này.,Please use scissors to cut this package.,5
470,简历,jiǎn lì,sơ yếu lý lịch,resume,我需要更新我的简历。,Wǒ xūyào gēngxīn wǒ de jiǎnlì.,Tôi cần cập nhật sơ yếu lý lịch của mình.,I need to update my resume.,5
471,简直,jiǎn zhí,gần như,almost,这个问题简直无法解决。,Zhège wèntí jiǎnzhí wúfǎ jiějué.,Vấn đề này gần như không thể giải quyết.,This problem is almost impossible to solve.,5
472,建立,jiàn lì,"thành lập (tổ chức, trường học), thiết lập (quan hệ)","establish (organization, school), establish (relationship)",我们需要建立一个新的团队。,Wǒmen xūyào jiànlì yīgè xīn de tuánduì.,Chúng ta cần thành lập một đội ngũ mới.,We need to form a new team.,5
473,建设,jiàn shè,"dựng xây, xây dựng","build, build",这座城市正在进行建设。,Zhè zuò chéngshì zhèngzài jìnxíng jiànshè.,Thành phố này đang trong quá trình xây dựng.,This city is under construction.,5
474,建筑,jiàn zhù,"công trình xây dưng, (công ty) xây dựng, (ngành) xây dựng","construction works, construction (company), construction (industry)",这座建筑很古老。,Zhè zuò jiànzhú hěn gǔlǎo.,Tòa nhà này rất cổ.,This building is very old.,5
475,健身,jiàn shēn,tập thể dục,do exercise,他每天去健身房锻炼。,Tā měitiān qù jiànshēn fáng duànliàn.,Anh ấy đến phòng tập thể dục mỗi ngày.,He goes to the gym every day.,5
476,键盘,jiàn pán,bàn phím,keyboard,我买了一台新键盘。,Wǒ mǎile yī tái xīn jiànpán.,Tôi đã mua một bàn phím mới.,I bought a new keyboard.,5
477,讲究,jiǎng jiū,coi trọng,respect,这篇文章讲究细节。,Zhè piān wénzhāng jiǎngjiù xìjié.,Bài viết này chú trọng đến chi tiết.,This article focuses on details.,5
478,讲座,jiǎng zuò,buổi diễn thuyết,presentation,他参加了一个有趣的讲座。,Tā cānjiāle yīgè yǒuqù de jiǎngzuò.,Anh ấy đã tham gia một buổi hội thảo thú vị.,He attended an interesting seminar.,5
479,酱油,jiàng yóu,xì dầu,soy sauce,我喜欢用酱油来调味。,Wǒ xǐhuān yòng jiàngyóu lái tiáowèi.,Tôi thích dùng xì dầu để nêm gia vị.,I like to use soy sauce for seasoning.,5
480,交换,jiāo huàn,trao đổi,exchange,我们可以交换意见。,Wǒmen kěyǐ jiāohuàn yìjiàn.,Chúng ta có thể trao đổi ý kiến.,We can exchange ideas.,5
481,交际,jiāo jì,giao tiếp,communicate,他擅长交际。,Tā shàncháng jiāojì.,Anh ấy giỏi giao tiếp.,He is good at communication.,5
482,交往,jiāo wǎng,"đi lại, giao thiệp","travel, socialize",我们在这里交往了很多年。,Wǒmen zài zhèlǐ jiāowǎngle hěn duō nián.,Chúng ta đã quen biết nhau ở đây nhiều năm.,We have known each other here for many years.,5
483,浇,jiāo,tưới nước,watering,请给这些植物浇水。,Qǐng gěi zhèxiē zhíwù jiāo shuǐ .,Xin hãy tưới nước cho các cây này.,Please water these plants.,5
484,胶水,jiāo shuǐ,keo dán,glue,他用胶水修理了那个破裂的瓶子。,Tā yòng jiāoshuǐ xiūlǐle nàgè pòliè de píngzi.,Anh ấy dùng keo để sửa cái chai bị nứt.,He used glue to fix the cracked bottle.,5
485,角度,jiǎo dù,góc độ,angle,我们从不同的角度看问题。,Wǒmen cóng bùtóng de jiǎodù kàn wèntí.,Chúng tôi nhìn vấn đề từ nhiều góc độ khác nhau.,We look at the problem from different angles.,5
486,狡猾,jiǎo huá,giảo hoạt,cunning,他是一个非常狡猾的商人。,Tā shì yīgè fēicháng jiǎohuá de shāngrén.,Anh ấy là một thương gia rất xảo quyệt.,He is a very cunning businessman.,5
487,教材,jiào cái,giao trình,course,这本书是教材之一。,Zhè běn shū shì jiàocái zhī yī.,Cuốn sách này là một trong những tài liệu giảng dạy.,This book is one of the teaching materials.,5
488,教练,jiào liàn,huấn luyện viên,coach,教练给了我们很多建议。,Jiàoliàn gěile wǒmen hěn duō jiànyì.,Huấn luyện viên đã đưa ra nhiều gợi ý cho chúng tôi.,The coach gave us many suggestions.,5
489,教训,jiào xùn,"giáo huấn, bài học","teaching, lesson",这次教训对我来说很重要。,Zhè cì jiàoxùn duì wǒ lái shuō hěn zhòngyào.,Bài học lần này rất quan trọng đối với tôi.,This lesson is very important to me.,5
490,阶段,jiē duàn,giai đoạn,stage,我们正在进行不同的阶段。,Wǒmen zhèngzài jìnxíng bùtóng de jiēduàn.,Chúng ta đang tiến hành các giai đoạn khác nhau.,We are going through different stages.,5
491,结实,jiē shi,chắc chắn,sure,这座房子很结实。,Zhè zuò fángzi hěn jiēshí.,Ngôi nhà này rất chắc chắn.,This house is very solid.,5
492,接触,jiē chù,tiếp xúc,contact,我们需要更多接触这些材料。,Wǒmen xūyào gèng duō jiēchù zhèxiē cáiliào.,Chúng ta cần tiếp xúc nhiều hơn với những tài liệu này.,We need more exposure to these materials.,5
493,接待,jiē dài,tiếp đãi,entertainment,他负责接待来访的客人。,Tā fùzé jiēdài láifǎng de kèrén.,Anh ấy phụ trách tiếp đón khách đến thăm.,He is in charge of receiving visitors.,5
494,接近,jiē jìn,tiếp cận,approach,她故意接近我。,Tā gùyì jiējìn wǒ.,Cô ấy cố tình tiếp cận tôi.,She approached me on purpose.,5
495,节省,jié shěng,tiết kiệm,save,我们需要节省开支。,Wǒmen xūyào jiéshěng kāizhī.,Chúng ta cần tiết kiệm chi phí.,We need to save costs.,5
496,结构,jié gòu,kết cấu,structure,这个建筑的结构很复杂。,Zhège jiànzhú de jiégòu hěn fùzá.,Cấu trúc của tòa nhà này rất phức tạp.,The structure of this building is very complex.,5
497,结合,jié hé,kết hợp,combine,他们的观点结合在一起了。,Tāmen de guāndiǎn jiéhé zài yīqǐle.,Quan điểm của họ đã được kết hợp lại với nhau.,Their views were combined together.,5
498,结论,jié lùn,kết luận,conclude,这个结论是正确的。,Zhège jiélùn shì zhèngquè de.,Kết luận này là đúng.,This conclusion is correct.,5
499,结账,jié zhàng,thanh toán,pay,我们在结账时遇到了问题。,Wǒmen zài jiézhàng shí yùdàole wèntí.,Chúng tôi gặp vấn đề khi thanh toán.,We have a problem with payment.,5
500,戒,jiè,"cai (thuốc, rượu, nghiện)","quit (drugs, alcohol, addiction)",他戒烟已经半年了。,Tā jiè yān yǐjīng bàn niánle.,Anh ấy đã bỏ thuốc lá được nửa năm.,He has quit smoking for half a year.,5
501,戒指,jiè zhǐ,nhẫn,ring,她的戒指非常漂亮。,Tā de jièzhǐ fēicháng piàoliang.,Chiếc nhẫn của cô ấy rất đẹp.,Her ring is very beautiful.,5
502,届,jiè,khóa,lock,这一届比赛非常精彩。,Zhè yī jiè bǐsài fēicháng jīngcǎi.,Cuộc thi năm nay rất xuất sắc.,This year's competition was excellent.,5
503,借口,jiè kǒu,"cớ, lí do",reason,他找了一个借口来解释他的迟到。,Tā zhǎole yīgè jiè kǒu lái jiěshì tā de chídào.,Anh ấy tìm một lý do để giải thích việc đến muộn.,He found an excuse to explain his lateness.,5
504,金属,jīn shǔ,kim loại,metal,这块金属很坚硬。,Zhè kuài jīnshǔ hěn jiānyìng.,Miếng kim loại này rất cứng.,This piece of metal is very hard.,5
505,尽快,jǐn kuài,mau chóng,quick,请尽快完成这个任务。,Qǐng jǐnkuài wánchéng zhège rènwu.,Xin hãy hoàn thành nhiệm vụ này càng sớm càng tốt.,Please complete this mission as soon as possible.,5
506,尽量,jǐn liàng,cố gắng,try,我们会尽量帮助你。,Wǒmen huì jǐnliàng bāngzhù nǐ.,Chúng tôi sẽ cố gắng giúp đỡ bạn.,We will try to help you.,5
507,紧急,jǐn jí,cấp bách,urgent,这是一项紧急任务。,Zhè shì yī xiàng jǐnjí rènwu.,Đây là một nhiệm vụ khẩn cấp.,This is an urgent mission.,5
508,谨慎,jǐn shèn,"cẩn thận, thận trọng","careful, cautious",他们的决定需要谨慎考虑。,Tāmen de juédìng xūyào jǐnshèn kǎolǜ.,Quyết định của họ cần phải cân nhắc thận trọng.,Their decisions need to be carefully considered.,5
509,尽力,jìn lì,dốc hết sức,go all out,我们会尽力做好这份工作。,Wǒmen huì jìnlì zuò hǎo zhè fèn gōngzuò.,Chúng tôi sẽ cố gắng hoàn thành tốt công việc này.,We will try to do this job well.,5
510,进步,jìn bù,tiến bộ,progress,她在学习中取得了很大的进步。,Tā zài xuéxí zhōng qǔdéle hěn dà de jìnbù.,Cô ấy đã đạt được sự tiến bộ lớn trong việc học.,She has made great progress in her studies.,5
511,进口,jìn kǒu,nhập khẩu,import,他们的公司进口了很多新产品。,Tāmen de gōngsī jìnkǒule hěn duō xīn chǎnpǐn.,Công ty của họ nhập khẩu nhiều sản phẩm mới.,Their company imports many new products.,5
512,近代,jìn dài,cận đại,modern,这个时期被称为近代。,Zhège shíqī bèi chēng wèi jìndài.,Thời kỳ này được gọi là thời hiện đại.,This period is called the modern era.,5
513,经典,jīng diǎn,kinh điển,classic,这部电影是经典之作。,Zhè bù diànyǐng shì jīngdiǎn zhī zuò.,Bộ phim này là một tác phẩm kinh điển.,This movie is a classic.,5
514,经商,jīng shāng,kinh doanh,business,他从事经商活动多年。,Tā cóngshì jīngshāng huódòng duōnián.,Anh ấy đã làm trong lĩnh vực kinh doanh nhiều năm.,He has been in business for many years.,5
515,经营,jīng yíng,"kinh doanh (cửa hàng), vận hành (công ty)","business (store), operation (company)",他们经营一家小咖啡馆。,Tāmen jīngyíng yījiā xiǎo kāfēiguǎn.,Họ điều hành một quán cà phê nhỏ.,They run a small coffee shop.,5
516,精力,jīng lì,tinh lực,vitality,他总是充满精力。,Tā zǒng shì chōngmǎn jīnglì.,Anh ấy luôn tràn đầy năng lượng.,He is always full of energy.,5
517,精神,jīng shén,tinh thần,spirit,她的精神状态很好。,Tā de jīngshén zhuàngtài hěn hǎo.,Tinh thần của cô ấy rất tốt.,Her spirits are very good.,5
518,酒吧,jiǔ bā,quán ba,bar,我们去酒吧喝酒。,Wǒmen qù jiǔbā hējiǔ.,Chúng tôi đi đến quán bar để uống rượu.,We went to the bar for a drink.,5
519,救,jiù,cứu,rescue,他们正在救助受灾的居民。,Tāmen zhèngzài jiùzhù shòuzāi de jūmín.,Họ đang cứu trợ những cư dân bị thiên tai.,They are providing relief to disaster victims.,5
520,救护车,jiù hù chē,xe cứu thương,ambulance,救护车已经到了。,Jiùhùchē yǐjīng dàole.,Xe cứu thương đã đến.,The ambulance has arrived.,5
521,舅舅,jiù jiù,cậu (em mẹ),brother,我的舅舅是一个非常聪明的人。,Wǒ de jiùjiu shì yīgè fēicháng cōngmíng de rén.,Chú của tôi là một người rất thông minh.,My uncle is a very intelligent man.,5
522,居然,jū rán,không ngờ lại,unexpectedly,她居然赢得了比赛。,Tā jūrán yíngdéle bǐsài.,Cô ấy lại vô tình thắng cuộc thi.,She accidentally won the contest again.,5
523,桔子,jú zi,quýt,tangerine,我喜欢吃桔子。,Wǒ xǐhuān chī júzi.,Tôi thích ăn quýt.,I like eating tangerines.,5
524,巨大,jù dà,"lớn (thành tựu, thay đổi, ảnh hưởng, tác hại)","big (achievement, change, influence, harm)",这只狗非常巨大。,Zhè zhī gǒu fēicháng jùdà.,Con chó này rất to lớn.,This dog is very big.,5
525,具备,jù bèi,"chuẩn bị đủ, có đủ (tư cách, điều kiện, tinh lực)","prepare enough, have enough (qualifications, conditions, energy)",他具备了所有必要的技能。,Tā jùbèile suǒyǒu bìyào de jìnéng.,Anh ấy đã có tất cả các kỹ năng cần thiết.,He has all the necessary skills.,5
526,具体,jù tǐ,cụ thể,specifically,这个方案很具体。,Zhège fāng'àn hěn jùtǐ.,Kế hoạch này rất cụ thể.,This plan is very specific.,5
527,俱乐部,jù lè bù,câu lạc bộ,club,我们在俱乐部里玩得很开心。,Wǒmen zài jùlèbù lǐ wán dé hěn kāixīn.,Chúng tôi vui vẻ chơi ở câu lạc bộ.,We had fun playing at the club.,5
528,据说,jù shuō,"nghe nói, nghe đồn",heard,据说这家店的服务很好。,Jùshuō zhè jiā diàn de fúwù hěn hǎo.,"Theo nói, dịch vụ của cửa hàng này rất tốt.","According to him, the service of this store is very good.",5
529,捐,juān,quyên góp,Donate,他捐赠了很多钱给慈善组织。,Tā juānzèngle hěn duō qián gěi císhàn zǔzhī.,Anh ấy đã quyên góp rất nhiều tiền cho tổ chức từ thiện.,He donated a lot of money to charity.,5
530,决赛,jué sài,trận chung kết,final,决赛将在下周举行。,Juésài jiāng zài xià zhōu jǔxíng.,Trận chung kết sẽ được tổ chức vào tuần tới.,The final will be held next week.,5
531,决心,jué xīn,quyết tâm,determination,他下定了决心要完成这个项目。,Tā xiàdìngle juéxīn yào wánchéng zhège xiàngmù.,Anh ấy đã quyết tâm hoàn thành dự án này.,He was determined to complete this project.,5
532,角色,jué sè,nhân vật,figure,她在电影中扮演了一个重要的角色。,Tā zài diànyǐng zhōng bànyǎnle yīgè zhòngyào de juésè.,Cô ấy đóng vai trò quan trọng trong bộ phim.,She plays an important role in the movie.,5
533,绝对,jué duì,tuyệt đối,absolute,这是绝对不可能的。,Zhè shì juéduì bù kěnéng de.,Đây là điều hoàn toàn không thể.,This is absolutely impossible.,5
534,军事,jūn shì,quân sự,military,他对军事非常感兴趣。,Tā duì jūnshì fēicháng gǎn xìngqù.,Anh ấy rất quan tâm đến quân sự.,He is very interested in the military.,5
535,均匀,jūn yún,"bình quân, trung bình",average,这块地的土壤非常均匀。,Zhè kuài dì de tǔrǎng fēicháng jūnyún.,Đất ở khu vực này rất đồng đều.,The soil in this area is very uniform.,5
536,卡车,kǎ chē,xe tải,truck,他开了一辆卡车来搬运这些家具。,Tā kāile yī liàng kǎchē lái bānyùn zhèxiē jiājù.,Anh ấy đã lái một chiếc xe tải để vận chuyển đồ đạc.,He drove a truck to transport furniture.,5
537,开发,kāi fā,"phát triển (hệ thống, ngành nghề, kĩ thuật, sản phẩm)","develop (system, industry, technology, product)",他们正在开发一个新软件。,Tāmen zhèngzài kāifā yīgè xīn ruǎnjiàn.,Họ đang phát triển một phần mềm mới.,They are developing a new software.,5
538,开放,kāi fàng,mở cửa,Open,这个博物馆在周末开放。,Zhège bówùguǎn zài zhōumò kāifàng.,Bảo tàng này mở cửa vào cuối tuần.,This museum is open on weekends.,5
539,开幕式,kāi mù shì,lễ khai mạc,opening ceremony,开幕式将在晚上七点举行。,Kāimùshì jiāng zài wǎnshàng qī diǎn jǔxíng.,Lễ khai mạc sẽ diễn ra vào lúc bảy giờ tối.,The opening ceremony will take place at seven o'clock in the evening.,5
540,开水,kāi shuǐ,nước sôi,hot water,请倒一些开水给我。,Qǐng dào yīxiē kāishuǐ gěi wǒ.,Xin hãy rót cho tôi một ít nước sôi.,Please pour me some boiling water.,5
541,砍,kǎn,"chặt, chém",chop,他用刀子砍了一些木头。,Tā yòng dāozi kǎnle yīxiē mùtou.,Anh ấy đã dùng dao để chặt một số khúc gỗ.,He used a knife to chop some logs.,5
542,看不起,kàn bù qǐ,coi khinh,despise,我们不应该看不起任何人。,Wǒmen bù yìnggāi kàn bù qǐ rènhé rén.,Chúng ta không nên xem thường bất kỳ ai.,We should not look down on anyone.,5
543,看望,kàn wàng,đi thăm,go visit,我们去看望了老朋友。,Wǒmen qù kànwàngle lǎo péngyǒu.,Chúng tôi đã đến thăm những người bạn cũ.,We visited old friends.,5
544,靠,kào,"dựa dẫm, dựa vào",rely on,他总是靠自己完成任务。,Tā zǒng shì kào zìjǐ wánchéng rènwu.,Anh ấy luôn dựa vào bản thân để hoàn thành nhiệm vụ.,He always relies on himself to complete the task.,5
545,颗,kē,quả (lượng từ),fruit (quantifier),我们种了一颗树。,Wǒmen zhǒngle yī kē shù.,Chúng tôi đã trồng một cây.,We planted a tree.,5
546,可见,kě jiàn,cho thấy (đứng đầu vế câu thứ hai),show (first clause),小红的毛笔字写得真好，可见平时经常练习。,"Xiǎo hóng de máobǐ zì xiě dé zhēn hǎo, kějiàn píngshí jīngcháng liànxí.","Thư pháp của Tiểu Hồng thực sự rất tốt, điều đó cho thấy cô ấy luyện tập nó thường xuyên.","Xiao Hong's calligraphy is really good, which shows that she practices it regularly.",5
547,可靠,kě kào,đáng tin cậy,reliable,这是一家可靠的公司。,Zhè shì yījiā kěkào de gōngsī.,Đây là một công ty đáng tin cậy.,This is a trustworthy company.,5
548,可怕,kě pà,đáng sợ,scary,这个情况可能会变得很可怕。,Zhège qíngkuàng kěnéng huì biàn dé hěn kěpà.,Tình hình này có thể trở nên rất đáng sợ.,This situation can get very scary.,5
549,克,kè,gram,gram,我买三百克鸡胸肉。,Wǒ mǎi sānbǎi kè jīxiōng ròu.,Tôi mua 300 gram ức gà.,I bought 300 grams of chicken breast.,5
550,克服,kè fú,khắc phục,fix,他克服了许多挑战。,Tā kèfúle xǔduō tiǎozhàn.,Anh ấy đã vượt qua nhiều thử thách.,He has overcome many challenges.,5
551,刻苦,kè kǔ,"khắc khổ, chịu khó","ascetic, hard-working",只有刻苦的学习，才能取得良好的成绩。,"Zhǐyǒu kèkǔ de xuéxí, cáinéng qǔdé liánghǎo de chéngjì.",Chỉ có học tập chăm chỉ bạn mới có thể đạt được kết quả tốt.,Only by studying hard can you achieve good results.,5
552,客观,kè guān,khách quan,objective,我们需要一个客观的评估。,Wǒmen xūyào yīgè kèguān de pínggū.,Chúng ta cần một đánh giá khách quan.,We need an objective assessment.,5
553,课程,kè chéng,môn học,subject,这个课程很有趣。,Zhège kèchéng hěn yǒuqù.,Khóa học này rất thú vị.,This course is very interesting.,5
554,空间,kōng jiān,không gian,space,这间房间的空间很大。,Zhè jiān fángjiān de kōngjiān hěn dà.,Không gian của căn phòng này rất rộng.,The space of this room is very large.,5
555,空闲,kòng xián,rảnh rỗi (thời gian),free time,我有很多空闲时间。,Wǒ yǒu hěn duō kōngxián shíjiān.,Tôi có nhiều thời gian rảnh.,I have a lot of free time.,5
556,控制,kòng zhì,"kiềm chế (cảm xúc, tình cảm), kiểm soát",control,他控制了这个系统。,Tā kòngzhìle zhège xìtǒng.,Anh ấy kiểm soát hệ thống này.,He controls this system.,5
557,口味,kǒu wèi,khẩu vị,taste,我喜欢这种口味的冰淇淋。,Wǒ xǐhuān zhè zhǒng kǒuwèi de bīngqílín.,Tôi thích hương vị kem này.,I like this flavor of ice cream.,5
558,夸,kuā,khen,praise,他总是夸奖别人的努力。,Tā zǒng shì kuājiǎng biérén de nǔlì.,Anh ấy luôn khen ngợi nỗ lực của người khác.,He always praises other people's efforts.,5
559,夸张,kuā zhāng,phóng đại,exaggerated,她夸张地描述了她的经历。,Tā kuāzhāng de miáoshùle tā de jīnglì.,Cô ấy đã mô tả kinh nghiệm của mình một cách phóng đại.,She described her experience in an exaggerated way.,5
560,会计,kuàì jì,kế toán,accountant,他是一个会计。,Tā shì yīgè kuàijì.,Anh ấy là một kế toán.,He is an accountant.,5
561,宽,kuān,rộng,wide,这条裙子很宽。,Zhè tiáo qúnzi hěn kuān.,Chiếc váy này rất rộng.,This dress is very loose.,5
562,昆虫,kūn chóng,côn trùng,insect,昆虫在自然界中很重要。,Kūnchóng zài zìránjiè zhōng hěn zhòngyào.,Côn trùng rất quan trọng trong tự nhiên.,Insects are very important in nature.,5
563,扩大,kuò dà,"mở rộng (phạm vi, khoảng cách, thị trường)","expand (range, distance, market)",我们计划扩大市场。,Wǒmen jìhuà kuòdà shìchǎng.,Chúng tôi dự định mở rộng thị trường.,We plan to expand the market.,5
564,辣椒,là jiāo,ớt,chilli,我喜欢吃辣椒。,Wǒ xǐhuān chī làjiāo.,Tôi thích ăn ớt.,I like to eat chili.,5
565,拦,lán,"ngăn, chặn",prevent,他在比赛中拦住了对手。,Tā zài bǐsài zhōng lán zhùle duìshǒu.,Anh ấy đã chặn đối thủ trong cuộc thi.,He blocked his opponent in the competition.,5
566,烂,làn,"nát, loét, rách, thối rữa","rotten, ulcerated, torn, rotten",这道菜已经烂了。,Zhè dào cài yǐjīng lànle.,Món ăn này đã bị nát.,This dish is spoiled.,5
567,朗读,lǎng dú,đọc to,read aloud,他朗读了这篇文章。,Tā lǎngdúle zhè piān wénzhāng.,Anh ấy đã đọc to bài viết này.,He read this article aloud.,5
568,劳动,láo dòng,lao động,labor,我们的劳动是值得的。,Wǒmen de láodòng shì zhídé de.,Công việc của chúng tôi là đáng giá.,Our work is worthwhile.,5
569,劳驾,láo jià,"làm ơn, xin phiền",please,劳驾，请您帮我拿一下包。,"Láojià, qǐng nín bāng wǒ ná yīxià bāo.","Xin lỗi, xin bạn giúp tôi lấy cái túi.","Excuse me, could you help me get my bag?",5
570,老百姓,lǎo bǎi xìng,lão bách tính,common man,老百姓都希望生活更好。,Lǎobǎixìng dōu xīwàng shēnghuó gèng hǎo.,Người dân đều hy vọng cuộc sống tốt hơn.,People all hope for a better life.,5
571,老板,lǎo bǎn,ông chủ,boss,我们的老板很友善。,Wǒmen de lǎobǎn hěn yǒushàn.,Sếp của chúng tôi rất thân thiện.,Our boss is very friendly.,5
572,老婆,lǎo pó,bà xã,wife,她是我的老婆。,Tā shì wǒ de lǎopó.,Cô ấy là vợ của tôi.,She is my wife.,5
573,老实,lǎo shí,thật thà,honest,他总是很老实。,Tā zǒng shì hěn lǎoshí.,Anh ấy luôn rất chân thành.,He is always very sincere.,5
574,老鼠,lǎo shǔ,con chuột,mouse,老鼠在房子里跑来跑去。,Lǎoshǔ zài fángzi lǐ pǎo lái pǎo qù.,Chuột chạy qua lại trong nhà.,Mice run back and forth in the house.,5
575,姥姥,lǎo lǎo,bà ngoại,grandmother,我每个月都去看我的姥姥。,Wǒ měi gè yuè dōu qù kàn wǒ de lǎolao.,Mỗi tháng tôi đều đến thăm bà ngoại.,I visit my grandmother every month.,5
576,乐观,lè guān,lạc quan,optimistic,乐观的人们通常更能够享受生活。,Lèguān de rénmen tōngcháng gèng nénggòu xiǎngshòu shēnghuó.,Những người lạc quan thường có khả năng tận hưởng cuộc sống nhiều hơn,Optimists are more likely to enjoy life.,5
577,雷,léi,sấm,thunder,雷电在天空中闪烁。,Léidiàn zài tiānkōng zhōng shǎnshuò.,Sấm chớp lóe lên trên bầu trời.,Lightning flashed across the sky.,5
578,类型,lèi xíng,loại hình,type,这种类型的书很受欢迎。,Zhè zhǒng lèixíng de shū hěn shòu huānyíng.,Loại sách này rất được ưa chuộng.,This type of book is very popular.,5
579,冷淡,lěng dàn,"lãnh đạm, lạnh nhạt, lạnh lùng","indifferent, cold, cold",她的态度很冷淡。,Tā de tàidù hěn lěngdàn.,Thái độ của cô ấy rất lạnh lùng.,Her attitude is very cold.,5
580,厘米,lí mǐ,cm,cm,这个桌子的高度是五十厘米。,Zhège zhuōzi de gāodù shì wǔshí límǐ.,Chiều cao của cái bàn này là năm mươi cm.,The height of this table is fifty centimeters.,5
581,离婚,lí hūn,li hôn,divorce,他们决定离婚了。,Tāmen juédìng líhūnle.,Họ đã quyết định ly hôn.,They decided to divorce.,5
582,梨,lí,quả lê,pear,我喜欢吃梨。,Wǒ xǐhuān chī lí.,Tôi thích ăn lê.,I like to eat pears.,5
583,理论,lǐ lùn,lý luận,reasoning,这个理论很有趣。,Zhège lǐlùn hěn yǒuqù.,Lý thuyết này rất thú vị.,This theory is very interesting.,5
584,理由,lǐ yóu,lí do,reason,他给出的理由很合理。,Tā gěi chū de lǐyóu hěn hélǐ.,Lý do anh ấy đưa ra rất hợp lý.,The reason he gave was very reasonable.,5
585,力量,lì liàng,sức mạnh,power,我们需要更多的力量。,Wǒmen xūyào gèng duō de lìliàng.,Chúng ta cần nhiều sức mạnh hơn.,We need more power.,5
586,立即,lì jí,lập tức,instantly,请立即处理这个问题。,Qǐng lìjí chǔlǐ zhège wèntí.,Xin vui lòng xử lý vấn đề này ngay lập tức.,Please handle this issue immediately.,5
587,立刻,lì kè,lập tức,instantly,他立刻去帮忙了。,Tā lìkè qù bāngmángle.,Anh ấy lập tức đi giúp đỡ.,He immediately went to help.,5
588,利润,lì rùn,lợi nhuận,profit,公司的利润增加了。,Gōngsī de lìrùn zēngjiāle.,Lợi nhuận của công ty đã tăng lên.,The company's profits have increased.,5
589,利息,lì xī,lợi tức,income,贷款的利息很高。,Dàikuǎn de lìxí hěn gāo.,Lãi suất của khoản vay rất cao.,The interest rate on the loan is very high.,5
590,利益,lì yì,lợi ích,benefit,他们的利益不一致。,Tāmen de lìyì bù yīzhì.,Lợi ích của họ không一致.,Their interests are not indifferent.,5
591,利用,lì yòng,"tận dụng, lợi dụng",take advantage of,他利用自己的资源来帮助别人。,Tā lìyòng zìjǐ de zīyuán lái bāngzhù biérén.,Anh ấy sử dụng tài nguyên của mình để giúp đỡ người khác.,He uses his resources to help others.,5
592,连忙,lián máng,vội vã,hurry,他连忙去接电话。,Tā liánmáng qù jiē diànhuà.,Anh ấy lập tức đi nhận điện thoại.,He immediately went to answer the phone.,5
593,连续,lián xù,liên tục,continuous,这些机器的操作是连续的。,Zhèxiē jīqì de cāozuò shì liánxù de.,Việc vận hành các máy móc này là liên tục.,The operation of these machines is continuous.,5
594,联合,lián hé,liên hiệp,union,我们的团队是一个联合体。,Wǒmen de tuánduì shì yīgè liánhé tǐ.,Đội ngũ của chúng tôi là một liên minh.,Our team is an alliance.,5
595,恋爱,liàn ài,yêu đương,love,我们在恋爱中。,Wǒmen zài liàn'ài zhōng.,Chúng tôi đang yêu nhau.,We are in love.,5
596,良好,liáng hǎo,tốt đẹp,good,这是一种良好的习惯。,Zhè shì yī zhǒng liánghǎo de xíguàn.,Đây là một thói quen tốt.,This is a good habit.,5
597,粮食,liáng shí,lương thực,food,这家商店出售各种粮食。,Zhè jiā shāngdiàn chūshòu gè zhǒng liángshí.,Cửa hàng này bán đủ loại thực phẩm.,This store sells all kinds of food.,5
598,亮,liàng,sáng,bright,天亮了,Tiān liàngle.,Trời sáng rồi.,It's morning.,5
599,了不起,liǎo bù qǐ,giỏi giang,good,他做的工作真的了不起。,Tā zuò de gōngzuò zhēn de liǎobùqǐ.,Công việc anh ấy làm thật sự tuyệt vời.,The work he does is really amazing.,5
600,列车,liè chē,tàu hỏa,train,列车将于明天早上发车。,Lièchē jiāng yú míngtiān zǎoshang fāchē.,Tàu sẽ khởi hành vào sáng mai.,The ship will depart tomorrow morning.,5
601,临时,lín shí,"lâm thời, thời vụ, tạm thời","temporary, temporary, interim",我们需要一个临时的解决方案。,Wǒmen xūyào yīgè línshí de jiějuéfāng'àn.,Chúng tôi cần một giải pháp tạm thời.,We need a temporary solution.,5
602,灵活,líng huó,linh hoạt,flexible,她的思维非常灵活。,Tā de sīwéi fēicháng línghuó.,Suy nghĩ của cô ấy rất linh hoạt.,Her thinking is very flexible.,5
603,铃,líng,chuông,bell,他用铃声叫醒了我。,Tā yòng língshēng jiàoxǐngle wǒ.,Anh ấy đã đánh thức tôi bằng tiếng chuông.,He woke me up with the bell.,5
604,零件,líng jiàn,linh kiện,accessory,这台机器的零件很复杂。,Zhè tái jīqì de língjiàn hěn fùzá.,Các linh kiện của máy móc này rất phức tạp.,The components of this machine are very complex.,5
605,零食,líng shí,đồ ăn vặt,Snacks,我带了一些零食来聚会。,Wǒ dài le yīxiē língshí lái jùhuì.,Tôi mang một số đồ ăn vặt đến buổi tiệc.,I brought some snacks to the party.,5
606,领导,lǐng dǎo,lãnh đạo,leader,他是一个很有能力的领导。,Tā shì yīgè hěn yǒu nénglì de lǐngdǎo.,Anh ấy là một nhà lãnh đạo rất có năng lực.,He is a very capable leader.,5
607,领域,lǐng yù,lĩnh vực,field,这是一个新的领域。,Zhè shì yīgè xīn de lǐngyù.,Đây là một lĩnh vực mới.,This is a new field.,5
608,浏览,liú lǎn,đọc lướt,skim,我们在浏览网页。,Wǒmen zài liú lǎn wǎngyè.,Chúng tôi đang duyệt web.,We are browsing the web.,5
609,流传,liú chuán,"lưu truyền, lan truyền","circulate, spread",这个故事流传了很久。,Zhège gùshì liúchuánle hěnjiǔ.,Câu chuyện này đã được truyền lại từ lâu.,This story has been passed down for a long time.,5
610,流泪,liú lèi,rơi lệ,tearful,她流泪了因为感动。,Tā liú lèi le yīnwèi gǎndòng.,Cô ấy đã rơi nước mắt vì cảm động.,She was moved to tears.,5
611,龙,lóng,rồng,dragon,这条龙很长。,Zhè tiáo lóng hěn cháng.,Con rồng này rất dài.,This dragon is very long.,5
612,漏,lòu,dột,leak,房子漏水了。,Fángzi lòushuǐle.,Ngôi nhà bị rò rỉ nước.,The house is leaking water.,5
613,陆地,lù dì,"lục địa, đất liền",continent,中国是一个广大的陆地。,Zhōngguó shì yīgè guǎngdà de lùdì.,Trung Quốc là một vùng đất rộng lớn.,China is a vast land.,5
614,陆续,lù xù,"lục tục, liên tiếp",successively,他陆续到达了。,Tā lùxù dàodále.,Anh ấy đã đến liên tục.,He came constantly.,5
615,录取,lù qǔ,tuyển chọn,selection,她被录取了。,Tā bèi lùqǔle.,Cô ấy đã được nhận vào.,She was accepted.,5
616,录音,lù yīn,ghi âm,record,我们需要录音这次会议。,Wǒmen xūyào lùyīn zhè cì huìyì.,Chúng ta cần ghi âm cuộc họp này.,We need to record this meeting.,5
617,轮流,lún liú,"luân lưu, thay phiên","rotation, rotation",大家轮流发言。,Dàjiā lúnliú fāyán.,Mọi người lần lượt phát biểu.,Everyone took turns speaking.,5
618,论文,lùn wén,luận văn,thesis,这篇论文很有深度。,Zhè piān lùnwén hěn yǒu shēndù.,Bài luận văn này rất sâu sắc.,This essay is very insightful.,5
619,逻辑,luó jí,logic,logic,他的逻辑很严密。,Tā de luójí hěn yánmì.,Logic của anh ấy rất chặt chẽ.,His logic is very tight.,5
620,落后,luò hòu,lạc hậu,backward,我们落后于其他国家。,Wǒmen luòhòu yú qítā guójiā.,Chúng ta đang tụt hậu so với các nước khác.,We are falling behind other countries.,5
621,骂,mà,mắng mỏ,scold,他骂了他的朋友。,Tā màle tā de péngyǒu.,Anh ấy đã mắng người bạn của mình.,He scolded his friend.,5
622,麦克风,mài kè fēng,microphone,microphone,麦克风坏了，声音听不清楚。,"Màikèfēng huàile, shēngyīn tīng bù qīngchǔ.","Microphone hỏng, âm thanh không rõ.","Microphone broken, sound unclear.",5
623,馒头,mán tóu,"bánh bao không nhân, màn thầu","steamed buns, mantou",我喜欢吃馒头。,Wǒ xǐhuān chī mántou.,Tôi thích ăn bánh bao.,I like to eat dumplings.,5
624,满足,mǎn zú,"đáp ứng (yêu cầu, điều kiện, tính tò mò, lòng tham)","meet (request, condition, curiosity, greed)",她很满足自己的成就。,Tā hěn mǎnzú zìjǐ de chéngjiù.,Cô ấy rất hài lòng với thành tựu của mình.,She is very pleased with her achievement.,5
625,毛病,máo bìng,"tật xấu, lỗi","vice, fault",他的毛病很严重。,Tā de máobìng hěn yánzhòng.,Căn bệnh của anh ấy rất nghiêm trọng.,His illness is very serious.,5
626,矛盾,máo dùn,mâu thuẫn,conflict,他们之间有很大的矛盾。,Tāmen zhījiān yǒu hěn dà de máodùn.,Giữa họ có một mâu thuẫn lớn.,There is a big conflict between them.,5
627,冒险,mào xiǎn,mạo hiểm,venture,他喜欢冒险旅行。,Tā xǐhuān màoxiǎn lǚxíng.,Anh ấy thích đi du lịch mạo hiểm.,He enjoys adventure travel.,5
628,贸易,mào yì,thương mại,commerce,这个国家的贸易很发达。,Zhège guójiā de màoyì hěn fādá.,Thương mại của quốc gia này rất phát triển.,The country's trade is very developed.,5
629,眉毛,méi máo,lông mày,eyebrow,她的眉毛很浓。,Tā de méimáo hěn nóng.,Lông mày của cô ấy rất đậm.,Her eyebrows are very dark.,5
630,媒体,méi tǐ,"truyền thông, báo chí","media, press",这家媒体报道了很多新闻。,Zhè jiā méitǐ bàodàole hěn duō xīnwén.,Phương tiện truyền thông này đã đưa tin rất nhiều.,This media has reported a lot.,5
631,煤炭,méi tàn,than,charcoal,这家工厂使用煤炭作为能源。,Zhè jiā gōngchǎng shǐyòng méitàn zuòwéi néngyuán.,Nhà máy này sử dụng than đá làm năng lượng.,This factory uses coal for energy.,5
632,美术,měi shù,mỹ thuật,art,他很擅长美术。,Tā hěn shàncháng měishù.,Anh ấy rất giỏi mỹ thuật.,He is very good at art.,5
633,魅力,mèi lì,sức hút,attraction,她的魅力吸引了很多人。,Tā de mèilì xīyǐnle hěn duō rén.,Sức hút của cô ấy đã thu hút nhiều người.,Her charm attracted many people.,5
634,梦想,mèng xiǎng,ước mơ,dream,他有一个美好的梦想。,Tā yǒu yīgè měihǎo de mèngxiǎng.,Anh ấy có một ước mơ đẹp.,He has a beautiful dream.,5
635,秘密,mì mì,bí mật,secret,这是一个秘密。,Zhè shì yīgè mìmì.,Đây là một bí mật.,This is a secret.,5
636,秘书,mì shū,thư ký,secretary,她是公司的秘书。,Tā shì gōngsī de mìshū.,Cô ấy là thư ký của công ty.,She is the company secretary.,5
637,密切,mì qiè,mật thiết,intimate,我们需要密切合作。,Wǒmen xūyào mìqiè hézuò.,Chúng ta cần hợp tác chặt chẽ.,We need to work closely together.,5
638,蜜蜂,mì fēng,con ong,bee,蜜蜂在花丛中飞来飞去。,Mìfēng zài huācóng zhōng fēi lái fēi qù.,Ong bướm bay qua bay lại trong vườn hoa.,Bees and butterflies fly back and forth in the flower garden.,5
639,面对,miàn duì,"đối mặt (chứng cứ, tương lai, khủng hoảng, thách thức), đối diện","face (evidence, future, crisis, challenge), confront",他要面对许多挑战。,Tā yào miànduì xǔduō tiǎozhàn.,Anh ấy phải đối mặt với nhiều thách thức.,He faced many challenges.,5
640,面积,miàn jī,diện tích,acreage,这个房子的面积很大。,Zhège fángzi de miànjī hěn dà.,Diện tích của ngôi nhà này rất lớn.,The area of ​​this house is very large.,5
641,面临,miàn lín,"đứng trước (khó khăn, nguy hiểm, thách thức)","face (difficulty, danger, challenge)",我们面临许多挑战。,Wǒmen miànlín xǔduō tiǎozhàn.,Chúng ta đang đối mặt với nhiều thách thức.,We are facing many challenges.,5
642,苗条,miáo tiáo,thon thả,slim,她的身材很苗条。,Tā de shēncái hěn miáotiáo.,Cô ấy có thân hình rất thon thả.,She has a very slim figure.,5
643,描写,miáo xiě,miêu tả,describe,这本书详细描写了他的生活。,Zhè běn shū xiángxì miáoxiěle tā de shēnghuó.,Cuốn sách này mô tả chi tiết cuộc sống của anh ấy.,This book describes his life in detail.,5
644,敏感,mǐn gǎn,nhạy cảm,sensitive,她对这些问题很敏感。,Tā duì zhèxiē wèntí hěn mǐngǎn.,Cô ấy rất nhạy cảm với những vấn đề này.,She is very sensitive to these issues.,5
645,名牌,míng pái,thương hiệu nổi tiếng,famous brand,这是一款名牌的手表。,Zhè shì yī kuǎn míngpái de shǒubiǎo.,Đây là một chiếc đồng hồ của thương hiệu nổi tiếng.,This is a watch of famous brand.,5
646,名片,míng piàn,danh thiếp,business card,我给你一张名片。,Wǒ gěi nǐ yī zhāng míngpiàn.,Tôi đưa cho bạn một tấm danh thiếp.,I give you a business card.,5
647,名胜古迹,míng shèng gǔ jì,danh lam thắng cảnh,scenic spot,我们参观了很多名胜古迹。,Wǒmen cānguānle hěn duō míngshèng gǔjì.,Chúng tôi đã thăm nhiều danh lam thắng cảnh và di tích lịch sử.,We visited many scenic spots and historical sites.,5
648,明确,míng què,"rõ ràng, rành mạch",clear,请明确你的要求。,Qǐng míngquè nǐ de yāoqiú.,Xin vui lòng làm rõ yêu cầu của bạn.,Please clarify your request.,5
649,明显,míng xiǎn,rõ ràng,clear,这个问题的答案很明显。,Zhège wèntí de dá'àn hěn míngxiǎn.,Câu trả lời cho vấn đề này rất rõ ràng.,The answer to this question is obvious.,5
650,明星,míng xīng,minh tinh,star,她是一位著名的明星。,Tā shì yī wèi zhùmíng de míngxīng.,Cô ấy là một ngôi sao nổi tiếng.,She is a famous star.,5
651,命令,mìng lìng,mệnh lệnh,command,他给了我一个命令。,Tā gěile wǒ yīgè mìnglìng.,Anh ấy đã ra lệnh cho tôi.,He gave me orders.,5
652,命运,mìng yùn,vận mệnh,destiny,我相信你的命运会改变。,Wǒ xiāngxìn nǐ de mìngyùn huì gǎibiàn.,Tôi tin rằng số phận của bạn sẽ thay đổi.,I believe your destiny will change.,5
653,摸,mō,sờ,touch,她摸了摸他的肩膀。,Tā mōle mō tā de jiānbǎng.,Cô ấy đã sờ vào vai của anh ấy.,She touched his shoulder.,5
654,模仿,mó fǎng,bắt chước,mimic,他模仿了他的老师。,Tā mófǎngle tā de lǎoshī.,Anh ấy đã bắt chước giáo viên của mình.,He imitated his teacher.,5
655,模糊,mó hu,mơ hồ,vague,这个问题有些模糊。,Zhège wèntí yǒuxiē móhu.,Vấn đề này có phần mơ hồ.,This issue is somewhat ambiguous.,5
656,模特,mó tè,người mẫu,model,她是一个专业的模特。,Tā shì yīgè zhuānyè de mótè.,Cô ấy là một người mẫu chuyên nghiệp.,She is a professional model.,5
657,摩托车,mó tuō chē,xe máy,motorbike,他骑了一辆摩托车。,Tā qíle yī liàng mótuōchē.,Anh ấy đã lái một chiếc xe máy.,He drove a motorbike.,5
658,陌生,mò shēng,lạ lẫm,strange,我觉得这个地方很陌生。,Wǒ juédé zhège dìfāng hěn mòshēng.,Tôi cảm thấy nơi này rất lạ lẫm.,I feel very strange here.,5
659,某,mǒu,nào đó,somehow,某一天我们会成功。,Mǒu yītiān wǒmen huì chénggōng.,Một ngày nào đó chúng ta sẽ thành công.,One day we will succeed.,5
660,木头,mù tóu,khúc gỗ,log,这个木头很坚硬。,Zhège mùtou hěn jiānyìng.,Mảnh gỗ này rất cứng.,This piece of wood is very hard.,5
661,目标,mù biāo,mục tiêu,target,她的目标是成为医生。,Tā de mùbiāo shì chéngwéi yīshēng.,Mục tiêu của cô ấy là trở thành bác sĩ.,Her goal is to become a doctor.,5
662,目录,mù lù,mục lục,index,我查了目录。,Wǒ chále mùlù.,Tôi đã tra cứu danh mục.,I looked up the catalog.,5
663,目前,mù qián,"trước mắt, hiện nay",for now,目前的情况很复杂。,Mùqián de qíngkuàng hěn fùzá.,Tình hình hiện tại rất phức tạp.,The current situation is very complicated.,5
664,哪怕,nǎ pà,cho dù,even though,哪怕是雨天我也会去。,Nǎpà shì yǔtiān wǒ yě huì qù.,Dù là trời mưa tôi vẫn sẽ đi.,"Even if it rains, I will still go.",5
665,难怪,nán guài,chẳng trách,no wonder,难怪她没有来。,Nánguài tā méiyǒu lái.,Không lạ gì khi cô ấy không đến.,No wonder she didn't come.,5
666,难免,nán miǎn,khó tránh,unavoidable,这难免会发生。,Zhè nánmiǎn huì fāshēng.,Điều này khó tránh khỏi.,This is inevitable.,5
667,脑袋,nǎo dài,não,brain,他脑袋很大。,Tā nǎodai hěn dà.,Anh ấy có cái đầu to.,He has a big head.,5
668,内部,nèi bù,nội bộ,internal,这个问题涉及到内部。,Zhège wèntí shèjí dào nèibù.,Vấn đề này liên quan đến nội bộ.,This issue is internal.,5
669,内科,nèi kē,khoa nội,Internal medicine,我看了一些内科的书。,Wǒ kànle yīxiē nèikē de shū.,Tôi đã đọc một số sách về nội khoa.,I have read some books on internal medicine.,5
670,嫩,nèn,"mềm, non","soft, young",这块肉很嫩。,Zhè kuài ròu hěn nèn.,Miếng thịt này rất mềm.,This piece of meat is very tender.,5
671,能干,néng gàn,được việc,get the job done,他很能干。,Tā hěn nénggàn.,Anh ấy rất tài giỏi.,He is very talented.,5
672,能源,néng yuán,tài nguyên,resources,这是一种可再生能源。,Zhè shì yī zhǒng kě zàishēng néngyuán.,Đây là một loại năng lượng tái tạo.,This is a type of renewable energy.,5
673,嗯,ēn,"ừ, ừm","yeah, yeah",嗯，我明白了。,"Ēn, wǒ míngbái le.","Ừ, tôi hiểu rồi.","Yeah, I get it.",5
674,年代,nián dài,thời đại,time,那是一个年代的故事。,Nà shì yīgè niándài de gùshì.,Đó là câu chuyện của một thời kỳ.,It is a story of a time.,5
675,年纪,nián jì,tuổi tác,age,他的年纪不大。,Tā de niánjì bù dà.,Tuổi của anh ấy không lớn.,He is not old.,5
676,念,niàn,đọc,read,她常常念书。,Tā chángcháng niànshū.,Cô ấy thường xuyên đọc sách.,She reads books often.,5
677,宁可,nìng kě,thà,rather,我宁可待在家里。,Wǒ nìngkě dāi zài jiālǐ.,Tôi thà ở nhà.,I'd rather stay home.,5
678,牛仔裤,niú zǎi kù,quần bò,jeans,她穿了一条牛仔裤。,Tā chuānle yītiáo niúzǎikù.,Cô ấy mặc một chiếc quần jeans.,She is wearing jeans.,5
679,农村,nóng cūn,nông thôn,countryside,农村的生活很安静。,Nóngcūn de shēnghuó hěn ānjìng.,Cuộc sống ở nông thôn rất yên tĩnh.,Life in the countryside is very quiet.,5
680,农民,nóng mín,nông dân,farmer,他是一个农民。,Tā shì yīgè nóngmín.,Anh ấy là một nông dân.,He is a farmer.,5
681,农业,nóng yè,nông nghiệp,agriculture,农业对国家很重要。,Nóngyè duì guójiā hěn zhòngyào.,Nông nghiệp rất quan trọng đối với đất nước.,Agriculture is very important to the country.,5
682,浓,nóng,"nồng, đậm",strong,这道菜的味道很浓。,Zhè dào cài de wèidào hěn nóng.,Hương vị của món ăn này rất đậm.,The flavor of this dish is very strong.,5
683,女士,nǚ shì,"quý cô, quý bà",lady,她是一位女士。,Tā shì yī wèi nǚshì.,Cô ấy là một quý bà.,She is a lady.,5
684,欧洲,ōu zhōu,châu Âu,Europe,他去了欧洲旅行。,Tā qùle Ōuzhōu lǚxíng.,Anh ấy đã đi du lịch châu Âu.,He traveled to Europe.,5
685,偶然,ǒu rán,ngẫu nhiên,random,我们偶然遇到了老朋友。,Wǒmen ǒurán yùdàole lǎo péngyǒu.,Chúng tôi tình cờ gặp lại người bạn cũ.,We ran into an old friend.,5
686,拍,pāi,vỗ,pat,他拍了很多照片。,Tā pāile hěn duō zhàopiàn.,Anh ấy đã chụp rất nhiều bức ảnh.,He took a lot of pictures.,5
687,派,pài,"cử, phái",send,派一队士兵去守卫城堡。,Pài yī duì shìbīng qù shǒuwèi chéngbǎo.,phái một đội lính để bảo vệ lâu đài.,send a squad of soldiers to defend the castle.,5
688,盼望,pàn wàng,mong chờ,looking forward to,我们盼望你的到来。,Wǒmen pànwàng nǐ de dàolái.,Chúng tôi mong chờ sự đến của bạn.,We look forward to your visit.,5
689,培训,péi xùn,"bồi dưỡng, tập huấn",training,我们提供专业的培训课程。,Wǒmen tígōng zhuānyè de péixùn kèchéng.,Chúng tôi cung cấp các khóa đào tạo chuyên nghiệp.,We provide professional training courses.,5
690,培养,péi yǎng,"nuôi dưỡng, hình thành","nurture, form",我们应该培养孩子的兴趣。,Wǒmen yīnggāi péiyǎng háizi de xìngqù.,Chúng ta nên nuôi dưỡng sở thích của trẻ em.,We should nurture children's interests.,5
691,赔偿,péi cháng,bồi thường,compensation,他要求公司赔偿他的损失。,Tā yāoqiú gōngsī péicháng tā de sǔnshī.,Anh ấy yêu cầu công ty bồi thường cho tổn thất của mình.,He asked the company to compensate him for his loss.,5
692,佩服,pèi fú,khâm phục,admirable,我非常佩服他的才华。,Wǒ fēicháng pèifú tā de cáihuá.,Tôi rất ngưỡng mộ tài năng của anh ấy.,I admire his talent very much.,5
693,配合,pèi hé,phối hợp,combination,我们需要配合完成这个项目。,Wǒmen xūyào pèihé wánchéng zhège xiàngmù.,Chúng tôi cần phối hợp để hoàn thành dự án này.,We need to work together to complete this project.,5
694,盆,pén,chậu,pot,这个盆子很漂亮。,Zhège pénzi hěn piàoliang.,Cái chậu này rất đẹp.,This pot is very beautiful.,5
695,碰,pèng,"gặp phải, đụng phải",encounter,她不小心碰到了桌子。,Tā bù xiǎoxīn pèng dàole zhuōzi.,Cô ấy vô tình chạm vào cái bàn.,She accidentally touched the table.,5
696,批,pī,"loạt, lô (lượng từ)","series, lot (quantifier)",明天我们会发这批货。,Míngtiān wǒmen huì fā zhè pī huò,Chúng tôi sẽ gửi lô hàng này vào ngày mai.,We will ship this shipment tomorrow.,5
697,批准,pī zhǔn,"phê chuẩn, đồng ý","approve, agree",我们的方案已经得到批准。,Wǒmen de fāng'àn yǐjīng dédàole pīzhǔn.,Kế hoạch của chúng tôi đã được phê duyệt.,Our plan has been approved.,5
698,披,pī,khoác,coat,他披上了一件外套。,Tā pī shàngle yī jiàn wàitào.,Anh ấy khoác lên một chiếc áo khoác.,He put on a coat.,5
699,疲劳,pí láo,mệt mỏi,tired,他感到非常疲劳。,Tā gǎndào fēicháng píláo.,Anh ấy cảm thấy rất mệt mỏi.,He feels very tired.,5
700,匹,pǐ,con (lượng từ cho ngựa),horse,这匹马很快。,Zhè pǐ mǎ hěn kuài.,Con ngựa này rất nhanh.,This horse is very fast.,5
701,片,piàn,"chiếc, lát, mảnh (lượng từ cho lá, bánh mì, đất đai )","piece, slice, piece (quantifier for leaf, bread, land)",我买了一片巧克力。,Wǒ mǎile yī piàn qiǎokèlì.,Tôi đã mua một miếng socola.,I bought a piece of chocolate.,5
702,片面,piàn miàn,phiến diện,one-sided,他的看法有些片面。,Tā de kànfǎ yǒuxiē piànmiàn.,Quan điểm của anh ấy có phần phiến diện.,His views are somewhat one-sided.,5
703,飘,piāo,bay,fly,这条裙子在风中飘动。,Zhè tiáo qúnzi zài fēng zhōng piāodòng.,Chiếc váy này bay trong gió.,This dress flies in the wind.,5
704,拼音,pīn yīn,phiên âm,transcription,他学习了很多拼音。,Tā xuéxíle hěn duō pīnyīn.,Anh ấy đã học rất nhiều pinyin.,He learned a lot of pinyin.,5
705,频道,pín dào,kênh,channel,我们的频道很有趣。,Wǒmen de píndào hěn yǒuqù.,Kênh của chúng tôi rất thú vị.,Our channel is fun.,5
706,平,píng,"bằng, đều",equal,海上风平浪静。,Hǎishàng fēng píng làng jìng.,Trên biển sóng yên biển lặng,On the calm sea,5
707,平安,píng ān,bình an,peaceful,希望你平安回家。,Xīwàng nǐ píng'ān huí jiā.,Hy vọng bạn trở về nhà bình an.,Hope you get home safely.,5
708,平常,píng cháng,bình thường,Normal,他平常喜欢跑步。,Tā píngcháng xǐhuān pǎobù.,Anh ấy thường thích chạy bộ.,He often enjoys jogging.,5
709,平等,píng děng,bình đẳng,equality,两个人要平等对待。,Liǎng gè rén yào píngděng duìdài.,Hai người cần được đối xử bình đẳng.,Two people need to be treated equally.,5
710,平方,píng fāng,bình phương,square,房间的面积是十平方米。,Fángjiān de miànjī shì shí píngfāngmǐ.,Diện tích của căn phòng là mười mét vuông.,The area of ​​the room is ten square meters.,5
711,平衡,píng héng,cân bằng,balance,他努力保持平衡。,Tā nǔlì bǎochí pínghéng.,Anh ấy cố gắng duy trì sự cân bằng.,He tries to maintain balance.,5
712,平静,píng jìng,"bình tĩnh, tĩnh lặng, yên tĩnh","calm, quiet, tranquil",这个湖很平静。,Zhège hú hěn píngjìng.,Hồ này rất yên tĩnh.,This lake is very quiet.,5
713,平均,píng jūn,"trung bình, bình quân",average,平均每人有三本书。,Píngjūn měi rén yǒu sān běn shū.,Trung bình mỗi người có ba cuốn sách.,"On average, each person has three books.",5
714,评价,píng jià,đánh giá,Evaluate,我们需要对你的工作进行评价。,Wǒmen xūyào duì nǐ de gōngzuò jìnxíng píngjià.,Chúng tôi cần đánh giá công việc của bạn.,We need to evaluate your work.,5
715,凭,píng,dựa vào,based on,你凭什么这么说？,Nǐ píng shénme zhème shuō?,Bạn dựa vào đâu để nói như vậy?,What makes you say that?,5
716,迫切,pò qiè,cấp bách,urgent,我们迫切需要解决这个问题。,Wǒmen pòqiè xūyào jiějué zhège wèntí.,Chúng tôi rất cần giải quyết vấn đề này.,We really need to address this issue.,5
717,破产,pò chǎn,phá sản,bankrupt,这家公司已经破产了。,Zhè jiā gōngsī yǐjīng pòchǎnle.,Công ty này đã phá sản rồi.,This company is bankrupt.,5
718,破坏,pò huài,phá hoại,destructive,他的行为对环境造成了很大破坏。,Tā de xíngwéi duì huánjìng zàochéngle hěn dà pòhuài.,Hành động của anh ấy đã gây ra tổn hại lớn cho môi trường.,His actions have caused great damage to the environment.,5
719,期待,qī dài,kỳ vọng,expected,我们期待你的回复。,Wǒmen qídài nǐ de huífù.,Chúng tôi mong chờ phản hồi của bạn.,We look forward to hearing from you.,5
720,期间,qī jiān,khoảng thời gian,period of time,这个项目的期间是三个月。,Zhège xiàngmù de qījiān shì sān gè yuè.,Thời gian của dự án này là ba tháng.,The duration of this project is three months.,5
721,其余,qí yú,còn lại,remaining,其余的任务由他来完成。,Qíyú de rènwù yóu tā lái wánchéng.,Phần còn lại của nhiệm vụ do anh ấy hoàn thành.,The rest of the mission is up to him.,5
722,奇迹,qí jì,kỳ tích,miracle,他的成功是一个奇迹。,Tā de chénggōng shì yīgè qíjì.,Thành công của anh ấy là một kỳ tích.,His success is a miracle.,5
723,企业,qǐ yè,"nhà máy, xí nghiệp",factory,这家企业正在扩展业务。,Zhè jiā qǐyè zhèngzài kuòzhǎn yèwù.,Doanh nghiệp này đang mở rộng kinh doanh.,This business is expanding.,5
724,启发,qǐ fā,"gợi mở, gợi ý",suggestive,这本书启发了我很多思想。,Zhè běn shū qǐfāle wǒ hěn duō sīxiǎng.,Cuốn sách này đã truyền cảm hứng cho tôi rất nhiều ý tưởng.,This book has inspired me with many ideas.,5
725,气氛,qì fēn,"không khí (cuộc họp, buổi tiệc)","atmosphere (meeting, party)",这里的气氛很轻松。,Zhèlǐ de qìfēn hěn qīngsōng.,Bầu không khí ở đây rất thoải mái.,The atmosphere here is very comfortable.,5
726,汽油,qì yóu,xăng,gasoline,这辆车使用的是汽油。,Zhè liàng chē shǐyòng de shì qìyóu.,Xe này sử dụng xăng.,This car uses gasoline.,5
727,谦虚,qiān xū,khiêm tốn,modest,他总是那么谦虚。,Tā zǒng shì nàme qiānxū.,Anh ấy luôn khiêm tốn như vậy.,He is always so humble.,5
728,签,qiān,ký (tên),sign),请在合同上签名。,Qǐng zài hétong shàng qiānmíng.,Xin hãy ký tên vào hợp đồng.,Please sign the contract.,5
729,前途,qián tú,tiền đồ,future,年轻人应该为自己的未来打造美好的前途。,Niánqīng rén yīnggāi wèi zìjǐ de wèilái dǎzào měihǎo de qiántú.,Các bạn trẻ hãy xây dựng một tương lai tươi sáng cho chính mình.,Young people should build a bright future for themselves.,5
730,浅,qiǎn,nông,agriculture,这本书的内容很浅。,Zhè běn shū de nèiróng hěn qiǎn.,Nội dung của cuốn sách này rất nông.,The content of this book is very shallow.,5
731,欠,qiàn,nợ,in debt,我欠了很多钱。,Wǒ qiànle hěn duō qián.,Tôi nợ nhiều tiền.,I owe a lot of money.,5
732,枪,qiāng,súng,gun,他用枪射中了靶子。,Tā yòng qiāng shè zhòngle bǎzi.,Anh ấy dùng súng bắn trúng mục tiêu.,He hit the target with his gun.,5
733,强调,qiáng diào,nhấn mạnh,emphasize,我们需要强调这一点。,Wǒmen xūyào qiángdiào zhè yī diǎn.,Chúng ta cần nhấn mạnh điểm này.,We need to emphasize this point.,5
734,强烈,qiáng liè,"mãnh liệt, mạnh mẽ","intense, strong",他的反应非常强烈。,Tā de fǎnyìng fēicháng qiángliè.,Phản ứng của anh ấy rất mạnh mẽ.,His reaction was very strong.,5
735,墙,qiáng,tường,wall,墙上贴满了海报。,Qiáng shàng tiē mǎnle hǎibào.,Tường đầy những tấm áp phích.,The wall is full of posters.,5
736,抢,qiǎng,cướp,rob,他们抢到了最后一件商品。,Tāmen qiǎng dào le zuìhòu yī jiàn shāngpǐn.,Họ đã giành được món hàng cuối cùng.,They won the last item.,5
737,悄悄,qiāo qiāo,lặng lẽ,quietly,他悄悄地走出了房间。,Tā qiāoqiāo de zǒuchūle fángjiān.,Anh ấy lặng lẽ rời khỏi phòng.,He left the room quietly.,5
738,瞧,qiáo,liếc nhìn,glance,我们瞧一瞧这个新产品吧。,Wǒmen qiáo yī qiáo zhège xīn chǎnpǐn ba.,Chúng ta hãy xem qua sản phẩm mới này.,Let's take a look at this new product.,5
739,巧妙,qiǎo miào,khéo léo,ingenious,他设计了一个巧妙的解决方案。,Tā shèjìle yīgè qiǎomiào de jiějué fāng'àn.,Anh ấy thiết kế một giải pháp khéo léo.,He designed an ingenious solution.,5
740,切,qiè,cắt,cut,请切水果。,Qǐng qiē shuǐguǒ.,Xin hãy cắt trái cây.,Please cut the fruit.,5
741,亲爱,qīn ài,thân yêu,dear,亲爱的朋友，祝你生日快乐！,"Qīn'ài de péngyǒu, zhù nǐ shēngrì kuàilè!","Người bạn thân yêu, chúc bạn sinh nhật vui vẻ!","Dear friend, happy birthday!",5
742,亲切,qīn qiè,thân thiết,dear,她的笑容很亲切。,Tā de xiàoróng hěn qīnqiè.,Nụ cười của cô ấy rất thân thiện.,Her smile is very friendly.,5
743,亲自,qīn zì,tự thân,self,我亲自去取了包裹。,Wǒ qīnzì qù qǔle bāoguǒ.,Tôi đã tự tay đi nhận gói hàng.,I went to receive the package myself.,5
744,勤奋,qín fèn,cần cù,industrious,他工作非常勤奋。,Tā gōngzuò fēicháng qínfèn.,Anh ấy làm việc rất chăm chỉ.,He works very hard.,5
745,青,qīng,màu xanh non,light green,这个青色的布料很有特色。,Zhège qīngsè de bùliào hěn yǒu tèsè.,Chất liệu màu xanh lam này rất đặc biệt.,This blue material is very special.,5
746,青春,qīng chūn,thanh xuân,youth,青春是美好的。,Qīngchūn shì měihǎo de.,Thanh xuân thật tuyệt vời.,Youth is wonderful.,5
747,青少年,qīng shào nián,thanh thiếu niên,teenagers,青少年应该多运动。,Qīngshàonián yīnggāi duō yùndòng.,Thanh thiếu niên nên tập thể dục nhiều hơn.,Teenagers should exercise more.,5
748,轻视,qīng shì,"coi khinh, khinh thường",despise,不要轻视任何问题。,Bùyào qīngshì rènhé wèntí.,Đừng xem nhẹ bất kỳ vấn đề nào.,Don't take any problem lightly.,5
749,轻易,qīng yì,"dễ dàng (làm trạng ngữ), khinh suất","easy (adverb), careless",做事不能轻易放弃。,Zuòshì bùnéng qīngyì fàngqì.,Làm việc không thể dễ dàng từ bỏ.,Work can not be easily given up.,5
750,清淡,qīng dàn,thanh đạm,frugal,我喜欢清淡的食物。,Wǒ xǐhuān qīngdàn de shíwù.,Tôi thích đồ ăn thanh đạm.,I like light food.,5
751,情景,qíng jǐng,cảnh tượng,spectacle,这个情景很感人。,Zhège qíngjǐng hěn gǎnrén.,Cảnh tượng này rất cảm động.,This scene is very touching.,5
752,情绪,qíng xù,tâm trạng,mood,他情绪不好。,Tā qíngxù bù hǎo.,Anh ấy có tâm trạng không tốt.,He is in a bad mood.,5
753,请求,qǐng qiú,thỉnh cầu,request,我请求你的帮助。,Wǒ qǐngqiú nǐ de bāngzhù.,Tôi yêu cầu sự giúp đỡ của bạn.,I ask for your help.,5
754,庆祝,qìng zhù,chúc mừng,congratulations,我们要庆祝这个节日。,Wǒmen yào qìngzhù zhège jiérì.,Chúng ta phải ăn mừng lễ hội này.,We must celebrate this festival.,5
755,球迷,qiú mí,người hâm mộ bóng,football fan,他是一个狂热的球迷。,Tā shì yīgè kuángrè de qiúmí.,Anh ấy là một người hâm mộ bóng đá cuồng nhiệt.,He is an avid football fan.,5
756,趋势,qū shì,xu thế,trend,这个趋势正在改变市场。,Zhège qūshì zhèngzài gǎibiàn shìchǎng.,Xu hướng này đang thay đổi thị trường.,This trend is changing the market.,5
757,取消,qǔ xiāo,hủy bỏ,cancel,这个活动被取消了。,Zhège huódòng bèi qǔxiāole.,Sự kiện này đã bị hủy bỏ.,This event has been cancelled.,5
758,娶,qǔ,lấy (vợ),get (wife),他打算娶她为妻。,Tā dǎsuàn qǔ tā wèi qī.,Anh ấy dự định cưới cô ấy làm vợ.,He plans to marry her.,5
759,去世,qù shì,tạ thế,die,她的父亲去世了。,Tā de fùqīn qùshìle.,Cha của cô ấy đã qua đời.,Her father passed away.,5
760,圈,quān,vòng,ring,他在圈子里非常有影响力。,Tā zài quānzi lǐ fēicháng yǒu yǐngxiǎnglì.,Anh ấy rất có ảnh hưởng trong giới.,He is very influential in the industry.,5
761,权力,quán lì,quyền lực,power,这个国家的权力结构复杂。,Zhège guójiā de quánlì jiégòu fùzá.,Cơ cấu quyền lực của quốc gia này rất phức tạp.,The power structure of this country is very complex.,5
762,权利,quán lì,quyền lợi,interest,我们必须维护自己的权利。,Wǒmen bìxū wéihù zìjǐ de quánlì.,Chúng ta phải bảo vệ quyền lợi của mình.,We must protect our rights.,5
763,全面,quán miàn,toàn diện,comprehensive,这个计划全面考虑了各方面的问题。,Zhège jìhuà quánmiàn kǎolǜle gè fāngmiàn de wèntí.,Kế hoạch này đã xem xét toàn diện các vấn đề.,This plan has taken a comprehensive look at the issues.,5
764,劝,quàn,khuyên,advise,他劝我早点休息。,Tā quàn wǒ zǎodiǎn xiūxí.,Anh ấy khuyên tôi nên nghỉ sớm.,He advised me to leave early.,5
765,缺乏,quē fá,thiếu,lack,这个项目缺乏资金支持。,Zhège xiàngmù quēfá zījīn zhīchí.,Dự án này thiếu hỗ trợ tài chính.,This project lacks financial support.,5
766,确定,què dìng,xác định,identify,我们需要确定计划的细节。,Wǒmen xūyào quèdìng jìhuà de xìjié.,Chúng ta cần xác định các chi tiết của kế hoạch.,We need to work out the details of the plan.,5
767,确认,què rèn,xác nhận,confirm,请确认您的预约时间。,Qǐng quèrèn nín de yuēyuē shíjiān.,Xin xác nhận thời gian hẹn của bạn.,Please confirm your appointment time.,5
768,群,qún,"đám, nhóm",group,我们正在建立一个新的群体。,Wǒmen zhèngzài jiànlì yīgè xīn de qúntǐ.,Chúng tôi đang xây dựng một nhóm mới.,We are building a new team.,5
769,燃烧,rán shāo,đốt cháy,burn,木材在火上燃烧得很快。,Mùcái zài huǒ shàng ránshāo dé hěn kuài.,Gỗ cháy rất nhanh trên lửa.,Wood burns very quickly on fire.,5
770,绕,rào,vòng vèo,roundabout,请绕过这个障碍物。,Qǐng rào guò zhège zhàng'ài wù.,Xin hãy đi vòng qua chướng ngại vật này.,Please go around this obstacle.,5
771,热爱,rè ài,"yêu (cuộc sống, học sinh, thiên nhiên, âm nhạc, bạn bè, người thân)","love (life, students, nature, music, friends, family)",我们都热爱这份工作。,Wǒmen dōu rè'ài zhè fèn gōngzuò.,Chúng tôi đều yêu thích công việc này.,We both love this job.,5
772,热烈,rè liè,nhiệt liệt,enthusiastic,他们对新项目的热烈欢迎让我们很感动。,Tāmen duì xīn xiàngmù de rèliè huānyíng ràng wǒmen hěn gǎndòng.,Sự chào đón nồng nhiệt của họ với dự án mới khiến chúng tôi rất cảm động.,Their warm welcome to the new project touched us deeply.,5
773,热心,rè xīn,"nhiệt tình (người, người bạn), nhiệt huyết","enthusiastic (person, friend), passionate",她对帮助他人总是热心。,Tā duì bāngzhù tārén zǒng shì rèxīn.,Cô ấy luôn nhiệt tình giúp đỡ người khác.,She is always enthusiastic about helping others.,5
774,人才,rén cái,nhân tài,talent,我们需要更多的人才来推动项目。,Wǒmen xūyào gèng duō de réncái lái tuīdòng xiàngmù.,Chúng ta cần nhiều nhân tài hơn để thúc đẩy dự án.,We need more talent to push the project forward.,5
775,人口,rén kǒu,dân số,population,这个城市的人口在不断增加。,Zhège chéngshì de rénkǒu zài bùduàn zēngjiā.,Dân số của thành phố này đang tăng liên tục.,The population of this city is growing steadily.,5
776,人类,rén lèi,loài người,human,人类的进步离不开科技。,Rénlèi de jìnbù lí bùkāi kējì.,Sự tiến bộ của nhân loại không thể tách rời khỏi công nghệ.,Human progress is inseparable from technology.,5
777,人民币,rén mín bì,nhân dân tệ,yuan,我们用人民币支付了这笔费用。,Wǒmen yòng rénmínbì zhīfùle zhè bǐ fèiyòng.,Chúng tôi đã thanh toán khoản phí này bằng nhân dân tệ.,We paid this fee in RMB.,5
778,人生,rén shēng,đời người,human life,人生中有很多重要的时刻。,Rénshēng zhōng yǒu hěn duō zhòngyào de shíkè.,Trong cuộc đời có nhiều khoảnh khắc quan trọng.,There are many important moments in life.,5
779,人事,rén shì,nhân sự,human resources,人事部门负责招聘新员工。,Rénshì bùmén fùzé zhāopìn xīn yuángōng.,Phòng nhân sự phụ trách tuyển dụng nhân viên mới.,The human resources department is responsible for recruiting new employees.,5
780,人物,rén wù,nhân vật,figure,他是一个很有影响力的人物。,Tā shì yīgè hěn yǒu yǐngxiǎnglì de rénwù.,Anh ấy là một nhân vật có ảnh hưởng lớn.,He is a very influential figure.,5
781,人员,rén yuán,nhân viên,staff,我们的人员配置已经完成。,Wǒmen de rényuán pèizhì yǐjīng wánchéng.,Việc phân bổ nhân sự của chúng tôi đã hoàn tất.,Our staffing is complete.,5
782,忍不住,rěn bù zhù,không nhịn được,can't stand it,他忍不住笑了出来。,Tā rěn bù zhù xiàole chūlái.,Anh ấy không thể nhịn cười.,He couldn't help laughing.,5
783,日常,rì cháng,thường ngày,daily,我们需要建立一个日常的工作流程。,Wǒmen xūyào jiànlì yīgè rìcháng de gōngzuò liúchéng.,Chúng ta cần thiết lập một quy trình làm việc hàng ngày.,We need to establish a daily workflow.,5
784,日程,rì chéng,lịch trình,schedule,请查看你的日程安排。,Qǐng chákàn nǐ de rìchéng ānpái.,Xin hãy xem qua lịch trình của bạn.,Please check your schedule.,5
785,日历,rì lì,quyển lịch,calendar,这本日历很实用。,Zhè běn rìlì hěn shíyòng.,Cuốn lịch này rất hữu ích.,This calendar is very useful.,5
786,日期,rì qī,ngày tháng,date,我们需要确认会议的日期。,Wǒmen xūyào quèrèn huìyì de rìqī.,Chúng ta cần xác nhận ngày của cuộc họp.,We need to confirm the date of the meeting.,5
787,日用品,rì yòng pǐn,đồ dùng,belongings,我每天使用各种日用品。,Wǒ měitiān shǐyòng gè zhǒng rìyòngpǐn.,Tôi sử dụng nhiều vật dụng hàng ngày mỗi ngày.,I use many everyday items every day.,5
788,日子,rì zi,ngày,day,这几天的日子过得很快。,Zhè jǐ tiān de rìzi guò dé hěn kuài.,Những ngày này trôi qua rất nhanh.,These days pass so quickly.,5
789,如何,rú hé,như thế nào,how,你如何解决这个问题？,Nǐ rúhé jiějué zhège wèntí?,Bạn giải quyết vấn đề này như thế nào?,How do you solve this problem?,5
790,如今,rú jīn,hiện nay,Currently,如今，科技发展迅速。,"Rújīn, kējì fāzhǎn xùnsù.","Ngày nay, công nghệ phát triển nhanh chóng.","Nowadays, technology develops rapidly.",5
791,软,ruǎn,mềm,soft,这款手机非常软。,Zhè kuǎn shǒujī fēicháng ruǎn.,Chiếc điện thoại này rất mềm mại.,This phone is very soft.,5
792,软件,ruǎn jiàn,phần mềm,software,我们需要更新软件版本。,Wǒmen xūyào gēngxīn ruǎnjiàn bǎn běn.,Chúng ta cần cập nhật phiên bản phần mềm.,We need to update the software version.,5
793,弱,ruò,yếu ớt,weak,他的声音很弱。,Tā de shēngyīn hěn ruò.,Giọng nói của anh ấy rất yếu.,His voice is very weak.,5
794,洒,sǎ,"vãi, vung",throw,他们把水洒在了地上。,Tāmen bǎ shuǐ sǎ zài le dìshàng.,Họ đã làm đổ nước xuống sàn.,They spilled water on the floor.,5
795,嗓子,sǎng zi,cổ họng,throat,她的嗓子很沙哑。,Tā de sǎngzi hěn shāyǎ.,Giọng của cô ấy rất khàn.,Her voice is very hoarse.,5
796,色彩,sè cǎi,màu sắc,color,这幅画儿的色彩非常丰富。,Zhè fú huàr de sècǎi fēicháng fēngfù.,Màu sắc của bức tranh này rất phong phú.,The colors of this painting are very rich.,5
797,杀,shā,giết,kill,他杀了一个害虫。,Tā shāle yīgè hàichóng.,Anh ấy đã giết một con sâu.,He killed a worm.,5
798,沙漠,shā mò,sa mạc,desert,沙漠里很少有植物。,Shāmò lǐ hěn shǎo yǒu zhíwù.,"Ở sa mạc, rất ít có thực vật.","In the desert, there is very little vegetation.",5
799,沙滩,shā tān,bãi cát,sand,我们在沙滩上散步。,Wǒmen zài shātān shàng sànbù.,Chúng tôi đi dạo trên bãi biển.,We walked on the beach.,5
800,傻,shǎ,ngốc nghếch,silly,他总是做些傻事。,Tā zǒng shì zuò xiē shǎ shì.,Anh ấy luôn làm những việc ngớ ngẩn.,He is always doing silly things.,5
801,晒,shài,"phơi, tắm nắng",sunbathing,我喜欢在阳光下晒太阳。,Wǒ xǐhuān zài yángguāng xià shài tàiyáng.,Tôi thích tắm nắng dưới ánh mặt trời.,I like to sunbathe in the sun.,5
802,删除,shān chú,xóa bỏ,delete,请删除这个错误的文件。,Qǐng shānchú zhège cuòwù de wénjiàn.,Xin hãy xóa tài liệu sai này.,Please delete this incorrect document.,5
803,闪电,shǎn diàn,chớp,lightning,昨晚的闪电很亮。,Zuówǎn de shǎndiàn hěn liàng.,Sấm sét tối qua rất sáng.,The thunder was very bright last night.,5
804,扇子,shàn zi,cái quạt,fan,她用扇子给大家扇风。,Tā yòng shànzi gěi dàjiā shàn fēng.,Cô ấy dùng quạt để làm mát cho mọi người.,She used a fan to cool everyone down.,5
805,善良,shàn liáng,"lương thiện, hiền lành","kind, gentle",他是一个非常善良的人。,Tā shì yīgè fēicháng shànliáng de rén.,Anh ấy là một người rất tốt bụng.,He is a very kind person.,5
806,善于,shàn yú,giỏi về việc gì đó,good at something,她善于与人沟通。,Tā shàn yú yǔ rén gōutōng.,Cô ấy giỏi giao tiếp với người khác.,She is good at communicating with others.,5
807,伤害,shāng hài,làm hại,harm,这种药可能会伤害你的胃。,Zhè zhǒng yào kěnéng huì shānghài nǐ de wèi.,Loại thuốc này có thể làm tổn thương dạ dày của bạn.,This medicine may hurt your stomach.,5
808,商品,shāng pǐn,sản phẩm,product,这个商店卖各种商品。,Zhège shāngdiàn mài gè zhǒng shāngpǐn.,Cửa hàng này bán đủ loại hàng hóa.,This store sells all kinds of goods.,5
809,商务,shāng wù,"thương gia (hạng, khoang),",business class,我们的商务会议将在明天进行。,Wǒmen de shāngwù huìyì jiāng zài míngtiān jìnxíng.,Cuộc họp kinh doanh của chúng ta sẽ diễn ra vào ngày mai.,Our business meeting will be tomorrow.,5
810,商业,shāng yè,thương mại,commerce,这是一个商业机会。,Zhè shì yīgè shāngyè jīhuì.,Đây là một cơ hội kinh doanh.,This is a business opportunity.,5
811,上当,shàng dàng,mắc lừa,fooled,他上当了，被骗了钱。,"Tā shàngdàngle, bèi piànle qián.",Anh ấy đã bị lừa và mất tiền.,He was cheated and lost his money.,5
812,蛇,shé,rắn,snake,在花园里，我们看到了一条蛇。,"Zài huāyuán lǐ, wǒmen kàn dàole yītiáo shé.","Trong vườn, chúng tôi đã thấy một con rắn.",In the garden we saw a snake.,5
813,舍不得,shě bù dé,không nỡ lòng,can't bear,我舍不得离开这座城市。,Wǒ shěbùdé líkāi zhè zuò chéngshì.,Tôi không nỡ rời khỏi thành phố này.,I can't bear to leave this city.,5
814,设备,shè bèi,thiết bị,device,新的设备安装完成了。,Xīn de shèbèi ānzhuāng wánchéngle.,Thiết bị mới đã được lắp đặt xong.,The new equipment has been installed.,5
815,设计,shè jì,thiết kế,design,这位设计师的作品很受欢迎。,Zhè wèi shèjì shī de zuòpǐn hěn shòu huānyíng.,Các tác phẩm của nhà thiết kế này rất được yêu thích.,This designer's works are very popular.,5
816,设施,shè shī,cơ sở vật chất,facilities,这座城市有许多现代设施。,Zhè zuò chéngshì yǒu xǔduō xiàndài shèshī.,Thành phố này có nhiều cơ sở hiện đại.,The city has many modern facilities.,5
817,射击,shè jī,bắn,shoot,他喜欢射击运动。,Tā xǐhuān shèjī yùndòng.,Anh ấy thích môn bắn súng.,He likes shooting.,5
818,摄影,shè yǐng,"quay phim, chụp ảnh","filming, photography",她喜欢摄影，尤其是拍风景照。,"Tā xǐhuān shèyǐng, yóuqí shì pāi fēngjǐng zhào.","Cô ấy thích nhiếp ảnh, đặc biệt là chụp ảnh phong cảnh.","She enjoys photography, especially landscape photography.",5
819,伸,shēn,"vươn, duỗi, kéo dài",stretch,他伸了伸懒腰。,Tā shēnle shēn lǎnyāo.,Anh ấy duỗi người để làm giãn cơ.,He stretched to loosen his muscles.,5
820,身材,shēn cái,"cơ thể, dáng","body, figure",她的身材很苗条。,Tā de shēncái hěn miáotiáo.,Dáng người của cô ấy rất thon thả.,Her figure is very slim.,5
821,身份,shēn fèn,thân phận,condition,他在公司里有很高的身份。,Tā zài gōngsī lǐ yǒu hěn gāo de shēnfèn.,Anh ấy có một vị trí rất cao trong công ty.,He has a very high position in the company.,5
822,深刻,shēn kè,sâu sắc,deep,这本书对我有很深刻的影响。,Zhè běn shū duì wǒ yǒu hěn shēnkè de yǐngxiǎng.,Cuốn sách này có ảnh hưởng sâu sắc đến tôi.,This book had a profound effect on me.,5
823,神话,shén huà,thần thoại,myth,我们都听过这个神话故事。,Wǒmen dōu tīngguò zhège shénhuà gùshì.,Chúng tôi đều đã nghe câu chuyện thần thoại này.,We have all heard this myth.,5
824,神秘,shén mì,thần bí,mysterious,这是一种神秘的动物。,Zhè shì yī zhǒng shénmì de dòngwù.,Đây là một loài động vật bí ẩn.,This is a mysterious animal.,5
825,升,shēng,"thăng, lên, lít (đơn vị đo thể tích)",liters (unit of volume),他的工作表现得到升职。,Tā de gōngzuò biǎoxiàn dédào shēngzhí.,Hiệu suất công việc của anh ấy đã được thăng chức.,His work performance was rewarded with a promotion.,5
826,生产,shēng chǎn,sản xuất,manufacture,我们正在生产新产品。,Wǒmen zhèngzài shēngchǎn xīn chǎnpǐn.,Chúng tôi đang sản xuất sản phẩm mới.,We are producing new products.,5
827,生动,shēng dòng,sinh động,lively,这个故事非常生动。,Zhège gùshì fēicháng shēngdòng.,Câu chuyện này rất sống động.,This story is very vivid.,5
828,生长,shēng zhǎng,"sinh trưởng, lớn",grow,植物在这个土壤中生长得很好。,Zhíwù zài zhège tǔrǎng zhōng shēngzhǎng dé hěn hǎo.,Thực vật phát triển rất tốt trong loại đất này.,Plants grow very well in this type of soil.,5
829,声调,shēng diào,thanh điệu,tone,这句话的声调很特别。,Zhè jù huà de shēngdiào hěn tèbié.,Ngữ điệu của câu này rất đặc biệt.,The intonation of this sentence is very special.,5
830,绳子,shéng zi,dây thừng,rope,他用绳子绑住了箱子。,Tā yòng shéngzi bǎngzhùle xiāngzi.,Anh ấy đã buộc cái hộp bằng dây.,He tied the box with string.,5
831,省略,shěng lüè,tỉnh lược,summary,这句话省略了很多细节。,Zhè jù huà shěnglüèle hěn duō xìjié.,Câu này đã lược bỏ nhiều chi tiết.,This sentence has omitted many details.,5
832,胜利,shèng lì,thắng lợi,win,我们终于获得了胜利。,Wǒmen zhōngyú huòdéle shènglì.,Chúng tôi cuối cùng đã đạt được chiến thắng.,We finally achieved victory.,5
833,失眠,shī mián,mất ngủ,insomnia,他晚上常常失眠。,Tā wǎnshàng chángcháng shīmián.,Anh ấy thường xuyên mất ngủ vào ban đêm.,He often has trouble sleeping at night.,5
834,失去,shī qù,mất đi,lost,我们不应该失去这个机会。,Wǒmen bù yīnggāi shīqù zhège jīhuì.,Chúng ta không nên bỏ lỡ cơ hội này.,We should not miss this opportunity.,5
835,失业,shī yè,thất nghiệp,unemployment,他因为失业而感到沮丧。,Tā yīnwèi shīyè ér gǎndào jǔsàng.,Anh ấy cảm thấy chán nản vì thất nghiệp.,He feels depressed because he is unemployed.,5
836,诗,shī,thơ,verse,这首诗很美。,Zhè shǒu shī hěn měi.,Bài thơ này rất đẹp.,This poem is very beautiful.,5
837,狮子,shī zi,sư tử,lion,他养了一只狮子作为宠物。,Tā yǎngle yī zhī shīzi zuòwéi chǒngwù.,Anh ấy nuôi một con sư tử như thú cưng.,He keeps a lion as a pet.,5
838,湿润,shī rùn,ẩm ướt,humid,这片土地非常湿润。,Zhè piàn tǔdì fēicháng shīrùn.,Mảnh đất này rất ẩm ướt.,This land is very wet.,5
839,石头,shí tou,hòn đá,stone,我们在山上找到了一块石头。,Wǒmen zài shān shàng zhǎodàole yī kuài shítou.,Chúng tôi tìm thấy một viên đá trên núi.,We found a stone on the mountain.,5
840,时差,shí chā,lệch múi giờ,jet lag,时差有时候让人很疲倦。,Shíchā yǒu shíhòu ràng rén hěn píjuàn.,Sự chênh lệch múi giờ đôi khi khiến người ta mệt mỏi.,Time zone differences sometimes make people tired.,5
841,时代,shí dài,thời đại,time,这是一个充满变化的时代。,Zhè shì yīgè chōngmǎn biànhuà de shídài.,Đây là một thời đại đầy biến động.,These are tumultuous times.,5
842,时刻,shí kè,khoảnh khắc,moment,我们要注意时间的每一个时刻。,Wǒmen yào zhùyì shíjiān de měi yīgè shíkè.,Chúng ta cần chú ý đến từng khoảnh khắc của thời gian.,We need to pay attention to every moment of time.,5
843,时髦,shí máo,mốt,fashion,她穿了一件很时髦的衣服。,Tā chuānle yī jiàn hěn shímáo de yīfú.,Cô ấy mặc một bộ quần áo rất thời trang.,She is wearing very fashionable clothes.,5
844,时期,shí qī,thời kì,period,这个时期经济很不稳定。,Zhège shíqī jīngjì hěn bù wěndìng.,"Trong giai đoạn này, nền kinh tế rất không ổn định.","During this period, the economy was very unstable.",5
845,时尚,shí shàng,thời thượng,trendy,她总是追求时尚潮流。,Tā zǒng shì zhuīqiú shíshàng cháoliú.,Cô ấy luôn theo đuổi các xu hướng thời trang.,She always follows fashion trends.,5
846,实话,shí huà,lời nói thật,truth,他说了实话，我们都很震惊。,"Tā shuōle shíhuà, wǒmen dōu hěn zhèngjīng.","Anh ấy đã nói sự thật, chúng tôi đều rất sốc.","He told the truth, we were all shocked.",5
847,实践,shí jiàn,thực tiễn,practice,我们需要把理论应用到实践中。,Wǒmen xūyào bǎ lǐlùn yìngyòng dào shíjiàn zhōng.,Chúng ta cần áp dụng lý thuyết vào thực tiễn.,We need to apply theory to practice.,5
848,实习,shí xí,thực tập,internship,她正在实习，学习公司的运营。,"Tā zhèngzài shíxí, xuéxí gōngsī de yùnyíng.","Cô ấy đang thực tập, học cách vận hành công ty.","She is doing an internship, learning how to run a company.",5
849,实现,shí xiàn,"thực hiện (kế hoạch, nguyện vọng, ước mơ)","carry out (plan, wish, dream)",他们努力工作，以实现他们的目标。,"Tāmen nǔlì gōngzuò, yǐ shíxiàn tāmen de mùbiāo.",Họ làm việc chăm chỉ để đạt được mục tiêu của mình.,They work hard to achieve their goals.,5
850,实验,shí yàn,thí nghiệm,experiment,这项实验的结果很有趣。,Zhè xiàng shíyàn de jiéguǒ hěn yǒuqù.,Kết quả của thí nghiệm này rất thú vị.,The results of this experiment were interesting.,5
851,实用,shí yòng,hữu ích,useful,这种工具非常实用。,Zhè zhǒng gōngjù fēicháng shíyòng.,Loại công cụ này rất hữu ích.,This type of tool is very useful.,5
852,食物,shí wù,đồ ăn,food,这顿饭包含了各种食物。,Zhè dùn fàn bāohánle gè zhǒng shíwù.,Bữa ăn này bao gồm nhiều loại thực phẩm.,This meal includes a variety of foods.,5
853,使劲儿,shǐ jìn ér,"ra sức, lấy sức",exert effort,他使劲儿地拉开了门。,Tā shǐjìnr de lākāile mén.,Anh ấy đã dùng sức để kéo cửa mở.,He used force to pull the door open.,5
854,始终,shǐ zhōng,từ đầu đến cuối,from start to finish,我们始终相信他会成功。,Wǒmen shǐzhōng xiāngxìn tā huì chénggōng.,Chúng tôi luôn tin rằng anh ấy sẽ thành công.,We always believed that he would succeed.,5
855,士兵,shì bīng,binh sĩ,soldier,他是一名士兵。,Tā shì yī míng shìbīng.,Anh ấy là một người lính.,He is a soldier.,5
856,市场,shì chǎng,chợ,market,这个市场上有很多商品。,Zhège shìchǎng shàng yǒu hěn duō shāngpǐn.,Thị trường này có nhiều hàng hóa.,This market has many goods.,5
857,似的,shì de,giống như….,like….,她看起来很像她的姐姐似的。,Tā kàn qǐlái hěn xiàng tā de jiějiě shì de.,Cô ấy trông rất giống chị gái của cô ấy.,She looks a lot like her sister.,5
858,事实,shì shí,sự thật,truth,这不是事实。,Zhè bù shì shìshí.,Đây không phải là sự thật.,This is not true.,5
859,事物,shì wù,sự vật,things,这些事物都很重要。,Zhèxiē shìwù dōu hěn zhòngyào.,Những vật này đều rất quan trọng.,These things are all very important.,5
860,事先,shì xiān,trước khi việc xảy ra,before it happens,事先做好准备很重要。,Shìxiān zuò hǎo zhǔnbèi hěn zhòngyào.,Việc chuẩn bị trước là rất quan trọng.,Preparation is important.,5
861,试卷,shì juàn,bài thi,test,请在试卷上写下你的名字。,Qǐng zài shìjuàn shàng xiě xià nǐ de míngzì.,Xin vui lòng viết tên của bạn vào bài kiểm tra.,Please write your name on the test.,5
862,收获,shōu huò,thu hoạch,harvest,这次旅行的收获很丰富。,Zhè cì lǚxíng de shōuhuò hěn fēngfù.,Kinh nghiệm thu được từ chuyến đi này rất phong phú.,The experience gained from this trip was very enriching.,5
863,收据,shōu jù,giấy biên nhận,receipt,我找不到这张收据。,Wǒ zhǎo bù dào zhè zhāng shōujù.,Tôi không tìm thấy hóa đơn này.,I can't find this invoice.,5
864,手工,shǒu gōng,thủ công,handmade,这件手工艺品很有特色。,Zhè jiàn shǒugōng yìpǐn hěn yǒu tèsè.,Món đồ thủ công này rất đặc sắc.,This handicraft is very unique.,5
865,手术,shǒu shù,phẫu thuật,surgery,他需要做一个手术。,Tā xūyào zuò yīgè shǒushù.,Anh ấy cần phải phẫu thuật.,He needs surgery.,5
866,手套,shǒu tào,găng tay,glove,她戴了一双新的手套。,Tā dài le yī shuāng xīn de shǒutào.,Cô ấy đeo một đôi găng tay mới.,She put on a new pair of gloves.,5
867,手续,shǒu xù,thủ tục,procedure,办理手续需要时间。,Bànlǐ shǒuxù xūyào shíjiān.,Thủ tục cần thời gian để hoàn thành.,The procedure takes time to complete.,5
868,手指,shǒu zhǐ,ngón tay,finger,她用手指指着地图上的位置。,Tā yòng shǒuzhǐ zhǐ zhe dìtú shàng de wèizhì.,Cô ấy chỉ vị trí trên bản đồ bằng ngón tay.,She pointed to a location on the map with her finger.,5
869,首,shǒu,đầu,head,这首歌在排行榜上位居首位。,Zhè shǒu gē zài pái háng bǎng shàng wèi jū shǒu wèi.,Bài hát này đứng đầu bảng xếp hạng.,This song topped the charts.,5
870,寿命,shòu mìng,tuổi thọ,life span,他的寿命很长。,Tā de shòumìng hěn cháng.,Tuổi thọ của anh ấy rất dài.,His life is very long.,5
871,受伤,shòu shāng,bị thương,injured,他在比赛中受伤了。,Tā zài bǐsài zhōng shòushāngle.,Anh ấy bị thương trong cuộc thi.,He was injured in the competition.,5
872,书架,shū jià,giá sách,bookshelf,书架上摆满了书。,Shūjià shàng bǎi mǎnle shū.,Kệ sách đầy ắp sách.,The bookshelf is full of books.,5
873,梳子,shū zi,cái lược,comb,她用梳子梳理头发。,Tā yòng shūzi shūlǐ tóufà.,Cô ấy dùng lược chải tóc.,She combed her hair.,5
874,舒适,shū shì,thoải mái,comfortable,这张床非常舒适。,Zhè zhāng chuáng fēicháng shūshì.,Cái giường này rất thoải mái.,This bed is very comfortable.,5
875,输入,shū rù,nhập,enter,他输入了正确的密码。,Tā shūrùle zhèngquè de mìmǎ.,Anh ấy đã nhập đúng mật khẩu.,He entered the correct password.,5
876,蔬菜,shū cài,rau xanh,green vegetables,我们吃了很多新鲜蔬菜。,Wǒmen chīle hěn duō xīnxiān shūcài.,Chúng tôi đã ăn nhiều rau củ tươi ngon.,We ate lots of fresh vegetables.,5
877,熟练,shú liàn,thành thục,mature,她的英语非常熟练。,Tā de yīngyǔ fēicháng shúliàn.,Tiếng Anh của cô ấy rất thành thạo.,Her English is very fluent.,5
878,属于,shǔ yú,thuộc về,belong,这本书属于她的收藏。,Zhè běn shū shǔyú tā de shōucáng.,Cuốn sách này thuộc về bộ sưu tập của cô ấy.,This book belongs to her collection.,5
879,鼠标,shǔ biāo,chuột máy tính,computer mouse,我需要一个鼠标来使用电脑。,Wǒ xūyào yīgè shǔbiāo lái shǐyòng diànnǎo.,Tôi cần một con chuột để sử dụng máy tính.,I need a mouse to use the computer.,5
880,数,shǔ,đếm,count,这是你的钱，请数数。,"Zhè shì nǐ de qián, qǐng shù shù.","Đây là tiền của bạn, hãy đếm nó.","Here's your money, count it.",5
881,数据,shù jù,số liệu,data,这些数据需要进行分析。,Zhèxiē shùjù xūyào jìnxíng fēnxī.,Những dữ liệu này cần được phân tích.,This data needs to be analyzed.,5
882,数码,shù mǎ,kỹ thuật số,digital,他买了一部新的数码相机。,Tā mǎile yī bù xīn de shùmǎ xiàngjī.,Anh ấy đã mua một máy ảnh số mới.,He bought a new digital camera.,5
883,摔倒,shuāi dǎo,ngã nhào,fall over,他不小心摔倒了。,Tā bù xiǎoxīn shuāi dǎo le.,Anh ấy vô tình bị ngã.,He accidentally fell.,5
884,甩,shuǎi,"vung, hất, bỏ lại","swing, toss, leave",她把衣服甩在地上。,Tā bǎ yīfú shuǎi zài dìshàng.,Cô ấy ném quần áo xuống đất.,She threw her clothes on the ground.,5
885,双方,shuāng fāng,"hai bên, song phương",bilateral,双方达成了协议。,Shuāngfāng dáchéngle xiéyì.,Hai bên đã đạt được thỏa thuận.,The two sides have reached an agreement.,5
886,税,shuì,thuế,tax,这笔税务很复杂。,Zhè bǐ shuìwù hěn fùzá.,Khoản thuế này rất phức tạp.,This tax is complicated.,5
887,说不定,shuō bù dìng,chưa biết chừng,maybe,他说不定会来的。,Tā shuō bùdìng huì lái de.,Anh ấy có thể sẽ đến.,He might come.,5
888,说服,shuō fú,thuyết phục,convince,他用事实说服了大家。,Tā yòng shìshí shuōfúle dàjiā.,Anh ấy đã thuyết phục mọi người bằng sự thật.,He convinced people with the truth.,5
889,丝绸,sī chóu,tơ lụa,silk,这条丝绸的质量很好。,Zhè tiáo sīchóu de zhìliàng hěn hǎo.,Chất lượng của loại lụa này rất tốt.,The quality of this silk is very good.,5
890,丝毫,sī háo,một chút (dùng dạng phủ định),a little (negative form),她的笑容丝毫没有改变。,Tā de xiàoróng sīháo méiyǒu gǎibiàn.,Nụ cười của cô ấy không hề thay đổi chút nào.,Her smile didn't change at all.,5
891,私人,sī rén,tư nhân,private,他喜欢私人时间。,Tā xǐhuān sīrén shíjiān.,Anh ấy thích có thời gian riêng tư.,He likes to have some private time.,5
892,思考,sī kǎo,suy nghĩ,think,我们需要深入思考这个问题。,Wǒmen xūyào shēnrù sīkǎo zhège wèntí.,Chúng ta cần suy nghĩ sâu về vấn đề này.,We need to think deeply about this issue.,5
893,思想,sī xiǎng,tư tưởng,thought,他的思想很开放。,Tā de sīxiǎng hěn kāifàng.,Tư tưởng của anh ấy rất cởi mở.,His thinking is very open.,5
894,撕,sī,xé,tear,她撕了那张纸。,Tā sīle nà zhāng zhǐ.,Cô ấy đã xé tờ giấy đó.,She tore that piece of paper.,5
895,似乎,sì hū,dường như,seems,他似乎不太高兴。,Tā sìhū bù tài gāoxìng.,Anh ấy có vẻ không vui lắm.,He doesn't seem very happy.,5
896,搜索,sōu suǒ,tìm kiếm,search,我们需要搜索更多的信息。,Wǒmen xūyào sōusuǒ gèng duō de xìnxī.,Chúng ta cần tìm kiếm thêm thông tin.,We need to find more information.,5
897,宿舍,sù shè,ký túc xá,dormitory,学生们住在宿舍里。,Xuéshēngmen zhù zài sùshè lǐ.,Các sinh viên sống trong ký túc xá.,The students live in dormitories.,5
898,随身,suí shēn,mang theo người,carry,请随身携带身份证。,Qǐng suíshēn xiédài shēnfènzhèng.,Xin vui lòng mang theo thẻ căn cước bên mình.,Please bring your ID with you.,5
899,随时,suí shí,bất cứ lúc nào,anytime,我们随时可以联系。,Wǒmen suíshí kěyǐ liánxì.,Chúng ta có thể liên hệ bất cứ lúc nào.,We can contact anytime.,5
900,随手,suí shǒu,tiện tay,handy,你可以随手放在桌子上。,Nǐ kěyǐ suíshǒu fàng zài zhuōzi shàng.,Bạn có thể để nó trên bàn bất cứ lúc nào.,You can leave it on the table at any time.,5
901,碎,suì,vỡ vụn,broken,他的杯子掉了，摔碎了。,"Tā de bēizi diàole, shuāi suìle.",Cái cốc của anh ấy rơi xuống và vỡ nát.,His cup fell and broke.,5
902,损失,sǔn shī,tổn thất,damage,他们遭受了很大的损失。,Tāmen zāoshòule hěn dà de sǔnshī.,Họ đã chịu tổn thất rất lớn.,They suffered huge losses.,5
903,缩短,suō duǎn,"thu hẹp (khoảng cách), rút ngắn (thời gian), cắt ngắn (câu chuyện)","shorten (a distance), shorten (a time), cut short (a story)",我们需要缩短这个项目的时间。,Wǒmen xūyào suōduǎn zhège xiàngmù de shíjiān.,Chúng ta cần rút ngắn thời gian cho dự án này.,We need to shorten the time for this project.,5
904,所,suǒ,trợ từ,adverb,这个问题所涉及的范围很广。,Zhège wèntí suǒ shèjí de fànwéi hěn guǎng.,Phạm vi vấn đề này liên quan rất rộng.,The scope of this issue is very broad.,5
905,锁,suǒ,khóa,lock,他找不到钥匙，所以锁了门。,"Tā zhǎo bù dào yàoshi, suǒyǐ suǒle mén.","Anh ấy không tìm thấy chìa khóa, vì vậy anh ấy đã khóa cửa.","He couldn't find his keys, so he locked the door.",5
906,台阶,tái jiē,"bậc thềm, bậc",steps,他走下了台阶。,Tā zǒu xiàle táijiē.,Anh ấy đi xuống cầu thang.,He went down the stairs.,5
907,太极拳,tài jí quán,thái cực quyền,Tai Chi,她学会了太极拳。,Tā xuéhuìle tàijíquán.,Cô ấy đã học được thái cực quyền.,She has learned tai chi.,5
908,太太,tài tai,vợ,wife,我们要和太太讨论这个问题。,Wǒmen yào hé tàitài tǎolùn zhège wèntí.,Chúng ta cần thảo luận vấn đề này với bà xã.,We need to discuss this with my wife.,5
909,谈判,tán pàn,đàm phán,negotiate,我们在进行谈判。,Wǒmen zài jìnxíng tánpàn.,Chúng ta đang tiến hành đàm phán.,We are in negotiations.,5
910,坦率,tǎn shuài,thẳng thắn,frank,他非常坦率地表达了自己的观点。,Tā fēicháng tǎnshuài de biǎodále zìjǐ de guāndiǎn.,Anh ấy rất thẳng thắn khi bày tỏ quan điểm của mình.,He is very straightforward in expressing his opinions.,5
911,烫,tàng,"bỏng, là, ủi","burn, iron",这件衣服需要烫一下。,Zhè jiàn yīfú xūyào tàng yīxià.,Chiếc áo này cần được ủi một chút.,This shirt needs a little ironing.,5
912,逃,táo,chạy trốn,escape,他决定逃离那个危险的地方。,Tā juédìng táolí nàgè wēixiǎn de dìfāng.,Anh ấy quyết định rời khỏi nơi nguy hiểm đó.,He decided to leave that dangerous place.,5
913,逃避,táo bì,trốn tránh,shirk,她试图逃避责任。,Tā shìtú táobì zérèn.,Cô ấy cố gắng trốn tránh trách nhiệm.,She tried to shirk responsibility.,5
914,桃,táo,đào,dig,桃子在夏天很甜。,Táozi zài xiàtiān hěn tián.,Đào rất ngọt vào mùa hè.,Peaches are very sweet in summer.,5
915,淘气,táo qì,tinh nghịch,mischievous,孩子们有点淘气。,Háizimen yǒudiǎn táoqì.,Bọn trẻ hơi nghịch ngợm.,The children are a little naughty.,5
916,讨价还价,tǎo jià huán jià,mặc cả,bargain,他们正在讨价还价。,Tāmen zhèngzài tǎojià huánjià.,Họ đang thương lượng giá cả.,They are negotiating the price.,5
917,套,tào,"bộ (quần áo), căn (nhà)","set (of clothes), house (of house)",这是一套新的设备。,Zhè shì yī tào xīn de shèbèi.,Đây là một bộ thiết bị mới.,This is a new set of equipment.,5
918,特色,tè sè,"đặc sắc, đặc điểm đặc sắc","special, special features",这个产品有独特的特色。,Zhège chǎnpǐn yǒu dútè de tèsè.,Sản phẩm này có những đặc điểm độc đáo.,This product has unique features.,5
919,特殊,tè shū,"đặc biệt, đặc thù (quan hệ, nghi lễ, yêu cầu, đãi ngộ)","special, particular (relationship, ceremony, request, treatment)",他对这个项目有特殊的理解。,Tā duì zhège xiàngmù yǒu tèshū de lǐjiě.,Anh ấy có sự hiểu biết đặc biệt về dự án này.,He has a special understanding of this project.,5
920,特征,tè zhēng,đặc trưng,feature,每个人都有自己的特征。,Měi gè rén dōu yǒu zìjǐ de tèzhēng.,Mỗi người đều có những đặc điểm riêng của mình.,Each person has his or her own characteristics.,5
921,疼爱,téng ài,"chiều chuộng, yêu chiều",pamper,父母对孩子的疼爱是无条件的。,Fùmǔ duì háizi de téng'ài shì wú tiáojiàn de.,Tình yêu của cha mẹ dành cho con cái là vô điều kiện.,Parents' love for their children is unconditional.,5
922,提倡,tí chàng,đề xướng,propose,他提倡环保活动。,Tā tícàng huánbǎo huódòng.,Anh ấy cổ vũ các hoạt động bảo vệ môi trường.,He promotes environmental protection activities.,5
923,提纲,tí gāng,đề cương,outline,这篇文章的提纲很详细。,Zhè piān wénzhāng de tígāng hěn xiángxì.,Đề cương của bài viết này rất chi tiết.,The outline of this article is very detailed.,5
924,提问,tí wèn,hỏi,ask,他在提问时表现得很认真。,Tā zài tíwèn shí biǎoxiàn de hěn rènzhēn.,Anh ấy thể hiện sự nghiêm túc khi đặt câu hỏi.,He showed seriousness when asking questions.,5
925,题目,tí mù,đề mục,subject,这个题目很有挑战性。,Zhège tímù hěn yǒu tiǎozhàn xìng.,Đề tài này rất có tính thách thức.,This topic is very challenging.,5
926,体会,tǐ huì,cảm nhận,feel,他从这次旅行中体会到了很多东西。,Tā cóng zhè cì lǚxíng zhōng tǐhuì dàole hěn duō dōngxī.,Anh ấy đã cảm nhận được nhiều điều từ chuyến đi này.,He learned a lot from this trip.,5
927,体贴,tǐ tiē,"sống tình cảm, chu đáo","emotional, thoughtful",她很体贴，总是关心别人的感受。,"Tā hěn tǐtiē, zǒng shì guānxīn biérén de gǎnshòu.","Cô ấy rất chu đáo, luôn quan tâm đến cảm xúc của người khác.","She is very thoughtful, always concerned about other people's feelings.",5
928,体现,tǐ xiàn,thể hiện,show,他的工作体现了高水平的专业性。,Tā de gōngzuò tǐxiànle gāo shuǐpíng de zhuānyè xìng.,Công việc của anh ấy thể hiện mức độ chuyên môn cao.,His work demonstrates a high level of expertise.,5
929,体验,tǐ yàn,trải nghiệm,experience,这个活动是一个很好的体验。,Zhège huódòng shì yīgè hěn hǎo de tǐyàn.,Hoạt động này là một trải nghiệm rất tốt.,This activity was a very good experience.,5
930,天空,tiān kōng,bầu trời,sky,他们在天空中看到了彩虹。,Tāmen zài tiānkōng zhōng kàn dàole cǎihóng.,Họ đã thấy cầu vồng trên bầu trời.,They saw a rainbow in the sky.,5
931,天真,tiān zhēn,hồn nhiên,innocent,她的天真让人感到温暖。,Tā de tiānzhēn ràng rén gǎndào wēnnuǎn.,Sự ngây thơ của cô ấy làm cho người ta cảm thấy ấm áp.,Her innocence makes people feel warm.,5
932,调皮,tiáo pí,nghịch ngợm,naughty,孩子们在公园里调皮玩耍。,Háizimen zài gōngyuán lǐ tiáopí wánshuǎ.,Bọn trẻ nghịch ngợm chơi đùa trong công viên.,The naughty children played in the park.,5
933,调整,tiáo zhěng,điều chỉnh,adjust,他正在调整自己的工作计划。,Tā zhèngzài tiáozhěng zìjǐ de gōngzuò jìhuà.,Anh ấy đang điều chỉnh kế hoạch công việc của mình.,He is adjusting his work schedule.,5
934,挑战,tiǎo zhàn,"thách thức, thử thách, thách","challenge, challenge, challenge",他们接受了一个巨大的挑战。,Tāmen jiēshòule yīgè jùdà de tiǎozhàn.,Họ đã chấp nhận một thách thức lớn.,They accepted a big challenge.,5
935,通常,tōng cháng,thông thường,normally,这是一种通常的做法。,Zhè shì yī zhǒng tōngcháng de zuòfǎ.,Đây là một phương pháp thường dùng.,This is a commonly used method.,5
936,统一,tǒng yī,thống nhất,unified,我们需要一个统一的标准。,Wǒmen xūyào yīgè tǒngyī de biāozhǔn.,Chúng ta cần một tiêu chuẩn thống nhất.,We need a unified standard.,5
937,痛苦,tòng kǔ,đau khổ,anguished,她感到非常的痛苦。,Tā gǎndào fēicháng de tòngkǔ.,Cô ấy cảm thấy rất đau đớn.,She felt very painful.,5
938,痛快,tòng kuài,sung sướng,happy,这次经历让他感到痛快。,Zhè cì jīnglì ràng tā gǎndào tòngkuài.,Kinh nghiệm này làm anh ấy cảm thấy rất thỏa mãn.,This experience made him feel very satisfied.,5
939,偷,tōu,ăn trộm,thief,他偷了一块巧克力。,Tā tōule yī kuài qiǎokèlì.,Anh ấy đã trộm một viên socola.,He stole a chocolate.,5
940,投入,tóu rù,"đút vào, đầu tư vào,","put in, invest in,",她全身心投入到工作中。,Tā quánshēn xīn tóurù dào gōngzuò zhōng.,Cô ấy dồn toàn bộ tâm trí vào công việc.,She put all her mind into her work.,5
941,投资,tóu zī,đầu tư,invest,公司决定投资新的项目。,Gōngsī juédìng tóuzī xīn de xiàngmù.,Công ty quyết định đầu tư vào dự án mới.,The company decided to invest in a new project.,5
942,透明,tòu míng,trong suốt,transparent,这件衣服的材料很透明。,Zhè jiàn yīfú de cáiliào hěn tòumíng.,Chất liệu của chiếc áo này rất trong suốt.,The material of this shirt is very transparent.,5
943,突出,tū chū,làm nổi bật,highlight,他的观点在演讲中突出表现。,Tā de guāndiǎn zài yǎnjiǎng zhōng tūchū biǎoxiàn.,Quan điểm của anh ấy nổi bật trong bài diễn thuyết.,His views stood out in the speech.,5
944,土地,tǔ dì,đất đai,land,这块土地很肥沃。,Zhè kuài tǔdì hěn féiwò.,Mảnh đất này rất màu mỡ.,This land is very fertile.,5
945,土豆,tǔ dòu,khoai tây,potato,他买了很多土豆。,Tā mǎile hěn duō tǔdòu.,Anh ấy đã mua rất nhiều khoai tây.,He bought a lot of potatoes.,5
946,吐,tǔ/tù,"nhổ, nôn","spit, vomit",他呕吐了几次。,Tā ǒutùle jǐ cì.,Anh ấy đã nôn mửa vài lần.,He vomited several times.,5
947,兔子,tù zi,con thỏ,rabbit,兔子在草地上跑来跑去。,Tùzi zài cǎodì shàng pǎo lái pǎo qù.,Con thỏ chạy qua chạy lại trên cỏ.,The rabbit ran back and forth on the grass.,5
948,团,tuán,cuộn (danh từ),roll (noun),那个小团儿真可爱！,Nàgè xiǎo tuán er zhēn kě'ài!,viên nhỏ đó thật dễ thương!,that little pill is so cute!,5
949,推辞,tuī cí,từ chối,refuse,他推辞了我们的邀请。,Tā tuīcíle wǒmen de yāoqǐng.,Anh ấy đã từ chối lời mời của chúng tôi.,He declined our invitation.,5
950,推广,tuī guǎng,quảng bá,promote,这个产品的推广非常成功。,Zhège chǎnpǐn de tuīguǎng fēicháng chénggōng.,Việc quảng bá sản phẩm này rất thành công.,The promotion of this product was very successful.,5
951,推荐,tuī jiàn,tiến cử,recommend,我们给你推荐这本书。,Wǒmen gěi nǐ tuījiàn zhè běn shū.,Chúng tôi giới thiệu cuốn sách này cho bạn.,We recommend this book to you.,5
952,退,tuì,lùi,back,她决定退还这个商品。,Tā juédìng tuìhuán zhège shāngpǐn.,Cô ấy quyết định trả lại sản phẩm này.,She decided to return the product.,5
953,退步,tuì bù,lùi bước,step back,他不小心退步了。,Tā bù xiǎoxīn tuìbùle.,Anh ấy vô tình bị lùi bước.,He was accidentally pushed back.,5
954,退休,tuì xiū,nghỉ hưu,retire,他已经退休了。,Tā yǐjīng tuìxiūle.,Anh ấy đã nghỉ hưu.,He is retired.,5
955,歪,wāi,xiên (nghiêng),slanted,他把椅子放歪了。,Tā bǎ yǐzi fàng wāile.,Anh ấy đã đặt cái ghế lệch.,He put the chair askew.,5
956,外公,wài gōng,ông ngoại,grandfather,我们去外公家玩。,Wǒmen qù wàigōngjiā wán.,Chúng tôi đến nhà ông ngoại chơi.,We went to grandpa's house to play.,5
957,外交,wài jiāo,ngoại giao,diplomatic,外交官在会议上发言。,Wàijiāo guān zài huìyì shàng fāyán.,Nhà ngoại giao phát biểu tại cuộc họp.,The diplomat spoke at the meeting.,5
958,完美,wán měi,hoàn hảo,perfect,这部电影很完美。,Zhè bù diànyǐng hěn wánměi.,Bộ phim này rất hoàn hảo.,This movie is perfect.,5
959,完善,wán shàn,hoàn thiện,complete,我们需要完善这个计划。,Wǒmen xūyào wánshàn zhège jìhuà.,Chúng ta cần hoàn thiện kế hoạch này.,We need to finalize this plan.,5
960,完整,wán zhěng,hoàn chỉnh,complete,这本书非常完整。,Zhè běn shū fēicháng wánzhěng.,Cuốn sách này rất hoàn chỉnh.,This book is very complete.,5
961,玩具,wán jù,đồ chơi,toy,孩子们喜欢玩具。,Háizimen xǐhuān wánjù.,Trẻ em thích đồ chơi.,Children love toys.,5
962,万一,wàn yī,"vạn nhất, nhỡ",just in case,万一遇到困难，我们可以寻求帮助。,"Wànyī yù dào kùnnán, wǒmen kěyǐ xúnqiú bāngzhù.","Nhỡ gặp khó khăn, chúng tôi có thể tìm kiếm sự giúp đỡ.","If we get into trouble, we can seek help.",5
963,王子,wáng zǐ,vua,king,王子住在一座城堡里。,Wángzǐ zhù zài yī zuò chéngbǎo lǐ.,Hoàng tử sống trong một lâu đài.,The prince lived in a castle.,5
964,网络,wǎng luò,mạng internet,internet,网络使沟通变得更方便。,Wǎngluò shǐ gōutōng biàn dé gèng fāngbiàn.,Mạng internet làm cho việc giao tiếp trở nên thuận tiện hơn.,The internet makes communication more convenient.,5
965,往返,wǎng fǎn,khứ hồi,round-trip,他每天往返于两个城市之间。,Tā měitiān wǎngfǎn yú liǎng gè chéngshì zhījiān.,Anh ấy đi lại giữa hai thành phố mỗi ngày.,He travels between the two cities every day.,5
966,危害,wēi hài,nguy hại,dangerous,吸烟对健康有危害。,Xīyān duì jiànkāng yǒu wēihài.,Hút thuốc có hại cho sức khỏe.,Smoking is harmful to your health.,5
967,威胁,wēi xié,uy hiếp,threat,他的行为对我们构成了威胁。,Tā de xíngwéi duì wǒmen gòuchéngle wēixié.,Hành vi của anh ấy gây ra mối đe dọa cho chúng tôi.,His behavior poses a threat to us.,5
968,微笑,wēi xiào,mỉm cười,smile,她对我微笑。,Tā duì wǒ wēixiào.,Cô ấy mỉm cười với tôi.,She smiled at me.,5
969,违反,wéi fǎn,vi phạm,violate,他们违反了规则。,Tāmen wéifǎnle guīzé.,Họ đã vi phạm quy tắc.,They broke the rules.,5
970,围巾,wéi jīn,khăn,towel,她戴着一条漂亮的围巾。,Tā dàizhe yītiáo piàoliang de wéijīn.,Cô ấy đeo một chiếc khăn quàng cổ đẹp.,She is wearing a beautiful scarf.,5
971,围绕,wéi rào,"xoay quanh, bao quanh, quay quanh","revolve around, surround, revolve around",我们围绕这个问题讨论了很久。,Wǒmen wéirào zhège wèntí tǎolùnle hěnjiǔ.,Chúng tôi đã thảo luận về vấn đề này trong một thời gian dài.,We have been discussing this issue for a long time.,5
972,唯一,wéi yī,duy nhất,only,这是我唯一的机会。,Zhè shì wǒ wéiyī de jīhuì.,Đây là cơ hội duy nhất của tôi.,This is my only chance.,5
973,维修,wéi xiū,sửa chữa,repair,这个机器需要维修。,Zhège jīqì xūyào wéixiū.,Cái máy này cần phải sửa chữa.,This machine needs repair.,5
974,伟大,wěi dà,vĩ đại,great,他是一位伟大的科学家。,Tā shì yī wèi wěidà de kēxuéjiā.,Ông ấy là một nhà khoa học vĩ đại.,He is a great scientist.,5
975,尾巴,wěi bā,cái đuôi,tail,小狗的尾巴摇得很快。,Xiǎo gǒu de wěibā yáo dé hěn kuài.,Cái đuôi của chú chó nhỏ vẫy rất nhanh.,The little dog's tail wagged very fast.,5
976,委屈,wěi qu,tủi thân,pity,他感到很委屈。,Tā gǎndào hěn wěiqū.,Anh ấy cảm thấy rất tủi thân.,He felt very sorry for himself.,5
977,未必,wèi bì,chưa chắc,doubt,这未必是一个好主意。,Zhè wèibì shì yīgè hǎo zhǔyì.,Điều này chưa chắc đã phải là một ý tưởng tốt.,This may not be a good idea.,5
978,未来,wèi lái,tương lai,future,我们的未来充满了希望。,Wǒmen de wèilái chōngmǎnle xīwàng.,Tương lai của chúng tôi đầy hy vọng.,Our future is full of hope.,5
979,位于,wèi yú,nằm ở (vị trí địa lý),located (geographical location),这家公司位于市中心。,Zhè jiā gōngsī wèi yú shì zhōngxīn.,Công ty này nằm ở trung tâm thành phố.,This company is located in the city center.,5
980,位置,wèi zhì,vị trí,location,这个位置很重要。,Zhège wèizhì hěn zhòngyào.,Vị trí này rất quan trọng.,This position is very important.,5
981,胃,wèi,dạ dày,stomach,他感觉胃很不舒服。,Tā gǎnjué wèi hěn bù shūfu.,Anh ấy cảm thấy dạ dày không thoải mái.,He felt sick to his stomach.,5
982,胃口,wèi kǒu,khẩu vị,taste,这道菜的胃口很好。,Zhè dào cài de wèikǒu hěn hǎo.,Món ăn này rất hợp khẩu vị.,This dish is very tasty.,5
983,温暖,wēn nuǎn,ấm áp,warm,她喜欢温暖的天气。,Tā xǐhuān wēnnuǎn de tiānqì.,Cô ấy thích thời tiết ấm áp.,She likes warm weather.,5
984,温柔,wēn róu,hiền dịu,gentle,他用温柔的声音说话。,Tā yòng wēnróu de shēngyīn shuōhuà.,Anh ấy nói với giọng nhẹ nhàng.,He said in a soft voice.,5
985,文件,wén jiàn,tài liệu,document,我们需要准备一些文件。,Wǒmen xūyào zhǔnbèi yīxiē wénjiàn.,Chúng tôi cần chuẩn bị một số tài liệu.,We need to prepare some documents.,5
986,文具,wén jù,đồ dùng học tập,school supplies,我买了一些文具。,Wǒ mǎile yīxiē wénjù.,Tôi đã mua một số đồ dùng văn phòng.,I bought some office supplies.,5
987,文明,wén míng,văn minh,civilized,这座城市有着悠久的文明历史。,Zhè zuò chéngshì yǒuzhe yōujiǔ de wénmíng lìshǐ.,Thành phố này có một lịch sử văn minh lâu dài.,This city has a long history of civilization.,5
988,文学,wén xué,văn học,literature,我正在学习中国文学。,Wǒ zhèngzài xuéxí zhōngguó wénxué.,Tôi đang học văn học Trung Quốc.,I am studying Chinese literature.,5
989,文字,wén zì,văn tự,letter,他的文字很优美。,Tā de wénzì hěn yōuměi.,Chữ viết của anh ấy rất đẹp.,His handwriting is beautiful.,5
990,闻,wén,ngửi,smell,她闻到了花香。,Tā wén dào le huā xiāng.,Cô ấy ngửi thấy mùi hoa.,She smells flowers.,5
991,吻,wěn,hôn,kiss,他亲吻了孩子的额头。,Tā qīn wěnle háizi de étóu.,Anh ấy hôn lên trán của đứa trẻ.,He kissed the child on the forehead.,5
992,稳定,wěn dìng,ổn định,stable,这个房子的结构很稳定。,Zhège fángzi de jiégòu hěn wěndìng.,Cấu trúc của ngôi nhà này rất ổn định.,The structure of this house is very stable.,5
993,问候,wèn hòu,hỏi thăm,ask about,我们向你们问候。,Wǒmen xiàng nǐmen wènhòu.,Chúng tôi gửi lời chào đến các bạn.,We send greetings to you.,5
994,卧室,wò shì,phòng ngủ,bedroom,他在卧室里休息。,Tā zài wòshì lǐ xiūxí.,Anh ấy đang nghỉ ngơi trong phòng ngủ.,He is resting in the bedroom.,5
995,握手,wò shǒu,bắt tay,shake hands,我们握手告别。,Wǒmen wòshǒu gàobié.,Chúng tôi bắt tay và nói lời chia tay.,We shook hands and said goodbye.,5
996,屋子,wū zi,căn nhà,house,这个屋子很温馨。,Zhège wūzi hěn wēnxīn.,Căn phòng này rất ấm cúng.,This room is very cozy.,5
997,无奈,wú nài,"bó tay, không có cách nào, bất lực","helpless, helpless, powerless",他无奈地摇了摇头。,Tā wúnài de yáole yáo tóu.,Anh ấy bất lực lắc đầu.,He shook his head helplessly.,5
998,无数,wú shù,vô số,countless,这里有无数的星星。,Zhèlǐ yǒu wúshù de xīngxīng.,Ở đây có vô số ngôi sao.,There are countless stars here.,5
999,无所谓,wú suǒ wèi,"không quan tâm, không để ý","indifferent, indifferent",我无所谓。,Wǒ wúsuǒwèi.,Tôi không quan tâm.,I don't care.,5
1000,武术,wǔ shù,võ thuật,martial arts,他练习武术已经很多年了。,Tā liànxí wǔshù yǐjīng hěn duō niánle.,Anh ấy đã luyện tập võ thuật nhiều năm rồi.,He has been practicing martial arts for many years.,5
1001,勿,wù,đừng,do not,请勿打扰。,Qǐng wù dǎrǎo.,Xin đừng làm phiền.,Please do not disturb.,5
1002,物理,wù lǐ,vật lý,physics,物理是一门有趣的学科。,Wùlǐ shì yīmén yǒuqù de xuékē.,Vật lý là một môn học thú vị.,Physics is an interesting subject.,5
1003,物质,wù zhì,vật chất,material,这块物质非常坚硬。,Zhè kuài wùzhì fēicháng jiānyìng.,Chất liệu này rất cứng.,This material is very hard.,5
1004,雾,wù,sương mù,fog,外面有一层雾。,Wàimiàn yǒu yī céng wù.,Ở bên ngoài có một lớp sương mù.,There is a layer of fog outside.,5
1005,吸取,xī qǔ,"hút, rút ra (bài học kinh nghiệm)",draw out (a lesson),他从失败中吸取了经验。,Tā cóng shībài zhōng xīqǔle jīngyàn.,Anh ấy rút ra kinh nghiệm từ thất bại.,He learns from failure.,5
1006,吸收,xī shōu,"thẩm thấu, ngấm",permeate,这台机器能有效地吸收能量。,Zhè tái jīqì néng yǒuxiào de xīshōu néngliàng.,Máy này có thể hấp thụ năng lượng một cách hiệu quả.,This machine can absorb energy efficiently.,5
1007,戏剧,xì jù,kịch,dramatic,她对戏剧有浓厚的兴趣。,Tā duì xìjù yǒu nónghòu de xìngqù.,Cô ấy có sự quan tâm sâu sắc đến kịch.,She has a deep interest in drama.,5
1008,系,xì,"thắt, buộc",tie,我们系上了安全带。,Wǒmen xì shàngle ānquán dài.,Chúng tôi đã thắt dây an toàn.,We have fastened our seat belts.,5
1009,系统,xì tǒng,hệ thống,system,这个系统很复杂。,Zhège xìtǒng hěn fùzá.,Hệ thống này rất phức tạp.,This system is very complex.,5
1010,细节,xì jié,tình tiết,plot,细节决定成败。,Xìjié juédìng chéngbài.,Chi tiết quyết định thành bại.,Details make the difference.,5
1011,瞎,xiā,mù,blind,他的右眼瞎 了。,tā de yòuyǎn xiā le。,Mắt phải của nó đã bị mù.,His right eye was blind.,5
1012,下载,xià zǎi,tải,load,我需要下载这个文件。,Wǒ xūyào xiàzài zhège wénjiàn.,Tôi cần tải xuống tài liệu này.,I need to download this document.,5
1013,吓,xià,dọa,threaten,那个声音吓了我一跳。,Nàge shēngyīn xiàle wǒ yī tiào.,Âm thanh đó làm tôi giật mình.,That sound startled me.,5
1014,夏令营,xià lìng yíng,trại,camp,我们去参加夏令营吧！,Wǒmen qù cānjiā xiàlìngyíng ba!,Chúng ta hãy tham gia trại hè nhé!,Let's go to summer camp!,5
1015,鲜艳,xiān yàn,tươi tắn,fresh,她穿着一件鲜艳的衣服。,Tā chuānzhuó yī jiàn xiānyàn de yīfú.,Cô ấy mặc một bộ đồ sáng màu.,She was wearing a bright colored outfit.,5
1016,显得,xiǎn dé,lộ rõ,obvious,他显得很紧张。,Tā xiǎndé hěn jǐnzhāng.,Anh ấy có vẻ rất căng thẳng.,He looks very stressed.,5
1017,显然,xiǎn rán,"hiển nhiên, rõ ràng",obvious,显然她已经知道了这个消息。,Xiǎnrán tā yǐjīng zhīdàole zhège xiāoxi.,Rõ ràng là cô ấy đã biết tin này.,Obviously she knew the news.,5
1018,显示,xiǎn shì,"hiển thị, cho thấy, tôn lên","show, show off, exalt",电脑显示器的分辨率很高。,Diànnǎo xiǎnshìqì de fēnbiàn lǜ hěn gāo.,Độ phân giải của màn hình máy tính rất cao.,The resolution of the computer screen is very high.,5
1019,县,xiàn,huyện,district,我们住在一个县城里。,Wǒmen zhù zài yīgè xiànchéng lǐ.,Chúng tôi sống ở một thị trấn huyện.,We live in a county town.,5
1020,现代,xiàn dài,hiện đại,modern,现代科技正在改变世界。,Xiàndài kējì zhèngzài gǎibiàn shìjiè.,Công nghệ hiện đại đang thay đổi thế giới.,Modern technology is changing the world.,5
1021,现实,xiàn shí,hiện thực,realistic,现实情况比我们想象的要复杂。,Xiànshí qíngkuàng bǐ wǒmen xiǎngxiàng de yào fùzá.,Tình hình thực tế phức tạp hơn chúng tôi tưởng.,The real situation is more complicated than we thought.,5
1022,现象,xiàn xiàng,hiện tượng,phenomena,这种现象在很多地方都能看到。,Zhè zhǒng xiànxiàng zài hěn duō dìfāng dōu néng kàn dào.,Hiện tượng này có thể thấy ở nhiều nơi.,This phenomenon can be seen in many places.,5
1023,限制,xiàn zhì,"hạn chế, giới hạn",limit,这条路的行车速度有限制。,Zhè tiáo lù de xíngchē sùdù yǒu xiànzhì.,Tốc độ lái xe trên con đường này bị hạn chế.,The speed limit on this road is limited.,5
1024,相处,xiāng chǔ,"ở cùng nhau, tiếp xúc nhiều","stay together, have a lot of contact",我们相处得很好。,Wǒmen xiāngchǔ dé hěn hǎo.,Chúng tôi sống hòa thuận với nhau.,We live in harmony with each other.,5
1025,相当,xiāng dāng,tương đối,relative,这道菜的辣味相当强。,Zhè dào cài de là wèi xiāngdāng qiáng.,Vị cay của món ăn này khá mạnh.,The spiciness of this dish is quite strong.,5
1026,相对,xiāng duì,tương đối,relative,这个问题相对简单。,Zhège wèntí xiāngduì jiǎndān.,Vấn đề này tương đối đơn giản.,This problem is relatively simple.,5
1027,相关,xiāng guān,liên quan,relate to,这些问题是相关的。,Zhèxiē wèntí shì xiāngguān de.,Những vấn đề này có liên quan với nhau.,These issues are related.,5
1028,相似,xiāng sì,giống,alike,这两个问题非常相似。,Zhè liǎng gè wèntí fēicháng xiāngsì.,Hai vấn đề này rất giống nhau.,These two problems are very similar.,5
1029,香肠,xiāng cháng,xúc xích,sausage,这种香肠的味道很好。,Zhè zhǒng xiāngcháng de wèidào hěn hǎo.,Hương vị của loại xúc xích này rất ngon.,The flavor of this sausage is delicious.,5
1030,享受,xiǎng shòu,hưởng thụ,enjoy,我非常享受这个假期。,Wǒ fēicháng xiǎngshòu zhège jiàqī.,Tôi rất tận hưởng kỳ nghỉ này.,I enjoyed this vacation very much.,5
1031,想念,xiǎng niàn,nhớ nhung,miss,我很想念你。,Wǒ hěn xiǎngniàn nǐ.,Tôi rất nhớ bạn.,I miss you so much.,5
1032,想象,xiǎng xiàng,tưởng tượng,imagine,他很擅长想象力的运用。,Tā hěn shàncháng xiǎngxiànglì de yùnyòng.,Anh ấy rất giỏi trong việc sử dụng trí tưởng tượng.,He is very good at using his imagination.,5
1033,项,xiàng,"hạng, môn (thể thao)","class, sport",我们需要完成这一项任务。,Wǒmen xūyào wánchéng zhè yī xiàng rènwù.,Chúng ta cần hoàn thành nhiệm vụ này.,We need to complete this mission.,5
1034,项链,xiàng liàn,dây chuyền,necklace,她戴着一条漂亮的项链。,Tā dàizhe yī tiáo piàoliang de xiàngliàn.,Cô ấy đeo một chiếc dây chuyền đẹp.,She is wearing a beautiful necklace.,5
1035,项目,xiàng mù,hạng mục,category,这个项目非常重要。,Zhège xiàngmù fēicháng zhòngyào.,Dự án này rất quan trọng.,This project is very important.,5
1036,象棋,xiàng qí,cờ tướng,Chinese chess,我喜欢下象棋。,Wǒ xǐhuān xià xiàngqí.,Tôi thích chơi cờ vua.,I like playing chess.,5
1037,象征,xiàng zhēng,tượng trưng,symbolize,鸽子象征和平。,gēzi xiàngzhēng hépíng,Chim bồ câu tượng trưng cho hòa bình.,Doves symbolize peace.,5
1038,消费,xiāo fèi,tiêu dùng,consumption,我们需要节省消费。,Wǒmen xūyào jiéshěng xiāofèi.,Chúng ta cần tiết kiệm chi phí.,We need to save costs.,5
1039,消化,xiāo huà,tiêu hóa,digest,消化过程很复杂。,xiāohuà guòchéng hěn fùzá.,Quá trình tiêu hóa rất phức tạp.,The digestive process is very complex.,5
1040,消极,xiāo jí,tiêu cực,negative,她对这些消极的评论不以为然。,Tā duì zhèxiē xiāojí de pínglùn bù yǐwéirán.,Cô ấy không coi trọng những bình luận tiêu cực này.,She doesn't take these negative comments seriously.,5
1041,消失,xiāo shī,biến mất,disappear,那个文件已经消失了。,Nàge wénjiàn yǐjīng xiāoshīle.,Tài liệu đó đã biến mất.,That document has disappeared.,5
1042,销售,xiāo shòu,bán,sell,这家店的销售额很高。,Zhè jiā diàn de xiāoshòu'é hěn gāo.,Doanh số bán hàng của cửa hàng này rất cao.,This store's sales are very high.,5
1043,小麦,xiǎo mài,lúa mạch,barley,我们种了很多小麦。,Wǒmen zhòngle hěn duō xiǎomài.,Chúng tôi trồng rất nhiều lúa mì.,We grow a lot of wheat.,5
1044,小气,xiǎo qì,keo kiệt,stingy,他有点儿小气。,Tā yǒudiǎn er xiǎoqì.,Anh ấy hơi keo kiệt.,He is a bit stingy.,5
1045,孝顺,xiào shùn,hiếu thảo,pious,他是一个孝顺的儿子。,Tā shì yīgè xiàoshùn de érzi.,Anh ấy là một người con hiếu thảo.,He is a dutiful son.,5
1046,效率,xiào lǜ,hiệu suất,efficiency,提高效率是我们的目标。,Tígāo xiàolǜ shì wǒmen de mùbiāo.,Tăng cường hiệu suất là mục tiêu của chúng tôi.,Increasing performance is our goal.,5
1047,歇,xiē,nghỉ ngơi,rest,他需要歇一会儿。,Tā xūyào xiē yíhuìr.,Anh ấy cần nghỉ ngời một lát.,He needs a break.,5
1048,斜,xié,"nghiêng, chéo","slanted, diagonal",这条路有点儿斜。,Zhè tiáo lù yǒudiǎnr xié.,Con đường này hơi nghiêng.,This road is slightly inclined.,5
1049,写作,xiě zuò,viết,write,她擅长写作。,Tā shàncháng xiězuò.,Cô ấy giỏi viết lách.,She is good at writing.,5
1050,血,xiě,máu,blood,血液循环对身体健康很重要。,Xiěyè xúnhuán duì shēntǐ jiànkāng hěn zhòngyào.,Tuần hoàn máu rất quan trọng cho sức khỏe cơ thể.,Blood circulation is very important for the health of the body.,5
1051,心理,xīn lǐ,tâm lý,mentality,心理健康对生活质量有很大影响。,Xīnlǐ jiànkāng duì shēnghuó zhìliàng yǒu hěn dà yǐngxiǎng.,Sức khỏe tâm lý có ảnh hưởng lớn đến chất lượng cuộc sống.,Mental health has a major impact on quality of life.,5
1052,心脏,xīn zàng,tim,heart,心脏是人体重要的器官之一。,Xīnzàng shì réntǐ zhòngyào de qìguān zhī yī.,Tim là một trong những cơ quan quan trọng của cơ thể.,The heart is one of the important organs of the body.,5
1053,欣赏,xīn shǎng,"thưởng thức, đánh giá cao","enjoy, appreciate",我非常欣赏你的工作态度。,Wǒ fēicháng xīnshǎng nǐ de gōngzuò tàidu.,Tôi rất ngưỡng mộ thái độ làm việc của bạn.,I really admire your work attitude.,5
1054,信号,xìn hào,tín hiệu,signal,信号不太强，手机信号不好。,"Xìnhào bù tài qiáng, shǒujī xìnhào bù hǎo.","Tín hiệu không mạnh, tín hiệu điện thoại không tốt.","Signal is not strong, phone signal is not good.",5
1055,信任,xìn rèn,tín nhiệm,trust,我信任你能完成这个任务。,Wǒ xìnrèn nǐ néng wánchéng zhège rènwù.,Tôi tin tưởng bạn có thể hoàn thành nhiệm vụ này.,I trust you can complete this mission.,5
1056,行动,xíng dòng,hành động,act,他的行动非常迅速。,Tā de xíngdòng fēicháng xùnsù.,Hành động của anh ấy rất nhanh chóng.,His actions were very quick.,5
1057,行人,xíng rén,người đi đường,pedestrian,行人请遵守交通规则。,Xíngrén qǐng zūnshǒu jiāotōng guīzé.,Người đi bộ vui lòng tuân thủ các quy tắc giao thông.,Pedestrians please obey traffic rules.,5
1058,行为,xíng wéi,hành vi,behavior,这种行为是不允许的。,Zhè zhǒng xíngwéi shì bù yǔnxǔ de.,Hành vi này là không được phép.,This behavior is not allowed.,5
1059,形成,xíng chéng,hình thành,form,这项计划的实施将形成新的市场。,Zhè xiàng jìhuà de shíshī jiāng xíngchéng xīn de shìchǎng.,Việc thực hiện kế hoạch này sẽ hình thành một thị trường mới.,The implementation of this plan will create a new market.,5
1060,形容,xíng róng,hình dung,imagine,她形容了那次旅行的美好经历。,Tā xíngróngle nà cì lǚxíng de měihǎo jīnglì.,Cô ấy mô tả trải nghiệm tuyệt vời của chuyến đi đó.,She described the wonderful experience of that trip.,5
1061,形式,xíng shì,hình thức,form,他们采用了新的形式来解决问题。,Tāmen cǎiyòngle xīn de xíngshì lái jiějué wèntí.,Họ đã áp dụng hình thức mới để giải quyết vấn đề.,They adopted a new form of solving the problem.,5
1062,形势,xíng shì,tình hình,situation,当前形势比较复杂。,Dāngqián xíngshì bǐjiào fùzá.,Tình hình hiện tại khá phức tạp.,The current situation is quite complicated.,5
1063,形象,xíng xiàng,hình tượng,image,他的形象很亲切。,Tā de xíngxiàng hěn qīnqiè.,Hình ảnh của anh ấy rất dễ mến.,His image is very lovable.,5
1064,形状,xíng zhuàng,"hình dáng, dáng",shape,这块石头的形状很奇特。,Zhè kuài shítou de xíngzhuàng hěn qítè.,Hình dạng của viên đá này rất đặc biệt.,The shape of this stone is very special.,5
1065,幸亏,xìng kuī,may mà,luckily,幸亏我们提前准备了。,Xìngkuī wǒmen tíqián zhǔnbèile.,May mắn là chúng tôi đã chuẩn bị trước.,Luckily we were prepared.,5
1066,幸运,xìng yùn,may mắn,lucky,他总是幸运的。,Tā zǒng shì xìngyùn de.,Anh ấy luôn gặp may mắn.,He is always lucky.,5
1067,性质,xìng zhì,tính chất,nature,这件事的性质很特殊。,Zhè jiàn shì de xìngzhì hěn tèshū.,,,5
1068,兄弟,xiōng dì,huynh đệ,brotherhood,他是我的亲兄弟。,Tā shì wǒ de qīn xiōngdì.,Anh ấy là anh trai ruột của tôi.,He is my real brother.,5
1069,胸,xiōng,ngực,chest,她的胸很大。,Tā de xiōng hěn dà.,Ngực của cô ấy rất lớn.,Her breasts are very big.,5
1070,休闲,xiū xián,"nhàn hạ, thoải mái","leisurely, comfortable",我喜欢休闲的活动。,Wǒ xǐhuān xiūxián de huódòng.,Tôi thích các hoạt động giải trí.,I enjoy recreational activities.,5
1071,修改,xiū gǎi,sửa lỗi (văn bản),fix (text),你可以修改这份报告。,Nǐ kěyǐ xiūgǎi zhè fèn bào gào.,Bạn có thể chỉnh sửa báo cáo này.,You can edit this report.,5
1072,虚心,xū xīn,khiêm tốn,modest,他总是虚心接受别人的意见。,Tā zǒng shì xūxīn jiēshòu biérén de yìjiàn.,Anh ấy luôn khiêm tốn tiếp nhận ý kiến của người khác.,He is always humble to accept other people's opinions.,5
1073,叙述,xù shù,"kể, thuật",tell,我们需要叙述这个事件的经过。,Wǒmen xūyào xùshù zhège shìjiàn de jīngguò.,Chúng ta cần kể lại diễn biến của sự kiện này.,We need to recount the events of this event.,5
1074,宣布,xuān bù,tuyên bố,declare,公司宣布了新的政策。,Gōngsī xuānbùle xīn de zhèngcè.,Công ty đã công bố chính sách mới.,The company has announced a new policy.,5
1075,宣传,xuān chuán,tuyên truyền,propagate,我们需要宣传这个活动。,Wǒmen xūyào xuānchuán zhège huódòng.,Chúng ta cần tuyên truyền về hoạt động này.,We need to spread the word about this activity.,5
1076,学历,xué lì,trình độ,level,她有很高的学历。,Tā yǒu hěn gāo de xuélì.,Cô ấy có trình độ học vấn rất cao.,She is highly educated.,5
1077,学术,xué shù,học thuật,academic,这篇论文涉及到很多学术问题。,Zhè piān lùnwén shèjí dào hěn duō xuéshù wèntí.,Bài luận này liên quan đến nhiều vấn đề học thuật.,This essay deals with many academic issues.,5
1078,学问,xué wèn,học vấn,education,他的学问非常渊博。,Tā de xuéwèn fēicháng yuānbó.,Kiến thức của anh ấy rất phong phú.,His knowledge is very rich.,5
1079,寻找,xún zhǎo,tìm kiếm,search,我们正在寻找合适的解决方案。,Wǒmen zhèngzài xúnzhǎo héshì de jiějué fāng'àn.,Chúng tôi đang tìm kiếm giải pháp phù hợp.,We are looking for the right solution.,5
1080,询问,xún wèn,hỏi han,ask,请你询问一下那个问题。,Qǐng nǐ xúnwèn yīxià nàge wèntí.,Xin hãy hỏi về vấn đề đó.,Please ask about that.,5
1081,训练,xùn liàn,huấn luyện,train,我们在进行训练以提高能力。,Wǒmen zài jìnxíng xùnliàn yǐ tígāo nénglì.,Chúng tôi đang tập luyện để nâng cao khả năng.,We are practicing to improve our abilities.,5
1082,迅速,xùn sù,"nhanh chóng, nhanh","fast, fast",他处理问题非常迅速。,Tā chǔlǐ wèntí fēicháng xùnsù.,Anh ấy xử lý vấn đề rất nhanh chóng.,He handled the problem very quickly.,5
1083,押金,yā jīn,tiền cọc,deposit,请先支付押金。,Qǐng xiān zhīfù yājīn.,Vui lòng thanh toán tiền đặt cọc trước.,Please pay deposit in advance.,5
1084,牙齿,yá chǐ,răng,tooth,我需要检查你的牙齿。,Wǒ xūyào jiǎnchá nǐ de yáchǐ.,Tôi cần kiểm tra răng của bạn.,I need to check your teeth.,5
1085,延长,yán cháng,kéo dài (thời gian),prolong (time),我们需要延长截止日期。,Wǒmen xūyào yáncháng jiézhǐ rìqī.,Chúng ta cần kéo dài hạn chót.,We need to extend the deadline.,5
1086,严肃,yán sù,nghiêm túc,serious,他在会议上表现得非常严肃。,Tā zài huìyì shàng biǎoxiàn dé fēicháng yánsù.,Anh ấy thể hiện rất nghiêm túc trong cuộc họp.,He appeared very serious in the meeting.,5
1087,演讲,yǎn jiǎng,diễn thuyết,speech,她在演讲中讲述了她的经历。,Tā zài yǎnjiǎng zhōng jiǎngshùle tā de jīnglì.,Cô ấy đã kể về kinh nghiệm của mình trong bài phát biểu.,She told about her experience in her speech.,5
1088,宴会,yàn huì,yến tiệc,dinner,我们在宴会上度过了一个愉快的夜晚。,Wǒmen zài yànhuì shàng dùguòle yīgè yúkuài de yèwǎn.,Chúng tôi đã có một buổi tối vui vẻ tại bữa tiệc.,We had a fun evening at the party.,5
1089,阳台,yáng tái,ban công,balcony,我们可以在阳台上喝咖啡。,Wǒmen kěyǐ zài yángtái shàng hē kāfēi.,Chúng ta có thể uống cà phê trên ban công.,We can drink coffee on the balcony.,5
1090,痒,yǎng,ngứa,itchy,我的皮肤有点发痒。,wǒ de pífū yǒudiǎn fā yǎng.,Da của tôi hơi ngứa.,My skin is a little itchy.,5
1091,样式,yàng shì,kiểu dáng,style,这种样式的设计很现代。,Zhè zhǒng yàngshì de shèjì hěn xiàndài.,Thiết kế theo kiểu này rất hiện đại.,This style of design is very modern.,5
1092,腰,yāo,lưng,back,她的腰很细。,Tā de yāo hěn xì.,Eo của cô ấy rất thon gọn.,Her waist is very slim.,5
1093,摇,yáo,lắc,shake,他摇了摇头表示不同意。,Tā yáole yáo tóu biǎoshì bù tóngyì.,Anh ấy lắc đầu để biểu thị sự không đồng ý.,He shook his head to indicate disagreement.,5
1094,咬,yǎo,cắn,bite,她咬了一口苹果。,Tā yǎole yī kǒu píngguǒ.,Cô ấy cắn một miếng táo.,She took a bite of the apple.,5
1095,要不,yào bù,nếu không thì,otherwise,要不我们去看电影？,Yào bù wǒmen qù kàn diànyǐng?,Hay là chúng ta đi xem phim?,Or should we go to the movies?,5
1096,业务,yè wù,nghiệp vụ,profession,他在公司里负责业务发展。,Tā zài gōngsī lǐ fùzé yèwù fāzhǎn.,Anh ấy phụ trách phát triển kinh doanh trong công ty.,He is in charge of business development in the company.,5
1097,业余,yè yú,nghiệp dư,amateur,他有很多业余爱好。,Tā yǒu hěn duō yèyú àihào.,Anh ấy có nhiều sở thích ngoài giờ làm việc.,He has many interests outside of work.,5
1098,夜,yè,đêm,night,夜晚的风很凉爽。,Yèwǎn de fēng hěn liángshuǎng.,Gió đêm rất mát mẻ.,The night wind is very cool.,5
1099,一辈子,yí bèi zi,một đời người,a lifetime,我希望能过一辈子的好生活。,Wǒ xīwàng néng guò yī bèizi de hǎo shēnghuó.,Tôi hy vọng có thể sống một cuộc sống tốt đẹp suốt đời.,I hope to live a good life all my life.,5
1100,一旦,yí dàn,một khi,once,一旦你开始，就必须坚持下去。,"Yīdàn nǐ kāishǐ, jiù bìxū jiānchí xiàqù.","Một khi bạn bắt đầu, bạn phải kiên trì tiếp tục.","Once you start, you have to keep going.",5
1101,一律,yí lǜ,nhất loạt,all at once,他们的意见是一律的。,Tāmen de yìjiàn shì yīlǜ de.,Ý kiến của họ là nhất trí.,Their opinion was unanimous.,5
1102,一再,yí zài,nhiều lần,many times,他一再强调这个问题的重要性。,Tā yīzài qiángdiào zhège wèntí de zhòngyàoxìng.,Anh ấy liên tục nhấn mạnh tầm quan trọng của vấn đề này.,He repeatedly stressed the importance of this issue.,5
1103,一致,yí zhì,thống nhất,unified,他们的看法与我的一致。,Tāmen de kànfǎ yǔ wǒ de yīzhì.,Quan điểm của họ nhất trí với của tôi.,Their views agree with mine.,5
1104,依然,yī rán,vẫn như xưa,still the same,尽管情况很困难，我们依然坚持。,"Jǐnguǎn qíngkuàng hěn kùnnán, wǒmen yīrán jiānchí.","Mặc dù tình hình rất khó khăn, chúng tôi vẫn kiên trì.","Even though the situation was difficult, we persevered.",5
1105,移动,yí dòng,di động,mobile,我们需要移动这些家具。,Wǒmen xūyào yídòng zhèxiē jiājù.,Chúng ta cần di chuyển những món đồ nội thất này.,We need to move this furniture.,5
1106,移民,yí mín,di dân,immigration,他决定移民到加拿大。,Tā juédìng yímín dào jiānádà.,Anh ấy quyết định di cư đến Canada.,He decided to immigrate to Canada.,5
1107,遗憾,yí hàn,hối tiếc,regret,我对这个结果感到遗憾。,Wǒ duì zhège jiéguǒ gǎndào yíhàn.,Tôi cảm thấy tiếc về kết quả này.,I feel sorry about this result.,5
1108,疑问,yí wèn,"nghi vấn, nghi ngờ",doubt,他提出了一个很大的疑问。,Tā tíchūle yīgè hěn dà de yíwèn.,Anh ấy đã đặt ra một nghi vấn lớn.,He raised a big question.,5
1109,乙,yǐ,ất,yes,乙是第二个字母。,Yǐ shì dì èr gè zìmǔ.,Y là chữ cái thứ hai.,Y is the second letter.,5
1110,以及,yǐ jí,và,and,他和我以及其他人一起去了。,Tā hé wǒ yǐjí qítārén yīqǐ qùle.,Anh ấy và tôi cùng với những người khác đã đi.,He and I went with the others.,5
1111,以来,yǐ lái,trở lại đây (thời gian),come back here (time),这家公司自1990年以来一直在发展。,Zhè jiā gōngsī zì 1990 nián yǐlái yīzhí zài fāzhǎn.,Công ty này đã phát triển liên tục kể từ năm 1990.,The company has been growing steadily since 1990.,5
1112,亿,yì,trăm triệu,hundred million,中国有十亿多人口。,Zhōngguó yǒu shí yì duō rénkǒu.,Trung Quốc có hơn một tỷ dân.,China has more than one billion people.,5
1113,义务,yì wù,nghĩa vụ,obligation,我们有义务保护环境。,Wǒmen yǒu yìwù bǎohù huánjìng.,Chúng ta có nghĩa vụ bảo vệ môi trường.,We have a duty to protect the environment.,5
1114,议论,yì lùn,nghị luận,discussion,他们对这项政策的议论很多。,Tāmen duì zhè xiàng zhèngcè de yìlùn hěn duō.,Có nhiều ý kiến bàn luận về chính sách này.,There is much debate about this policy.,5
1115,意外,yì wài,ngoài ý muốn,unintentional,他的意外表现让大家都惊讶。,Tā de yìwài biǎoxiàn ràng dàjiā dōu jīngyà.,Màn biểu hiện bất ngờ của anh ấy khiến mọi người đều ngạc nhiên.,His sudden performance surprised everyone.,5
1116,意义,yì yì,ý nghĩa,meaning,这个决定的意义很大。,Zhège juédìng de yìyì hěn dà.,Ý nghĩa của quyết định này rất lớn.,The implications of this decision are enormous.,5
1117,因而,yīn ér,cho nên,therefore,他因而成功了。,Tā yīn'ér chénggōngle.,"Do đó, anh ấy đã thành công.","Therefore, he succeeded.",5
1118,因素,yīn sù,nhân tố,factor,这些因素都需要考虑。,Zhèxiē yīnsù dōu xūyào kǎolǜ.,Các yếu tố này đều cần được cân nhắc.,These factors all need to be considered.,5
1119,银,yín,bạc,silver,你的手镯是银的吗?,nǐ de shǒuzhuó shì yín de ma?,Vòng tay của bạn có phải bằng bạc không?,Is your bracelet silver?,5
1120,印刷,yìn shuā,in ấn,printing,这本书的印刷质量很好。,Zhè běn shū de yìnshuā zhìliàng hěn hǎo.,Chất lượng in ấn của cuốn sách này rất tốt.,The printing quality of this book is very good.,5
1121,英俊,yīng jùn,tuấn tú,handsome,他长得非常英俊。,Tā zhǎng de fēicháng yīngjùn.,Anh ấy rất điển trai.,He is very handsome.,5
1122,英雄,yīng xióng,anh hùng,hero,他们是战争中的英雄。,Tāmen shì zhànzhēng zhōng de yīngxióng.,Họ là những anh hùng trong cuộc chiến.,They were heroes in the war.,5
1123,迎接,yíng jiē,nghênh đón,welcome,我们会去机场迎接他。,Wǒmen huì qù jīchǎng yíngjiē tā.,Chúng tôi sẽ ra sân bay đón anh ấy.,We will pick him up at the airport.,5
1124,营养,yíng yǎng,dinh dưỡng,nutrition,这个食物很有营养。,Zhège shíwù hěn yǒu yíngyǎng.,Thực phẩm này rất bổ dưỡng.,This food is very nutritious.,5
1125,营业,yíng yè,kinh doanh,business,这家店的营业时间是从早上九点到晚上九点。,Zhè jiā diàn de yíngyè shíjiān shì cóng zǎoshàng jiǔ diǎn dào wǎnshàng jiǔ diǎn.,Thời gian mở cửa của cửa hàng này là từ 9 giờ sáng đến 9 giờ tối.,The opening hours of this store are from 9am to 9pm.,5
1126,影子,yǐng zi,cái bóng,shadow,小宝贝喜欢看自己的影子。,Xiǎo bǎobèi xǐhuān kàn zìjǐ de yǐngzi.,Các em bé thích nhìn cái bóng của chính mình.,Babies love to look at their own shadows.,5
1127,应付,yìng fù,ứng phó,respond,他总是很轻松地应付工作。,Tā zǒngshì hěn qīngsōng de yìngfù gōngzuò.,Anh ấy luôn đối phó với công việc một cách nhẹ nhàng.,He always takes his work lightly.,5
1128,应用,yìng yòng,ứng dụng,application,这个软件在多个领域都有应用。,Zhège ruǎnjiàn zài duō gè lǐngyù dōu yǒu yìngyòng.,Phần mềm này được ứng dụng trong nhiều lĩnh vực.,This software is applied in many fields.,5
1129,硬,yìng,cứng,hard,这块石头非常硬。,Zhè kuài shítou fēicháng yìng.,Viên đá này rất cứng.,This stone is very hard.,5
1130,硬件,yìng jiàn,phần cứng,Hardware,电脑硬件包括处理器、内存和硬盘。,"Diànnǎo yìngjiàn bāokuò chǔlǐqì, nèicún hé yìngpán.","Phần cứng máy tính bao gồm bộ xử lý, bộ nhớ và ổ cứng.","Computer hardware includes the processor, memory, and hard drive.",5
1131,拥抱,yōng bào,"ôm, ôm ấp","hug, cuddle",母亲拥抱了孩子。,Mǔqīn yōngbào le háizi.,Mẹ ôm chặt đứa con.,Mother hugs her child tightly.,5
1132,拥挤,yōng jǐ,"chen chúc, đông đúc",crowded,早上地铁上非常拥挤。,Zǎoshang dìtiě shàng fēicháng yōngjǐ.,Sáng sớm trên tàu điện ngầm rất chật chội.,The subway is very crowded early in the morning.,5
1133,勇气,yǒng qì,dũng khí,mettle,成功需要勇气和坚持。,Chénggōng xūyào yǒngqì hé jiānchí.,Thành công cần sự dũng cảm và kiên trì.,Success requires courage and perseverance.,5
1134,用功,yòng gōng,"dụng công, công phu",laborious,她是一个非常用功的学生。,Tā shì yīgè fēicháng yònggōng de xuéshēng.,Cô ấy là một học sinh rất chăm chỉ.,She is a very hard working student.,5
1135,用途,yòng tú,cách dùng,use,这种材料的用途很广泛。,Zhè zhǒng cáiliào de yòngtú hěn guǎngfàn.,Loại vật liệu này có rất nhiều công dụng.,This material has many uses.,5
1136,优惠,yōu huì,ưu đãi,endow,商店提供了很多优惠。,Shāngdiàn tígōng le hěn duō yōuhuì.,Cửa hàng cung cấp rất nhiều ưu đãi.,The store offers a lot of deals.,5
1137,优美,yōu měi,"trang nhã, thanh lịch, thanh nhã, đẹp, xinh xắn","elegant, graceful, elegant, beautiful, pretty",这个地方的风景非常优美。,Zhège dìfāng de fēngjǐng fēicháng yōuměi.,Phong cảnh ở nơi này rất đẹp.,The scenery here is very beautiful.,5
1138,优势,yōu shì,ưu thế,advantage,这个产品有很大的市场优势。,Zhège chǎnpǐn yǒu hěn dà de shìchǎng yōushì.,Sản phẩm này có lợi thế lớn trên thị trường.,This product has a great advantage in the market.,5
1139,悠久,yōu jiǔ,lâu đời,ancient,这是一个历史悠久的城市。,Zhè shì yīgè lìshǐ yōujiǔ de chéngshì.,Đây là một thành phố có lịch sử lâu đời.,This is a city with a long history.,5
1140,犹豫,yóu yù,do dự,hesitant,他在做决定时总是犹豫不决。,Tā zài zuò juédìng shí zǒngshì yóuyù bù jué.,Anh ấy luôn do dự khi đưa ra quyết định.,He always hesitates when making decisions.,5
1141,油炸,yóu zhá,chiên giòn,fried,我喜欢吃油炸食品。,Wǒ xǐhuān chī yóuzhá shípǐn.,Tôi thích ăn các món chiên rán.,I like fried foods.,5
1142,游览,yóu lǎn,"du ngoạn, thưởng ngoạn","travel, enjoy",他们计划在假期游览长城。,Tāmen jìhuà zài jiàqī yóulǎn Chángchéng.,Họ dự định tham quan Vạn Lý Trường Thành trong kỳ nghỉ.,They plan to visit the Great Wall during their vacation.,5
1143,有利,yǒu lì,có lợi,beneficial,这个计划对我们非常有利。,Zhège jìhuà duì wǒmen fēicháng yǒulì.,Kế hoạch này rất có lợi cho chúng tôi.,This plan is very beneficial to us.,5
1144,幼儿园,yòu ér yuán,nhà trẻ,nursery,孩子们在幼儿园玩得很开心。,Háizimen zài yòu'éryuán wán dé hěn kāixīn.,Các em nhỏ chơi đùa rất vui vẻ ở trường mẫu giáo.,The children play happily at kindergarten.,5
1145,娱乐,yú lè,giải trí,entertainment,电影是最受欢迎的娱乐方式之一。,Diànyǐng shì zuì shòu huānyíng de yúlè fāngshì zhī yī.,Điện ảnh là một trong những hình thức giải trí phổ biến nhất.,Cinema is one of the most popular forms of entertainment.,5
1146,与其,yǔ qí,thay vì,instead of,与其抱怨，不如努力工作。,"Yǔqí bàoyuàn, bùrú nǔlì gōngzuò.","Thay vì than phiền, hãy làm việc chăm chỉ.","Instead of complaining, work hard.",5
1147,语气,yǔ qì,ngữ khí,tone,他的语气有点严肃。,Tā de yǔqì yǒudiǎn yánsù.,Giọng điệu của anh ấy có hơi nghiêm túc.,His tone was a little serious.,5
1148,玉米,yù mǐ,ngô,corn,这片玉米非常甜。,Zhè piàn yùmǐ fēicháng tián.,Bắp ngô này rất ngọt.,This corn is very sweet.,5
1149,预报,yù bào,dự báo,forecast,天气预报说明天有雨。,Tiānqì yùbào shuō míngtiān yǒu yǔ.,Dự báo thời tiết nói rằng ngày mai sẽ có mưa.,The weather forecast says it will rain tomorrow.,5
1150,预订,yù dìng,"đặt trước, dự định trước","pre-booked, pre-planned",我们已经预订了今晚的餐厅。,Wǒmen yǐjīng yùdìng le jīn wǎn de cāntīng.,Chúng tôi đã đặt trước nhà hàng cho tối nay.,We have made restaurant reservations for tonight.,5
1151,预防,yù fáng,"phòng, phòng chống","room, prevention",预防胜于治疗。,Yùfáng shèng yú zhìliáo.,Phòng bệnh hơn chữa bệnh.,Prevention is better than cure.,5
1152,元旦,yuán dàn,nguyên đán,Lunar New Year,元旦是新年的第一天。,Yuándàn shì xīnnián de dì yī tiān.,Ngày đầu năm mới là ngày mồng một.,New Year's Day is the first day of the month.,5
1153,员工,yuán gōng,nhân công,labor,公司需要招聘新的员工。,Gōngsī xūyào zhāopìn xīn de yuángōng.,Công ty cần tuyển dụng nhân viên mới.,The company needs to recruit new employees.,5
1154,原料,yuán liào,nguyên liệu,ingredient,这道菜的原料很新鲜。,Zhè dào cài de yuánliào hěn xīnxiān.,Nguyên liệu của món ăn này rất tươi.,The ingredients of this dish are very fresh.,5
1155,原则,yuán zé,nguyên tắc,principle,我们需要遵守基本原则。,Wǒmen xūyào zūnshǒu jīběn yuánzé.,Chúng ta cần tuân thủ các nguyên tắc cơ bản.,We need to adhere to the basic principles.,5
1156,圆,yuán,hình tròn,circle,这张桌子是圆形的。,Zhè zhāng zhuōzi shì yuánxíng de.,Cái bàn này có hình tròn.,This table is round.,5
1157,愿望,yuàn wàng,nguyện vọng,aspiration,我们的愿望是世界和平。,Wǒmen de yuànwàng shì shìjiè hépíng.,Nguyện vọng của chúng tôi là hòa bình thế giới.,Our wish is world peace.,5
1158,乐器,yuè qì,nhạc cụ,musical instrument,她能演奏多种乐器。,Tā néng yǎnzòu duō zhǒng yuèqì.,Cô ấy có thể chơi nhiều loại nhạc cụ.,She can play many musical instruments.,5
1159,晕,yūn,say (xe),car sick,他因为晕车而感到不适。,Tā yīnwèi yūnchē ér gǎndào bùshì.,Anh ấy cảm thấy không khỏe vì say xe.,He felt unwell because of motion sickness.,5
1160,运气,yùn qì,vận may,luck,最近他的运气很好。,Zuìjìn tā de yùnqì hěn hǎo.,Gần đây vận may của anh ấy rất tốt.,His luck has been good lately.,5
1161,运输,yùn shū,vận tải,transport,这家公司专注于货物运输。,Zhè jiā gōngsī zhuānzhù yú huòwù yùnshū.,Công ty này chuyên về vận chuyển hàng hóa.,This company specializes in freight forwarding.,5
1162,运用,yùn yòng,vận dụng,manipulate,这个方法可以运用在不同的情况中。,Zhège fāngfǎ kěyǐ yùnyòng zài bùtóng de qíngkuàng zhōng.,Phương pháp này có thể áp dụng trong các tình huống khác nhau.,This method can be applied in different situations.,5
1163,灾害,zāi hài,thiên tai,natural disaster,这次的灾害造成了很多损失。,Zhè cì de zāihài zàochéngle hěn duō sǔnshī.,Thảm họa lần này đã gây ra nhiều thiệt hại.,This disaster has caused a lot of damage.,5
1164,再三,zài sān,hết lần này đến lần khác,time and time again,我们需要再三考虑这个问题。,Wǒmen xūyào zàisān kǎolǜ zhège wèntí.,Chúng ta cần cân nhắc vấn đề này nhiều lần.,We need to consider this issue many times.,5
1165,在乎,zài hū,để ý,notice,我非常在乎你的感受。,Wǒ fēicháng zàihu nǐ de gǎnshòu.,Tôi rất quan tâm đến cảm xúc của bạn.,I care about your feelings.,5
1166,在于,zài yú,ở chỗ,in place,关键在于如何处理这个问题。,Guānjiàn zàiyú rúhé chǔlǐ zhège wèntí.,Điểm quan trọng nằm ở cách xử lý vấn đề này.,The key is how you handle this problem.,5
1167,赞成,zàn chéng,tán thành,approved,我完全赞成你的观点。,Wǒ wánquán zànchéng nǐ de guāndiǎn.,Tôi hoàn toàn đồng ý với quan điểm của bạn.,I totally agree with your point.,5
1168,赞美,zàn měi,ca tụng,praise,他常常赞美别人的工作。,Tā chángcháng zànměi biérén de gōngzuò.,Anh ấy thường khen ngợi công việc của người khác.,He often compliments other people's work.,5
1169,糟糕,zāo gāo,tồi tệ,terrible,这个地方的情况非常糟糕。,Zhège dìfāng de qíngkuàng fēicháng zāogāo.,Tình hình ở nơi này rất tồi tệ.,The situation here is dire.,5
1170,造成,zào chéng,gây nên,cause,这次事故造成了严重的伤害。,Zhè cì shìgù zàochéngle yánzhòng de shānghài.,Tai nạn này đã gây ra những tổn thương nghiêm trọng.,This accident caused serious injuries.,5
1171,则,zé,nhưng,But,这个任务很难完成，他则不觉得。,"Zhège rènwù hěn nán wánchéng, tā zé bù juéde.","Nhiệm vụ này rất khó hoàn thành, nhưng anh ấy lại không nghĩ vậy.","This task is very difficult to complete, but he doesn't think so.",5
1172,责备,zé bèi,trách cứ,blame,她责备自己没有做好工作。,Tā zébèi zìjǐ méiyǒu zuò hǎo gōngzuò.,Cô ấy tự trách mình không hoàn thành công việc tốt.,She blamed herself for not doing a good job.,5
1173,摘,zhāi,hái,pick,我们要摘一些水果。,Wǒmen yào zhāi yīxiē shuǐguǒ.,Chúng ta cần hái một số trái cây.,We need to pick some fruit.,5
1174,窄,zhǎi,hẹp,narrow,这条路很窄，车子不能通过。,"Zhè tiáo lù hěn zhǎi, chēzi bùnéng tōngguò.","Con đường này rất hẹp, xe không thể đi qua được.",This road is so narrow that cars cannot pass through.,5
1175,粘贴,zhān tiē,"dính, dán",stick,请将这张纸粘贴在墙上。,Qǐng jiāng zhè zhāng zhǐ niántiē zài qiáng shàng.,Xin hãy dán tờ giấy này lên tường.,Please stick this paper on the wall.,5
1176,展开,zhǎn kāi,"xòe ra, triển khai","spread out, deploy",我们需要展开新的计划。,Wǒmen xūyào zhǎnkāi xīn de jìhuà.,Chúng ta cần triển khai kế hoạch mới.,We need to implement a new plan.,5
1177,展览,zhǎn lǎn,triển lãm,exhibition,这个展览吸引了很多游客。,Zhège zhǎnlǎn xīyǐnle hěn duō yóukè.,Triển lãm này thu hút nhiều du khách.,This exhibition attracts many visitors.,5
1178,占,zhàn,chiếm,occupy,这个地区占据了很大的面积。,Zhège dìqū zhànjùle hěn dà de miànjī.,Khu vực này chiếm một diện tích rất lớn.,This area covers a very large area.,5
1179,战争,zhàn zhēng,chiến tranh,war,战争给人民带来了巨大的痛苦。,Zhànzhēng gěi rénmín dàiláile jùdà de tòngkǔ.,Chiến tranh đã mang lại nỗi đau lớn cho nhân dân.,War has brought great pain to the people.,5
1180,长辈,zhǎng bèi,tiền bối,senior,我们应该尊敬长辈。,Wǒmen yīnggāi zūnjìng zhǎngbèi.,Chúng ta nên kính trọng người lớn tuổi.,We should respect our elders.,5
1181,涨,zhàng,"tăng lên (giá cả, lương)","increase (prices, wages)",价格上涨了很多。,Jiàgé zhǎngle hěn duō.,Giá đã tăng rất nhiều.,Prices have increased a lot.,5
1182,掌握,zhǎng wò,nắm vững,grasp,他掌握了这门技能。,Tā zhǎngwòle zhè mén jìnéng.,Anh ấy đã nắm vững kỹ năng này.,He has mastered this skill.,5
1183,账户,zhàng hù,tài khoản,account,请在账户上写下你的名字。,Qǐng zài zhànghù shàng xiě xià nǐ de míngzì.,Xin hãy viết tên của bạn trên tài khoản.,Please write your name on the account.,5
1184,招待,zhāo dài,chiêu đãi,treat,我们将在晚会上招待客人。,Wǒmen jiāng zài wǎnhuì shàng zhāodài kèrén.,Chúng tôi sẽ tiếp đãi khách mời tại bữa tiệc tối.,We will entertain guests at the dinner party.,5
1185,着火,zháo huǒ,"bắt lửa, bén lửa",catch fire,火灾导致了房屋的严重损毁。,Huǒzāi dǎozhìle fángwū de yánzhòng sǔnhuǐ.,Hỏa hoạn đã gây ra sự hủy hoại nghiêm trọng cho ngôi nhà.,The fire caused severe damage to the house.,5
1186,着凉,zháo liáng,nhiễm lạnh,cold,他感冒了，结果着凉了。,"Tā gǎnmào le, jiéguǒ zháoliáng le.",Anh ấy bị cảm và kết quả là bị lạnh.,He caught a cold and as a result was chilly.,5
1187,召开,zhào kāi,triệu tập (cuộc họp),convene (a meeting),我们将在下周召开会议。,Wǒmen jiāng zài xià zhōu zhàokāi huìyì.,Chúng tôi sẽ tổ chức cuộc họp vào tuần sau.,We will hold the meeting next week.,5
1188,照常,zhào cháng,như thường lệ,as usual,今天的工作会照常进行。,Jīntiān de gōngzuò huì zhàocháng jìnxíng.,Công việc hôm nay sẽ diễn ra như bình thường.,Work will proceed as usual today.,5
1189,哲学,zhé xué,triết học,philosophy,哲学是一门探讨人生和宇宙的学科。,Zhéxué shì yī mén tàntǎo rénshēng hé yǔzhòu de xuékē.,Triết học là một ngành học nghiên cứu về cuộc sống và vũ trụ.,Philosophy is a field of study that studies life and the universe.,5
1190,针对,zhēn duì,"nhằm (tổ chức, người, vấn đề)","aimed at (organization, person, problem)",我们需要针对这个问题制定解决方案。,Wǒmen xūyào zhēnduì zhège wèntí zhìdìng jiějué fāng'àn.,Chúng ta cần lập kế hoạch giải quyết vấn đề này.,We need to make a plan to solve this problem.,5
1191,珍惜,zhēn xī,trân trọng,best regards,我们应该珍惜每一刻时光。,Wǒmen yīnggāi zhēnxī měi yī kè shíguāng.,Chúng ta nên trân trọng từng khoảnh khắc.,We should cherish every moment.,5
1192,真实,zhēn shí,chân thực,authentic,他说的是事实，非常真实。,"Tā shuō de shì shìshí, fēicháng zhēnshí.","Những gì anh ấy nói là sự thật, rất chân thật.
","What he said was true, very true.",5
1193,诊断,zhěn duàn,chẩn đoán,diagnose,医生正在进行诊断。,Yīshēng zhèngzài jìnxíng zhěnduàn.,Bác sĩ đang tiến hành chẩn đoán.,The doctor is making a diagnosis.,5
1194,阵,zhèn,"trận (chiến đấu, chiến tranh), khoảng thời gian, mùi hương","battle, time, scent",阵雨可能在下午来临。,Zhènyǔ kěnéng zài xiàwǔ láilín.,Mưa rào có thể đến vào buổi chiều.,Showers may come in the afternoon.,5
1195,振动,zhèn dòng,trấn động,shock,手机的震动声打断了会议。,Shǒujī de zhèndòng shēng dǎduànle huìyì.,Tiếng rung của điện thoại đã làm gián đoạn cuộc họp.,The ringing of the phone interrupted the meeting.,5
1196,争论,zhēng lùn,tranh luận,debate,关于这个问题，有很多争论。,"Guānyú zhège wèntí, yǒu hěn duō zhēnglùn.","Về vấn đề này, có rất nhiều tranh cãi.",There is much controversy on this issue.,5
1197,争取,zhēng qǔ,"tranh thủ (ủng hộ, ý kiến)","gain (support, opinion)",我们要争取更多的机会。,Wǒmen yào zhēngqǔ gèng duō de jīhuì.,Chúng ta phải cố gắng giành thêm nhiều cơ hội hơn.,We must try to win more opportunities.,5
1198,征求,zhēng qiú,"trưng cầu (ý kiến, ý kiến phản hồi), xin (ý kiến lãnh đạo, đồng ý)","solicit (opinion, feedback), ask (leader's opinion, consent)",我们征求了大家的意见。,Wǒmen zhēngqiúle dàjiā de yìjiàn.,Chúng tôi đã thu thập ý kiến của mọi người.,We have collected everyone's opinions.,5
1199,睁,zhēng,"mở to mắt, trợn mắt","open eyes wide, roll eyes",请睁开眼睛看清楚。,Qǐng zhēng kāi yǎnjīng kàn qīngchǔ.,Xin hãy mở mắt ra để nhìn rõ.,Please open your eyes to see clearly.,5
1200,整个,zhěng gè,"cả, toàn bộ",whole,整个城市都被雪覆盖了。,Zhěnggè chéngshì dōu bèi xuě fùgàile.,Toàn bộ thành phố bị bao phủ bởi tuyết.,The whole city was covered in snow.,5
1201,整齐,zhěng qí,"gọn gàng, ngăn nắp",neat and tidy,他的房间非常整齐。,Tā de fángjiān fēicháng zhěngqí.,Phòng của anh ấy rất gọn gàng.,His room is very neat.,5
1202,整体,zhěng tǐ,tổng thể,overall,我们需要考虑整体方案。,Wǒmen xūyào kǎolǜ zhěngtǐ fāng'àn.,Chúng ta cần xem xét kế hoạch tổng thể.,We need to look at the overall plan.,5
1203,正,zhèng,đứng (trái ),stand (left),这篇文章正好符合要求。,Zhè piān wénzhāng zhènghǎo fúhé yāoqiú.,Bài viết này chính xác phù hợp với yêu cầu.,This article fits the bill exactly.,5
1204,证件,zhèng jiàn,giấy tờ,Papers,请出示你的证件。,Qǐng chūshì nǐ de zhèngjiàn.,Xin hãy xuất trình giấy tờ của bạn.,Please present your documents.,5
1205,证据,zhèng jù,chứng cứ,evidence,我们需要提供证据来支持我们的观点。,Wǒmen xūyào tígōng zhèngjù lái zhīchí wǒmen de guāndiǎn.,Chúng ta cần cung cấp chứng cứ để hỗ trợ quan điểm của mình.,We need to provide evidence to support our point of view.,5
1206,政府,zhèng fǔ,chính phủ,government,政府正在制定新的政策。,Zhèngfǔ zhèngzài zhìdìng xīn de zhèngcè.,Chính phủ đang xây dựng chính sách mới.,The government is formulating new policies.,5
1207,政治,zhèng zhì,chính trị,politics,政治问题很复杂。,Zhèngzhì wèntí hěn fùzá.,Các vấn đề chính trị rất phức tạp.,Political issues are complex.,5
1208,挣,zhèng,"tranh, giành",fight,他挣了很多钱。,Tā zhèngle hěn duō qián.,Anh ấy đã kiếm được nhiều tiền.,He made a lot of money.,5
1209,支,zhī,chiếc (lượng từ cho bút…),pen,这支笔很好用。,Zhè zhī bǐ hěn hǎo yòng.,"Cây bút này rất dễ sử dụng.
",This pen is very easy to use.,5
1210,支票,zhī piào,ngân phiếu,check,请把这笔支票填好。,Qǐng bǎ zhè bǐ zhīpiào tián hǎo.,Xin hãy điền vào tờ séc này.,Please fill out this check.,5
1211,执照,zhí zhào,giấy phép,license,这个执照是有效的。,Zhège zhízhào shì yǒuxiào de.,Giấy phép này là hợp lệ.,This license is valid.,5
1212,直,zhí,thẳng,straight,这条路很直。,Zhè tiáo lù hěn zhí.,Con đường này rất thẳng.,This road is very straight.,5
1213,指导,zhǐ dǎo,chỉ đạo,Direct,经理将指导你完成任务。,Jīnglǐ jiāng zhǐdǎo nǐ wánchéng rènwù.,Quản lý sẽ hướng dẫn bạn hoàn thành nhiệm vụ.,The manager will guide you through the task.,5
1214,指挥,zhǐ huī,chỉ huy,command,指挥家正在指挥乐团演奏。,Zhǐhuī jiā zhèngzài zhǐhuī yuètuán yǎnzòu.,Nhạc trưởng đang chỉ huy dàn nhạc biểu diễn.,The conductor is conducting the orchestra.,5
1215,至今,zhì jīn,đến nay,so far,他至今还记得那个瞬间。,Tā zhìjīn hái jìdé nàgè shùnjiān.,Anh ấy đến giờ vẫn nhớ khoảnh khắc đó.,He still remembers that moment to this day.,5
1216,至于,zhì yú,còn như…..,like…..,这件事情至于你能否参加会议。,Zhè jiàn shìqíng zhìyú nǐ néngfǒu cānjiā huìyì.,Vấn đề này phụ thuộc vào việc bạn có thể tham dự cuộc họp không.,This depends on whether you can attend the meeting.,5
1217,志愿者,zhì yuàn zhě,tình nguyện viên,volunteer,她是一个热心的志愿者。,Tā shì yīgè rèxīn de zhìyuànzhě.,Cô ấy là một tình nguyện viên nhiệt tình.,She is an enthusiastic volunteer.,5
1218,制定,zhì dìng,"lập ra, thiết lập, xây dựng, lập (chính sách, qui định, kế hoạch, sách lược, phương án)","establish, establish, build, establish (policies, regulations, plans, strategies, schemes)",我们需要制定详细的计划。,Wǒmen xūyào zhìdìng xiángxì de jìhuà.,Chúng ta cần lập kế hoạch chi tiết.,We need to plan in detail.,5
1219,制度,zhì dù,"chế độ, chính sách","regime, policy",这个制度需要改进。,Zhège zhìdù xūyào gǎijìn.,Hệ thống này cần được cải thiện.,This system needs improvement.,5
1220,制造,zhì zào,sản xuất,manufacture,这家公司专注于制造电子产品。,Zhè jiā gōngsī zhuānzhù yú zhìzào diànzǐ chǎnpǐn.,Công ty này chuyên về sản xuất các sản phẩm điện tử.,This company specializes in manufacturing electronic products.,5
1221,制作,zhì zuò,"làm, chế tạo","make, manufacture",我们正在制作一个新的视频。,Wǒmen zhèngzài zhìzuò yīgè xīn de shìpín.,Chúng tôi đang sản xuất một video mới.,We are producing a new video.,5
1222,治疗,zhì liáo,điều trị,treatment,这个药可以治疗你的病。,Zhège yào kěyǐ zhìliáo nǐ de bìng.,Thuốc này có thể chữa trị bệnh của bạn.,This medicine can cure your disease.,5
1223,秩序,zhì xù,trật tự,order,维持社会的秩序很重要。,Wéichí shèhuì de zhìxù hěn zhòngyào.,Duy trì trật tự xã hội rất quan trọng.,Maintaining social order is very important.,5
1224,智慧,zhì huì,trí tuệ,intelligence,他以智慧解决了这个难题。,Tā yǐ zhìhuì jiějuéle zhège nántí.,Anh ấy đã giải quyết vấn đề khó khăn bằng trí tuệ.,He solved the difficult problem with intelligence.,5
1225,中介,zhōng jiè,"môi giới, trung gian","broker, intermediary",他是一个有经验的中介。,Tā shì yīgè yǒu jīngyàn de zhōngjiè.,Anh ấy là một trung gian có kinh nghiệm.,He is an experienced broker.,5
1226,中心,zhōng xīn,trung tâm,center,这个中心的服务很到位。,Zhège zhōngxīn de fúwù hěn dào wèi.,Dịch vụ của trung tâm này rất tốt.,The service of this center is very good.,5
1227,中旬,zhōng xún,trung tuần,midweek,会议将在中旬举行。,Huìyì jiāng zài zhōngxún jǔxíng.,Cuộc họp sẽ diễn ra vào giữa tháng.,The meeting will take place in the middle of the month.,5
1228,种类,zhǒng lèi,chủng loại,generic,这家超市有很多种类的商品。,Zhè jiā chāoshì yǒu hěn duō zhǒnglèi de shāngpǐn.,Siêu thị này có nhiều loại hàng hóa khác nhau.,This supermarket has a wide variety of goods.,5
1229,重大,zhòng dà,"trọng đại, lớn",major,这是一个重大项目。,Zhè shì yīgè zhòngdà xiàngmù.,Đây là một dự án quan trọng.,This is an important project.,5
1230,重量,zhòng liàng,trọng lượng,weight,这个箱子的重量很大。,Zhège xiāngzi de zhòngliàng hěn dà.,Trọng lượng của cái hộp này rất nặng.,The weight of this box is very heavy.,5
1231,周到,zhōu dào,chu đáo,thoughtful,她对每一件事情都考虑得很周到。,Tā duì měi yī jiàn shìqíng dōu kǎolǜ dé hěn zhōudào.,Cô ấy xem xét mọi việc rất chu đáo.,She considers everything very carefully.,5
1232,猪,zhū,con lợn,pig,那只猪非常肥胖。,Nà zhī zhū fēicháng féipàng.,Con heo đó rất béo.,That pig is very fat.,5
1233,竹子,zhú zi,cây trúc,bamboo,竹子是一种非常有用的植物。,Zhúzi shì yī zhǒng fēicháng yǒuyòng de zhíwù.,Tre là một loại cây rất hữu ích.,Bamboo is a very useful plant.,5
1234,逐步,zhú bù,từng bước,step by step,他们的计划是逐步实施的。,Tāmen de jìhuà shì zhúbù shíshī de.,Kế hoạch của họ sẽ được thực hiện từng bước.,Their plan will be carried out step by step.,5
1235,逐渐,zhú jiàn,dần dần,gradually,这个问题会逐渐解决的。,Zhège wèntí huì zhújiàn jiějué de.,Vấn đề này sẽ được giải quyết dần dần.,This problem will be solved gradually.,5
1236,主持,zhǔ chí,"dẫn (chương trình),","lead (program),",主持人正在主持会议。,Zhǔchí rén zhèngzài zhǔchí huìyì.,Người dẫn chương trình đang điều hành cuộc họp.,The moderator is running the meeting.,5
1237,主动,zhǔ dòng,chủ động,proactive,她总是主动帮助别人。,Tā zǒng shì zhǔdòng bāngzhù biérén.,Cô ấy luôn chủ động giúp đỡ người khác.,She always takes the initiative to help others.,5
1238,主观,zhǔ guān,chủ quan,subjective,这是一个主观的问题。,Zhè shì yīgè zhǔguān de wèntí.,Đây là một vấn đề chủ quan.,This is a subjective matter.,5
1239,主人,zhǔ rén,chủ nhân,owner,这位先生是我们的主人。,Zhè wèi xiānshēng shì wǒmen de zhǔrén.,Người đàn ông này là chủ của chúng tôi.,This man is our boss.,5
1240,主任,zhǔ rèn,chủ nhiệm,Head of Department,他是这个项目的主任。,Tā shì zhège xiàngmù de zhǔrèn.,Anh ấy là trưởng dự án này.,He is the head of this project.,5
1241,主题,zhǔ tí,chủ đề,topic,主题是环保。,Zhǔtí shì huánbǎo.,Chủ đề là bảo vệ môi trường.,The theme is environmental protection.,5
1242,主席,zhǔ xí,chủ tịch,chairperson,主席正在发言。,Zhǔxí zhèngzài fāyán.,Chủ tịch đang phát biểu.,The president is speaking.,5
1243,主张,zhǔ zhāng,"ý tưởng, ý kiến","idea, opinion",我们主张保护环境。,Wǒmen zhǔzhāng bǎohù huánjìng.,Chúng tôi chủ trương bảo vệ môi trường.,We advocate environmental protection.,5
1244,煮,zhǔ,"luộc, đun",boil,我们需要煮一些水。,Wǒmen xūyào zhǔ yīxiē shuǐ.,Chúng ta cần đun sôi một ít nước.,We need to boil some water.,5
1245,注册,zhù cè,đăng kí,register,请注册你的账户。,Qǐng zhùcè nǐ de zhànghù.,Xin hãy đăng ký tài khoản của bạn.,Please register your account.,5
1246,祝福,zhù fú,chúc phúc,bless,我祝福你们幸福快乐。,Wǒ zhùfú nǐmen xìngfú kuàilè.,Tôi chúc các bạn hạnh phúc và vui vẻ.,I wish you happiness and joy.,5
1247,抓,zhuā,"bắt, véo","catch, pinch",他用力抓住了绳子。,Tā yòng lì zhuāzhùle shéngzi.,Anh ấy nắm chặt sợi dây.,He held the rope tightly.,5
1248,抓紧,zhuā jǐn,"(tay) nắm chắc, tranh thủ (thời gian)","(hand) hold tight, seize (time)",请抓紧时间完成任务。,Qǐng zhuā jǐn shíjiān wánchéng rènwù.,Xin hãy tranh thủ thời gian để hoàn thành nhiệm vụ.,Please take your time to complete the task.,5
1249,专家,zhuān jiā,chuyên gia,expert,他是一位专家。,Tā shì yī wèi zhuānjiā.,Anh ấy là một chuyên gia.,He is an expert.,5
1250,专心,zhuān xīn,chuyên tâm,dedicated,你要专心听讲。,Nǐ yào zhuānxīn tīng jiǎng.,Bạn cần tập trung nghe giảng.,You need to concentrate on listening to the lecture.,5
1251,转变,zhuǎn biàn,chuyển biến,transformation,这次转变对公司很重要。,Zhè cì zhuǎnbiàn duì gōngsī hěn zhòngyào.,Sự thay đổi lần này rất quan trọng đối với công ty.,This change is very important for the company.,5
1252,转告,zhuǎn gào,chuyển lời,relay,我会把这个消息转告给你。,Wǒ huì bǎ zhège xiāoxī zhuǎngào gěi nǐ.,Tôi sẽ chuyển thông tin này cho bạn.,I will forward this information to you.,5
1253,装,zhuāng,"đựng, chứa",contain,她正在装行李。,Tā zhèngzài zhuāng xínglǐ.,"Cô ấy đang đóng gói hành lý.
",She is packing her luggage.,5
1254,装饰,zhuāng shì,"trang hoàng, trang trí",decorate,她在房间里做了很多装饰。,Tā zài fángjiān lǐ zuòle hěn duō zhuāngshì.,Cô ấy đã làm rất nhiều trang trí trong phòng.,She did a lot of decoration in the room.,5
1255,装修,zhuāng xiū,sửa nội thất,interior repair,我们正在装修房子。,Wǒmen zhèngzài zhuāngxiū fángzi.,Chúng tôi đang sửa sang căn nhà.,We are renovating the house.,5
1256,状况,zhuàng kuàng,tình trạng,status,他的健康状况很好。,Tā de jiànkāng zhuàngkuàng hěn hǎo.,Tình trạng sức khỏe của anh ấy rất tốt.,His health is very good.,5
1257,状态,zhuàng tài,trạng thái,status,目前的状态不是很理想。,Mùqián de zhuàngtài bù shì hěn lǐxiǎng.,Tình trạng hiện tại không được lý tưởng lắm.,The current situation is not ideal.,5
1258,撞,zhuàng,"va vào, đâm vào",crash into,他不小心撞到了墙。,Tā bù xiǎoxīn zhuàng dào le qiáng.,Anh ấy vô tình đâm vào tường.,He accidentally bumped into the wall.,5
1259,追,zhuī,đuổi theo,chase,他在追一辆公共汽车。,Tā zài zhuī yī liàng gōnggòng qìchē.,"Anh ấy đang đuổi theo một chiếc xe buýt.
",He is chasing a bus.,5
1260,追求,zhuī qiú,theo đuổi,pursue,她一直在追求自己的梦想。,Tā yīzhí zài zhuīqiú zìjǐ de mèngxiǎng.,Cô ấy luôn theo đuổi ước mơ của mình.,She always pursues her dreams.,5
1261,咨询,zī xún,tư vấn,advise,我们需要咨询专家的意见。,Wǒmen xūyào zīxún zhuānjiā de yìjiàn.,Chúng ta cần tham khảo ý kiến của chuyên gia.,We need to consult an expert.,5
1262,姿势,zī shì,tư thế,posture,你的姿势很优雅。,Nǐ de zīshì hěn yōuyǎ.,Tư thế của bạn rất duyên dáng.,Your posture is very graceful.,5
1263,资格,zī gé,tư cách,capacity,这个职位需要一定的资格。,Zhège zhíwèi xūyào yīdìng de zīgé.,Vị trí này yêu cầu một số bằng cấp nhất định.,This position requires certain qualifications.,5
1264,资金,zī jīn,vốn (tiền),capital (money),我们需要更多的资金。,Wǒmen xūyào gèng duō de zījīn.,Chúng ta cần nhiều vốn hơn.,We need more capital.,5
1265,资料,zī liào,tư liệu,Documents,这些资料非常重要。,Zhèxiē zīliào fēicháng zhòngyào.,Những tài liệu này rất quan trọng.,These documents are very important.,5
1266,资源,zī yuán,nguồn tài nguyên,resources,这个国家资源丰富。,Zhège guójiā zīyuán fēngfù.,Quốc gia này có tài nguyên phong phú.,This country is rich in resources.,5
1267,紫,zǐ,màu tím,purple,她穿了一件紫色的裙子。,Tā chuānle yī jiàn zǐsè de qúnzi.,Cô ấy mặc một chiếc váy màu tím.,She is wearing a purple dress.,5
1268,自从,zì cóng,từ khi….,since….,自从那次事故以后，她变得很小心。,"Zìcóng nà cì shìgù yǐhòu, tā biàn dé hěn xiǎoxīn.","Kể từ sau vụ tai nạn đó, cô ấy trở nên rất cẩn thận.","Since that accident, she has become very careful.",5
1269,自动,zì dòng,tự động,automatic,这个机器是自动的。,Zhège jīqì shì zìdòng de.,Cái máy này là tự động.,This machine is automatic.,5
1270,自豪,zì háo,"tự hào, kiêu ngạo","proud, arrogant",他为自己的成功感到自豪。,Tā wèi zìjǐ de chénggōng gǎndào zìháo.,Anh ấy cảm thấy tự hào về thành công của mình.,He feels proud of his success.,5
1271,自觉,zì jué,tự giác,self-aware,你应该自觉遵守规定。,Nǐ yīnggāi zìjué zūnshǒu guīdìng.,Bạn nên tự giác tuân thủ các quy định.,You should voluntarily comply with the regulations.,5
1272,自私,zì sī,ích kỉ,selfish,他有点儿自私。,Tā yǒudiǎn er zìsī.,Anh ấy hơi ích kỷ.,He is a bit selfish.,5
1273,自由,zì yóu,tự do,free,在这个国家，人们享有自由。,"Zài zhège guójiā, rénmen xiǎngyǒu zìyóu.","Ở quốc gia này, người dân có quyền tự do.","In this country, people have freedom.",5
1274,自愿,zì yuàn,"tình nguyện, tự nguyện",volunteer,她自愿参加志愿者活动。,Tā zìyuàn cānjiā zhìyuàn zhě huódòng.,Cô ấy tình nguyện tham gia các hoạt động tình nguyện.,She volunteers to participate in volunteer activities.,5
1275,字母,zì mǔ,chữ cái,alphabet,英文的字母有二十六个。,Yīngwén de zìmǔ yǒu èrshíliù gè.,Bảng chữ cái tiếng Anh có 26 chữ cái.,The English alphabet has 26 letters.,5
1276,字幕,zì mù,phụ đề,caption,电影有中文字幕。,Diànyǐng yǒu zhōngwén zìmù.,Bộ phim có phụ đề tiếng Trung.,The movie has Chinese subtitles.,5
1277,综合,zōng hé,tổng hợp,synthetic,这次考试的内容是综合的。,Zhè cì kǎoshì de nèiróng shì zōnghé de.,Nội dung của kỳ thi này là tổng hợp.,The content of this exam is comprehensive.,5
1278,总裁,zǒng cái,giám đốc,manager,他是公司的总裁。,Tā shì gōngsī de zǒngcái.,Anh ấy là tổng giám đốc của công ty.,He is the general manager of the company.,5
1279,总共,zǒng gòng,tổng cộng,total,总共需要三天完成这个任务。,Zǒnggòng xūyào sān tiān wánchéng zhège rènwù.,Tổng cộng cần ba ngày để hoàn thành nhiệm vụ này.,It took three days in total to complete this task.,5
1280,总理,zǒng lǐ,thủ tướng,prime minister,总理发表了讲话。,Zǒnglǐ fābiǎole jiǎnghuà.,Thủ tướng đã phát biểu.,The Prime Minister has spoken.,5
1281,总算,zǒng suàn,rốt cuộc,finally,他总算找到了工作。,Tā zǒngsuàn zhǎodàole gōngzuò.,Cuối cùng anh ấy đã tìm được công việc.,He finally found a job.,5
1282,总统,zǒng tǒng,tổng thống,president,总统今天将发表演讲。,Zǒngtǒng jīntiān jiāng fābiǎo yǎnjiǎng.,Tổng thống sẽ phát biểu hôm nay.,The president will speak today.,5
1283,总之,zǒng zhī,tóm lại,In short,总之，我们要好好努力。,"Zǒngzhī, wǒmen yào hǎohǎo nǔlì.","Nói chung, chúng ta phải nỗ lực làm việc tốt.","In general, we must strive to do good.",5
1284,阻止,zǔ zhī,"ngăn chặn, ngăn cản","prevent, prevent",他们试图阻止这项计划。,Tāmen shìtú zǔzhǐ zhè xiàng jìhuà.,Họ đã cố gắng ngăn chặn kế hoạch này.,They tried to stop this plan.,5
1285,组,zǔ,"tổ, cụm, nhóm",group,我们组成了一个团队。,Wǒmen zǔchéngle yī gè tuánduì.,"Chúng tôi đã thành lập một đội.
",We formed a team.,5
1286,组成,zǔ chéng,tổ thành,composition,这两个部分组成了一个整体。,Zhè liǎng gè bùfen zǔchéngle yīgè zhěngtǐ.,Hai phần này tạo thành một tổng thể.,These two parts form a whole.,5
1287,组合,zǔ hé,"tổ hợp, tổ hợp thành, nhóm",group,我们需要一个合理的组合。,Wǒmen xūyào yīgè hélǐ de zǔhé.,Chúng ta cần một sự kết hợp hợp lý.,We need a reasonable combination.,5
1288,组织,zǔ zhī,tổ chức,organization,他们组织了一个大型活动。,Tāmen zǔzhīle yīgè dàxíng huódòng.,Họ đã tổ chức một sự kiện lớn.,They held a big event.,5
1289,最初,zuì chū,ban đầu,initial,这是最初的设计方案。,Zhè shì zuìchū de shèjì fāng'àn.,Đây là kế hoạch thiết kế ban đầu.,This is the original design plan.,5
1290,醉,zuì,"say, say đắm",drunk,他喝酒后会很容易醉。,Tā hējiǔ hòu huì hěn róngyì zuì.,Anh ấy dễ say sau khi uống rượu.,He gets drunk easily after drinking alcohol.,5
1291,尊敬,zūn jìng,"tôn kính, kính trọng",respect,我们应该尊敬每一个人。,Wǒmen yīnggāi zūnjìng měi yīgè rén.,Chúng ta nên tôn trọng mỗi người.,We should respect each other.,5
1292,遵守,zūn shǒu,tuân thủ,follow,请遵守交通规则。,Qǐng zūnshǒu jiāotōng guīzé.,Xin hãy tuân thủ các quy tắc giao thông.,Please obey traffic rules.,5
1293,作品,zuò pǐn,tác phẩm,work,这部小说是他的最新作品。,Zhè bù xiǎoshuō shì tā de zuìxīn zuòpǐn.,Cuốn tiểu thuyết này là tác phẩm mới nhất của anh ấy.,This novel is his latest work.,5
1294,作为,zuò wéi,"coi là, làm, là","consider, do, is",作为老师，他很有责任心。,"Zuòwéi lǎoshī, tā hěn yǒu zérèn xīn.","Với tư cách là giáo viên, anh ấy rất có trách nhiệm.","As a teacher, he is very responsible.",5
1295,作文,zuò wén,bài viết,article,我们需要写一篇作文。,Wǒmen xūyào xiě yī piān zuòwén.,Chúng ta cần viết một bài văn.,We need to write an essay.,5
1,哎哟,āi yōu,ái chà,wow,哎哟，这个问题真是让人头疼。,"āiyō, zhè gè wèntí zhēn shì ràng rén tóuténg.","Ôi chao, vấn đề này thật là nhức đầu.","Oh my, this problem is really a headache.",6
2,挨,ái,"chịu đựng, bị","endure, be",他每天都要挨饿。,tā měitiān dōu yào āi è.,Anh ấy phải chịu đói mỗi ngày.,He has to go hungry every day.,6
3,癌症,ái zhèng,ung thư,cancer,她不幸患上了癌症。,tā bùxìng huàn shàng le áizhèng.,Cô ấy không may mắc bệnh ung thư.,She unfortunately has cancer.,6
4,爱不释手,ài bù shì shǒu,yêu không rời tay,love can not let go,这本书让他爱不释手。,zhè běn shū ràng tā àibùshìshǒu.,Cuốn sách này làm anh ấy không thể rời tay.,This book kept him glued to his hands.,6
5,爱戴,ài dài,"yêu mến, kính trọng","love, respect",他深受大家的爱戴。,tā shēn shòu dàjiā de àidài.,Anh ấy được mọi người yêu mến.,He is loved by everyone.,6
6,暧昧,ài mèi,"mập mờ, không rõ ràng","vague, unclear",他们之间的关系有点暧昧。,tāmen zhījiān de guānxì yǒu diǎn àimèi.,Mối quan hệ giữa họ có chút mờ ám.,Their relationship is a bit shady.,6
7,安居乐业,ān jū lè yè,an cư lạc nghiệp,settle down,他们在这里安居乐业。,tāmen zài zhèlǐ ānjūlèyè.,Họ sống an cư lạc nghiệp ở đây.,They live in peace and prosperity here.,6
8,安宁,ān níng,yên bình,peaceful,她喜欢安宁的生活。,tā xǐhuān ānníng de shēnghuó.,Cô ấy thích cuộc sống yên bình.,She likes a peaceful life.,6
9,安详,ān xiáng,"bình thản, điềm tĩnh","calm, composed",他总是表现得很安详。,tā zǒng shì biǎoxiàn de hěn ānxiáng.,Anh ấy luôn tỏ ra rất điềm tĩnh.,He always appears very calm.,6
10,安置,ān zhì,"sắp xếp, bố trí",arrange,我们需要为他们安置住房。,wǒmen xūyào wèi tāmen ānzhì zhùfáng.,Chúng ta cần sắp xếp chỗ ở cho họ.,We need to arrange accommodation for them.,6
11,案件,àn jiàn,vụ án,case,这个案件非常复杂。,zhè gè ànjiàn fēicháng fùzá.,Vụ án này rất phức tạp.,This case is very complicated.,6
12,案例,àn lì,"trường hợp, ví dụ","case, example",这个案例很有参考价值。,zhè gè ànlì hěn yǒu cānkǎo jiàzhí.,Trường hợp này rất có giá trị tham khảo.,This case is very valuable reference.,6
13,按摩,àn mó,mát xa,massage,她每周都会去按摩。,tā měi zhōu dū huì qù ànmó.,Cô ấy đi mát-xa mỗi tuần.,She goes for a massage every week.,6
14,暗示,àn shì,"ám hiệu, gợi ý",hint,他暗示我应该努力工作。,tā ànshì wǒ yīnggāi nǔlì gōngzuò.,Anh ấy gợi ý tôi nên làm việc chăm chỉ.,He suggested that I should work hard.,6
15,昂贵,áng guì,đắt đỏ,expensive,这块手表非常昂贵。,zhè kuài shǒubiǎo fēicháng ángguì.,Chiếc đồng hồ này rất đắt tiền.,This watch is very expensive.,6
16,凹凸,āo tū,lồi lõm,rough,这条路很凹凸不平。,zhè tiáo lù hěn āotū bù píng.,Con đường này rất gồ ghề.,This road is very rough.,6
17,熬,áo,"nấu, chịu đựng","cook, endure",她在厨房里熬了整夜。,tā zài chúfáng lǐ áo le zhěng yè.,Cô ấy đã nấu nướng cả đêm trong bếp.,She cooked all night in the kitchen.,6
18,奥秘,ào mì,"bí mật, huyền bí","secret, mysterious",这个问题充满了奥秘。,zhè gè wèntí chōngmǎn le àomì.,Vấn đề này đầy bí ẩn.,This issue is full of mystery.,6
19,扒,bā,"cào, móc, kéo","scratch, hook, pull",他用力扒开了门。,tā yònglì bā kāi le mén.,Anh ấy đã cố gắng mở cửa.,He tried to open the door.,6
20,疤,bā,vết sẹo,scar,他脸上的疤很明显。,tā liǎn shàng de bā hěn míngxiǎn.,Vết sẹo trên mặt anh ấy rất rõ.,The scar on his face is very obvious.,6
21,巴不得,bā bu de,"nóng lòng, mong mỏi","eager, eager",我巴不得快点放假。,wǒ bābudé kuài diǎn fàngjià.,Tôi mong muốn nhanh chóng được nghỉ.,I look forward to a quick break.,6
22,巴结,bā jié,"nịnh nọt, xu nịnh",flattery,他总是喜欢巴结老板。,tā zǒng shì xǐhuān bājié lǎobǎn.,Anh ấy luôn thích nịnh nọt sếp.,He always likes to flatter his boss.,6
23,拔苗助长,bá miáo zhù zhǎng,đốt cháy giai đoạn,burn stages,这样做只会拔苗助长。,zhèyàng zuò zhǐ huì bámiáozhùzhǎng.,Làm như vậy chỉ là hại nhiều hơn lợi.,Doing so is more harmful than beneficial.,6
24,把关,bǎ guān,"trông coi, bảo vệ","look after, protect",我们要严格把关质量。,wǒmen yào yángé bǎguān zhìliàng.,Chúng ta phải kiểm soát chất lượng nghiêm ngặt.,We must have strict quality control.,6
25,把手,bǎ shǒu,"tay cầm, tay nắm","handle, grip",这个杯子的把手坏了。,zhè gè bēizi de bǎshǒu huài le.,Tay cầm của cái cốc này bị hỏng rồi.,The handle of this cup is broken.,6
26,把戏,bǎ xì,"trò biểu diễn, trò ảo thuật",magic show,他总是喜欢耍把戏。,tā zǒng shì xǐhuān shuǎ bǎxì.,Anh ấy luôn thích biểu diễn trò ảo thuật.,He always enjoyed performing magic tricks.,6
27,霸道,bà dào,"bá đạo, hung hăng","domineering, aggressive",他的性格有点霸道。,tā de xìnggé yǒu diǎn bàdào.,Tính cách của anh ấy hơi độc đoán.,His personality is a bit domineering.,6
28,罢工,bà gōng,đình công,strike,工人们决定罢工。,gōngrénmen juédìng bàgōng.,Công nhân quyết định đình công.,The workers decided to go on strike.,6
29,掰,bāi,bẻ gãy,break,他用力掰开了苹果。,tā yònglì bāi kāi le píngguǒ.,Anh ấy dùng lực tách quả táo ra.,He used force to separate the apple.,6
30,百分点,bǎi fēn diǎn,điểm phần trăm,percentage points,他的成绩提高了百分之一。,tā de chéngjī tígāo le bǎifēnzhī yī.,Thành tích của anh ấy đã tăng lên 1%.,His performance increased by 1%.,6
31,摆脱,bǎi tuō,thoát khỏi,escape,我终于摆脱了这个麻烦。,wǒ zhōngyú bǎituō le zhè gè máfan.,Cuối cùng tôi đã thoát khỏi rắc rối này.,I finally got out of this trouble.,6
32,拜访,bài fǎng,thăm hỏi,visit,我们去拜访了老朋友。,wǒmen qù bàifǎng le lǎo péngyǒu.,Chúng tôi đã đi thăm người bạn cũ.,We went to visit an old friend.,6
33,败坏,bài huài,"phá hoại, làm hỏng","destroy, damage",他的行为败坏了公司的名声。,tā de xíngwéi bàihuài le gōngsī de míngshēng.,Hành vi của anh ấy đã làm hỏng danh tiếng của công ty.,His behavior has damaged the company's reputation.,6
34,拜年,bài nián,chúc Tết,wish a Happy New Year,新年时，我们要去拜年。,"xīnnián shí, wǒmen yào qù bàinián.","Vào dịp Tết, chúng tôi phải đi chúc Tết.","On Tet holiday, we have to go to wish Tet.",6
35,拜托,bài tuō,nhờ vả,ask for help,请你拜托他把文件送来。,qǐng nǐ bàituō tā bǎ wénjiàn sòng lái.,Xin nhờ anh ấy mang tài liệu tới.,Please ask him to bring the documents.,6
36,颁布,bān bù,ban hành,promulgate,政府颁布了新的法律。,zhèngfǔ bānbù le xīn de fǎlǜ.,Chính phủ đã ban hành luật mới.,The government has issued new laws.,6
37,颁发,bān fā,trao tặng,give,他们获得了奖状。,tāmen huòdé le jiǎngzhuàng.,Họ đã nhận được bằng khen.,They received the award.,6
38,斑纹,bān wén,"hoa văn, vằn","pattern, stripe",这个动物有很漂亮的斑纹。,zhè gè dòngwù yǒu hěn piàoliang de bānwén.,Con vật này có những vằn rất đẹp.,This animal has beautiful stripes.,6
39,版本,bǎn běn,phiên bản,version,我们需要更新这个版本的应用程序。,wǒmen xūyào gēngxīn zhè gè bǎnběn de yìngyòng chéngxù.,Chúng ta cần cập nhật phiên bản ứng dụng này.,We need to update this application version.,6
40,伴侣,bàn lǚ,bạn đời,life partner,他是我的最佳伴侣。,tā shì wǒ de zuìjiā bànlǚ.,Anh ấy là người bạn đồng hành tốt nhất của tôi.,He is my best companion.,6
41,伴随,bàn suí,"đi cùng, đi kèm","go along, accompany",这件事总是伴随麻烦。,zhè jiàn shì zǒng shì bànsuí máfan.,Việc này luôn đi kèm với rắc rối.,This always comes with its own set of problems.,6
42,半途而废,bàn tú ér fèi,bỏ dở giữa chừng,leave halfway,他总是半途而废。,tā zǒng shì bàntú'érfèi.,Anh ấy luôn bỏ cuộc giữa chừng.,He always gives up halfway.,6
43,扮演,bàn yǎn,đóng vai,role play,他在电影中扮演了一个重要角色。,tā zài diànyǐng zhōng bànyǎn le yī gè zhòngyào juésè.,Anh ấy đóng vai một nhân vật quan trọng trong phim.,He plays an important character in the movie.,6
44,绑架,bǎng jià,bắt cóc,kidnap,那个罪犯绑架了一个小孩。,nà gè zuìfàn bǎngjià le yī gè xiǎohái.,Tên tội phạm đã bắt cóc một đứa trẻ.,The criminal kidnapped a child.,6
45,榜样,bǎng yàng,"tấm gương, mẫu mực",role model,他是我们学习的榜样。,tā shì wǒmen xuéxí de bǎngyàng.,Anh ấy là tấm gương để chúng tôi học tập.,He is an example for us to learn from.,6
46,磅,bàng,pound (đơn vị đo lường),pound (unit of measurement),这个盒子重达十磅。,zhè gè hézi zhòng dá shí bàng.,Chiếc hộp này nặng tới mười cân Anh.,This box weighs ten pounds.,6
47,包庇,bāo bì,"che giấu, bao che","conceal, cover up",他试图包庇他的朋友。,tā shìtú bāobì tā de péngyǒu.,Anh ấy cố gắng bao che cho bạn của mình.,He tried to cover for his friend.,6
48,包袱,bāo fu,gánh nặng,burden,我们需要解决这个问题的包袱。,wǒmen xūyào jiějué zhè gè wèntí de bāofu.,Chúng ta cần giải quyết gánh nặng của vấn đề này.,We need to address the burden of this problem.,6
49,包围,bāo wéi,bao vây,enclosure,敌人已经包围了城市。,dírén yǐjīng bāowéi le chéngshì.,Kẻ địch đã bao vây thành phố.,The enemy has surrounded the city.,6
50,包装,bāo zhuāng,đóng gói,pack,我需要包装这些礼物。,wǒ xūyào bāozhuāng zhèxiē lǐwù.,Tôi cần gói những món quà này.,I need to wrap these gifts.,6
51,保管,bǎo guǎn,bảo quản,preserve,请保管好你的贵重物品。,qǐng bǎoguǎn hǎo nǐ de guìzhòng wùpǐn.,Hãy giữ gìn cẩn thận những vật dụng quý giá của bạn.,Take good care of your valuables.,6
52,饱和,bǎo hé,bão hòa,saturated,这个市场已经饱和了。,zhè gè shìchǎng yǐjīng bǎohé le.,Thị trường này đã bão hòa rồi.,This market is already saturated.,6
53,饱经沧桑,bǎo jīng cāng sāng,trải qua nhiều thăng trầm,go through many ups and downs,他饱经沧桑，经历了许多困难。,"tā bǎojīngcāngsāng, jīnglì le xǔduō kùnnán.",Anh ấy đã trải qua nhiều thăng trầm và khó khăn.,He has gone through many ups and downs and hardships.,6
54,保密,bǎo mì,giữ bí mật,keep secret,这个文件需要保密。,zhè gè wénjiàn xūyào bǎomì.,Tài liệu này cần được bảo mật.,This document must be kept confidential.,6
55,保姆,bǎo mǔ,bảo mẫu,nanny,我请了一位保姆来照顾孩子。,wǒ qǐng le yī wèi bǎomǔ lái zhàogù háizi.,Tôi thuê một người giúp việc để chăm sóc con cái.,I hired a maid to take care of the children.,6
56,保守,bǎo shǒu,bảo thủ,conservative,他是一个非常保守的人。,tā shì yī gè fēicháng bǎoshǒu de rén.,Anh ấy là một người rất bảo thủ.,He is a very conservative person.,6
57,保卫,bǎo wèi,bảo vệ,protect,我们要保卫我们的家园。,wǒmen yào bǎowèi wǒmen de jiāyuán.,Chúng ta phải bảo vệ quê hương của mình.,We must protect our homeland.,6
58,保养,bǎo yǎng,bảo dưỡng,maintenance,她每天都花时间保养皮肤。,tā měitiān dōu huā shíjiān bǎoyǎng pífū.,Cô ấy dành thời gian chăm sóc da mỗi ngày.,She spends time taking care of her skin every day.,6
59,保障,bǎo zhàng,bảo đảm,warrant,政府采取措施保障人民的安全。,zhèngfǔ cǎiqǔ cuòshī bǎozhàng rénmín de ānquán.,Chính phủ thực hiện các biện pháp để đảm bảo an toàn cho người dân.,The government is taking measures to ensure the safety of its people.,6
60,保重,bǎo zhòng,bảo trọng,take care,请保重身体。,qǐng bǎozhòng shēntǐ.,Hãy giữ gìn sức khỏe.,Take care.,6
61,报仇,bào chóu,báo thù,revenge,他发誓要报仇。,tā fāshì yào bàochóu.,Anh ấy thề sẽ trả thù.,He vowed revenge.,6
62,报酬,bào chóu,thù lao,remuneration,他为这项工作获得了丰厚的报酬。,tā wèi zhè xiàng gōngzuò huòdé le fēnghòu de bàochóu.,Anh ấy nhận được thù lao hậu hĩnh cho công việc này.,He received a handsome salary for this job.,6
63,报答,bào dá,báo đáp,repay,我会努力报答你的帮助。,wǒ huì nǔlì bàodá nǐ de bāngzhù.,Tôi sẽ cố gắng đền đáp sự giúp đỡ của bạn.,I will try to repay your help.,6
64,报到,bào dào,báo danh,sign up,请明天早上九点前来报到。,qǐng míngtiān zǎoshang jiǔ diǎn qián lái bàodào.,Xin hãy đến đăng ký trước 9 giờ sáng mai.,Please register before 9am tomorrow morning.,6
65,爆发,bào fā,bùng phát,outbreak,火山突然爆发了。,huǒshān túrán bàofā le.,Núi lửa đột nhiên phun trào.,The volcano suddenly erupted.,6
66,报复,bào fù,báo thù,revenge,他遭到了同事的报复。,tā zāo dào le tóngshì de bàofù.,Anh ấy bị đồng nghiệp trả thù.,He was retaliated against by his colleagues.,6
67,抱负,bào fù,hoài bão,Ambition,他从小就有伟大的抱负。,tā cóng xiǎo jiù yǒu wěidà de bàofù.,Anh ấy có hoài bão lớn từ khi còn nhỏ.,He had big ambitions since he was a child.,6
68,曝光,bào guāng,"phơi bày, lộ diện",expose,这件事被媒体曝光了。,zhè jiàn shì bèi méitǐ bàoguāng le.,Sự việc này đã bị phơi bày trên truyền thông.,This incident was exposed in the media.,6
69,暴力,bào lì,bạo lực,violence,他使用暴力解决问题。,tā shǐyòng bàolì jiějué wèntí.,Anh ấy dùng bạo lực để giải quyết vấn đề.,He uses violence to solve problems.,6
70,暴露,bào lù,lộ ra,expose,他的话让真相暴露了出来。,tā de huà ràng zhēnxiàng bàolù le chūlái.,Lời nói của anh ấy đã làm lộ ra sự thật.,His words revealed the truth.,6
71,报社,bào shè,tòa soạn báo,newspaper office,他在报社工作。,tā zài bàoshè gōngzuò.,Anh ấy làm việc tại tòa soạn báo.,He works at the newspaper office.,6
72,报销,bào xiāo,thanh toán (chi phí),payment (cost),这些费用可以报销。,zhèxiē fèiyòng kěyǐ bàoxiāo.,Những chi phí này có thể được hoàn trả.,These costs may be reimbursed.,6
73,抱怨,bào yuàn,phàn nàn,complain,他总是喜欢抱怨生活。,tā zǒng shì xǐhuān bàoyuàn shēnghuó.,Anh ấy luôn thích phàn nàn về cuộc sống.,He always likes to complain about life.,6
74,爆炸,bào zhà,nổ,explode,工厂发生了爆炸事故。,gōngchǎng fāshēng le bàozhà shìgù.,Nhà máy đã xảy ra tai nạn nổ.,There was an explosion at the factory.,6
75,悲哀,bēi āi,bi ai,mournful,他感到非常悲哀。,tā gǎndào fēicháng bēi'āi.,Anh ấy cảm thấy rất đau buồn.,He felt very sad.,6
76,卑鄙,bēi bǐ,đê tiện,blackguard,他的行为真是卑鄙。,tā de xíngwéi zhēn shì bēibǐ.,Hành vi của anh ấy thật là hèn hạ.,His behavior was despicable.,6
77,悲惨,bēi cǎn,bi thảm,tragic,这个故事非常悲惨。,zhè gè gùshì fēicháng bēicǎn.,Câu chuyện này rất bi thảm.,This story is very tragic.,6
78,北极,běi jí,Bắc Cực,North Pole,我想去北极探险。,wǒ xiǎng qù běijí tànxiǎn.,Tôi muốn đi thám hiểm Bắc Cực.,I want to go on an Arctic expedition.,6
79,被动,bèi dòng,bị động,passive,他在会议上显得很被动。,tā zài huìyì shàng xiǎnde hěn bèidòng.,Anh ấy tỏ ra rất bị động trong cuộc họp.,He appeared very passive in the meeting.,6
80,备份,bèi fèn,sao lưu,backup,请先做个备份，以防万一。,"qǐng xiān zuò gè bèifèn, yǐfáng wànyī.",Hãy làm bản sao lưu trước để phòng ngừa.,Make a backup first just in case.,6
81,被告,bèi gào,bị cáo,accused,被告在法庭上辩护。,bèigào zài fǎtíng shàng biànhù.,Bị cáo biện hộ tại tòa án.,The defendant pleaded in court.,6
82,贝壳,bèi ké,vỏ sò,shell,沙滩上有很多美丽的贝壳。,shātān shàng yǒu hěn duō měilì de bèiké.,Trên bãi biển có rất nhiều vỏ sò đẹp.,There are many beautiful shells on the beach.,6
83,背叛,bèi pàn,phản bội,betray,他背叛了朋友的信任。,tā bèipàn le péngyǒu de xìnrèn.,Anh ấy đã phản bội niềm tin của bạn bè.,He betrayed the trust of his friends.,6
84,背诵,bèi sòng,đọc thuộc lòng,recite,请你把这段话背诵下来。,qǐng nǐ bǎ zhè duàn huà bèisòng xiàlái.,Hãy học thuộc lòng đoạn này.,Learn this passage by heart.,6
85,备忘录,bèi wàng lù,"sổ tay, sổ ghi nhớ","notebook, notepad",我写了一份备忘录。,wǒ xiě le yī fèn bèiwànglù.,Tôi đã viết một bản ghi nhớ.,I wrote a memo.,6
86,奔波,bēn bō,"bôn ba, vất vả",toil,他在城市和乡村之间奔波。,tā zài chéngshì hé xiāngcūn zhījiān bēnbō.,Anh ấy đi lại giữa thành phố và nông thôn.,He travels between the city and the countryside.,6
87,奔驰,bēn chí,chạy nhanh,run fast,她开着奔驰车去上班。,tā kāi zhe bēnchí chē qù shàngbān.,Cô ấy lái xe Mercedes đi làm.,She drives a Mercedes to work.,6
88,本能,běn néng,bản năng,instinct,这是人类的本能反应。,zhè shì rénlèi de běnnéng fǎnyìng.,Đây là phản ứng bản năng của con người.,This is a natural human reaction.,6
89,本钱,běn qián,vốn,capital,他用自己的本钱创业。,tā yòng zìjǐ de běnqián chuàngyè.,Anh ấy sử dụng vốn của mình để khởi nghiệp.,He used his own capital to start the business.,6
90,本人,běn rén,bản thân,self,本人对此事不知情。,běnrén duì cǐ shì bù zhī qíng.,Tôi (bản thân) không biết gì về việc này.,I (myself) know nothing about this.,6
91,本身,běn shēn,bản thân,self,这个问题本身很复杂。,zhè gè wèntí běnshēn hěn fùzá.,Vấn đề này tự nó rất phức tạp.,This issue is itself very complex.,6
92,本事,běn shì,tài năng,talent,他有很多做事的本事。,tā yǒu hěn duō zuòshì de běnshì.,Anh ấy có nhiều tài năng để làm việc.,He has a lot of talent to work with.,6
93,本着,běn zhe,căn cứ vào,based on,本着公平的原则，我们做出了决定。,"běnzhe gōngpíng de yuánzé, wǒmen zuò chū le juédìng.","Dựa trên nguyên tắc công bằng, chúng tôi đã đưa ra quyết định.","Based on the principle of fairness, we made the decision.",6
94,笨拙,bèn zhuō,vụng về,clumsy,他干活时显得很笨拙。,tā gànhuó shí xiǎnde hěn bènzhuō.,Anh ấy trông rất vụng về khi làm việc.,He looks very clumsy when he works.,6
95,崩溃,bēng kuì,sụp đổ,fall,他经历了精神上的崩溃。,tā jīnglì le jīngshén shàng de bēngkuì.,Anh ấy đã trải qua sự suy sụp tinh thần.,He had a mental breakdown.,6
96,甭,béng,không cần,no need,甭担心，一切都会好的。,"béng dānxīn, yīqiè dū huì hǎo de.","Đừng lo lắng, mọi thứ sẽ ổn thôi.","Don't worry, everything will be fine.",6
97,蹦,bèng,nhảy lên,jump up,他从椅子上蹦了起来。,tā cóng yǐzi shàng bèng le qǐlái.,Anh ấy bật dậy khỏi ghế.,He jumped up from his chair.,6
98,迸发,bèng fā,bùng phát,outbreak,创意的火花突然迸发出来。,chuàngyì de huǒhuā túrán bèngfā chūlái.,Ý tưởng sáng tạo bùng phát đột ngột.,Creative ideas burst out suddenly.,6
99,逼迫,bī pò,ép buộc,force,他被迫离开了家乡。,tā bèipò líkāi le jiāxiāng.,Anh ấy bị buộc phải rời quê hương.,He was forced to leave his homeland.,6
100,鼻涕,bí tì,nước mũi,runny nose,小孩子经常流鼻涕。,xiǎo háizi jīngcháng liú bítì.,Trẻ con thường hay chảy nước mũi.,Children often have runny noses.,6
101,比方,bǐ fāng,ví dụ,For example,比方说，你可以这样做。,"bǐfāng shuō, nǐ kěyǐ zhèyàng zuò.","Ví dụ như, bạn có thể làm thế này.","For example, you can do this.",6
102,比喻,bǐ yù,"so sánh, ví von","compare, simile",他用比喻的方式来解释这个概念。,tā yòng bǐyù de fāngshì lái jiěshì zhège gàiniàn.,Anh ấy dùng phép ẩn dụ để giải thích khái niệm này.,He uses metaphors to explain this concept.,6
103,比重,bǐ zhòng,tỷ trọng,proportion,这个行业在经济中的比重很大。,zhège hángyè zài jīngjì zhōng de bǐzhòng hěn dà.,Ngành này chiếm tỷ trọng lớn trong nền kinh tế.,This industry accounts for a large proportion of the economy.,6
104,臂,bì,cánh tay,arm,他举起了手臂。,tā jǔ qǐ le shǒubì.,Anh ấy giơ cánh tay lên.,He raised his arm.,6
105,弊病,bì bìng,"tệ nạn, bệnh tật","evils, diseases",我们需要解决这个系统的弊病。,wǒmen xūyào jiějué zhège xìtǒng de bìbìng.,Chúng ta cần giải quyết các khuyết điểm của hệ thống này.,We need to address the shortcomings of this system.,6
106,必定,bì dìng,nhất định,certain,他必定会成功。,tā bìdìng huì chénggōng.,Anh ấy chắc chắn sẽ thành công.,He will definitely succeed.,6
107,弊端,bì duān,"tệ nạn, sai sót","evil, error",这个政策存在很多弊端。,zhège zhèngcè cúnzài hěn duō bìduān.,Chính sách này có nhiều khuyết điểm.,This policy has many shortcomings.,6
108,闭塞,bì sè,bế tắc,deadlock,这个地区非常闭塞。,zhège dìqū fēicháng bìsè.,Khu vực này rất hẻo lánh.,This area is very remote.,6
109,碧玉,bì yù,ngọc bích,jade,碧玉是一种珍贵的宝石。,bìyù shì yī zhǒng zhēnguì de bǎoshí.,Ngọc bích là một loại đá quý.,Jade is a gemstone.,6
110,鞭策,biān cè,khuyến khích,encourage,老师鞭策学生努力学习。,lǎoshī biāncè xuéshēng nǔlì xuéxí.,Giáo viên thúc giục học sinh học tập chăm chỉ.,The teacher urged the students to study hard.,6
111,边疆,biān jiāng,biên cương,frontier,边疆地区风景优美。,biānjiāng dìqū fēngjǐng yōuměi.,Vùng biên cương có phong cảnh tuyệt đẹp.,The frontier region has beautiful scenery.,6
112,边界,biān jiè,biên giới,border,这里是两国的边界。,zhèlǐ shì liǎng guó de biānjiè.,Đây là biên giới của hai nước.,This is the border between the two countries.,6
113,边境,biān jìng,biên giới,border,我们不能越过边境。,wǒmen bùnéng yuèguò biānjìng.,Chúng ta không thể vượt qua biên giới.,We can't cross the border.,6
114,边缘,biān yuán,vùng rìa,fringe,他站在悬崖的边缘。,tā zhàn zài xuányá de biānyuán.,Anh ấy đứng ở rìa vách đá.,He stood at the edge of the cliff.,6
115,编织,biān zhī,"đan, dệt","knitting, weaving",她喜欢编织毛衣。,tā xǐhuān biānzhī máoyī.,Cô ấy thích đan áo len.,She likes knitting sweaters.,6
116,扁,biǎn,"dẹp, bẹp",flat,这个箱子有点扁。,zhège xiāngzi yǒudiǎn biǎn.,Chiếc hộp này hơi dẹp.,This box is a bit flat.,6
117,贬低,biǎn dī,"hạ thấp, đánh giá thấp",downplay,不要贬低自己的能力。,bùyào biǎndī zìjǐ de nénglì.,Đừng hạ thấp khả năng của mình.,Don't underestimate your abilities.,6
118,贬义,biǎn yì,nghĩa xấu,bad meaning,这个词是贬义的。,zhège cí shì biǎnyì de.,Từ này có nghĩa xấu.,This word has a bad meaning.,6
119,遍布,biàn bù,"rải rác, phân bố khắp","scattered, distributed throughout",这座城市遍布高楼大厦。,zhè zuò chéngshì biànbù gāolóu dàshà.,Thành phố này đầy những tòa nhà cao tầng.,This city is full of tall buildings.,6
120,变故,biàn gù,biến cố,event,他的家庭经历了一次变故。,tā de jiātíng jīnglì le yīcì biàngù.,Gia đình anh ấy đã trải qua một biến cố.,His family has gone through a tragedy.,6
121,辩护,biàn hù,biện hộ,advocate,律师为他进行辩护。,lǜshī wèi tā jìnxíng biànhù.,Luật sư biện hộ cho anh ấy.,His lawyer defended him.,6
122,辩解,biàn jiě,"giải thích, biện giải","explain, justify",他试图为自己的错误辩解。,tā shìtú wèi zìjǐ de cuòwù biànjiě.,Anh ấy cố gắng biện minh cho lỗi lầm của mình.,He tried to justify his mistake.,6
123,便利,biàn lì,tiện lợi,convenient,这里的交通很便利。,zhèlǐ de jiāotōng hěn biànlì.,Giao thông ở đây rất thuận tiện.,Transportation here is very convenient.,6
124,变迁,biàn qiān,biến đổi,change,这座城市经历了巨大的变迁。,zhè zuò chéngshì jīnglì le jùdà de biànqiān.,Thành phố này đã trải qua nhiều thay đổi lớn.,This city has undergone many great changes.,6
125,辨认,biàn rèn,nhận diện,identification,我可以辨认出他的声音。,wǒ kěyǐ biànrèn chū tā de shēngyīn.,Tôi có thể nhận ra giọng nói của anh ấy.,I can recognize his voice.,6
126,便条,biàn tiáo,ghi chú,note,他留了一张便条给我。,tā liú le yī zhāng biàntiáo gěi wǒ.,Anh ấy để lại một mảnh giấy ghi chú cho tôi.,He left me a note.,6
127,便于,biàn yú,thuận tiện cho,convenient for,这种方法便于操作。,zhè zhǒng fāngfǎ biànyú cāozuò.,Cách này dễ thao tác.,This method is easy to operate.,6
128,辩证,biàn zhèng,biện chứng,dialectic,我们需要辩证地看待这个问题。,wǒmen xūyào biànzhèng de kàndài zhège wèntí.,Chúng ta cần nhìn nhận vấn đề này một cách biện chứng.,We need to look at this issue dialectically.,6
129,变质,biàn zhì,biến chất,metamorphosis,牛奶变质了，不能喝。,"niúnǎi biànzhì le, bùnéng hē.","Sữa đã hỏng, không thể uống được.",The milk is spoiled and undrinkable.,6
130,辫子,biàn zi,bím tóc,braid,她的辫子很长。,tā de biànzi hěn cháng.,Tóc tết của cô ấy rất dài.,Her braided hair is very long.,6
131,标本,biāo běn,mẫu vật,specimen,他是一个动物标本收藏家。,tā shì yī gè dòngwù biāoběn shōucángjiā.,Anh ấy là một nhà sưu tầm mẫu vật động vật.,He is a collector of animal specimens.,6
132,标记,biāo jì,ký hiệu,symbol,请在地图上标记出位置。,qǐng zài dìtú shàng biāojì chū wèizhì.,Vui lòng đánh dấu vị trí trên bản đồ.,Please mark the location on the map.,6
133,飙升,biāo shēng,tăng vọt,skyrocket,房价在短时间内飙升了。,fángjià zài duǎn shíjiān nèi biāoshēng le.,Giá nhà đã tăng vọt trong thời gian ngắn.,House prices have skyrocketed in a short period of time.,6
134,标题,biāo tí,tiêu đề,title,这个文章的标题很吸引人。,zhège wénzhāng de biāotí hěn xīyǐn rén.,Tiêu đề bài viết này rất thu hút.,The title of this article is very attractive.,6
135,表决,biǎo jué,biểu quyết,vote,他们就此问题进行了表决。,tāmen jiù cǐ wèntí jìnxíng le biǎojué.,Họ đã bỏ phiếu về vấn đề này.,They voted on the issue.,6
136,表态,biǎo tài,bày tỏ thái độ,express attitude,他在会上表态支持这个计划。,tā zài huì shàng biǎotài zhīchí zhège jìhuà.,Anh ấy bày tỏ ủng hộ kế hoạch này trong cuộc họp.,He expressed support for the plan at the meeting.,6
137,表彰,biǎo zhāng,khen ngợi,praise,他的贡献得到了表彰。,tā de gòngxiàn dédào le biǎozhāng.,Đóng góp của anh ấy đã được khen thưởng.,His contribution was rewarded.,6
138,憋,biē,"nén, nhịn",suppress,我憋了一肚子话没说出来。,wǒ biē le yī dùzi huà méi shuō chūlái.,Tôi có rất nhiều điều muốn nói nhưng chưa nói ra.,I have so much to say but haven't said it yet.,6
139,别人,bié rén,người khác,other people,这是别人的东西，不要随便动。,"zhè shì biérén de dōngxi, bùyào suíbiàn dòng.","Đây là đồ của người khác, đừng tùy tiện động vào.","This is other people's stuff, don't touch it.",6
140,别墅,bié shù,biệt thự,villa,他们住在一栋豪华的别墅里。,tāmen zhù zài yī dòng háohuá de biéshù lǐ.,Họ sống trong một biệt thự sang trọng.,They live in a luxury villa.,6
141,别致,bié zhì,độc đáo,unique,她的穿着很别致。,tā de chuānzhuó hěn biézhì.,Cách ăn mặc của cô ấy rất độc đáo.,Her way of dressing is very unique.,6
142,别扭,bié niu,"khó chịu, gượng gạo","uncomfortable, awkward",他们之间的关系有些别扭。,tāmen zhījiān de guānxì yǒuxiē bièniu.,Mối quan hệ giữa họ có chút khó xử.,Their relationship is a bit awkward.,6
143,濒临,bīn lín,"cận kề, gần kề","near, near",他濒临崩溃的边缘。,tā bīnlín bēngkuì de biānyuán.,Anh ấy đang trên bờ vực sụp đổ.,He was on the verge of collapse.,6
144,冰雹,bīng báo,mưa đá,hail,突然下起了冰雹。,tūrán xià qǐ le bīngbáo.,Bất ngờ có mưa đá.,Suddenly there was hail.,6
145,并存,bìng cún,cùng tồn tại,coexistence,他们和平并存。,tāmen hépíng bìngcún.,Họ sống chung hòa bình.,They live together in peace.,6
146,并非,bìng fēi,không phải là,is not,他并非不愿意，而是没有时间。,"tā bìngfēi bù yuànyì, ér shì méiyǒu shíjiān.","Anh ấy không phải là không muốn, mà là không có thời gian.","It's not that he doesn't want to, it's that he doesn't have time.",6
147,并列,bìng liè,đặt song song,parallel,这些奖项并列第一。,zhèxiē jiǎngxiàng bìngliè dì yī.,Những giải thưởng này đồng hạng nhất.,These awards are joint first class.,6
148,拨打,bō dǎ,quay số điện thoại,dial,请拨打这个电话号码。,qǐng bōdǎ zhège diànhuà hàomǎ.,Vui lòng gọi số điện thoại này.,Please call this number.,6
149,播放,bō fàng,phát sóng,broadcast,他们正在播放音乐。,tāmen zhèngzài bòfàng yīnyuè.,Họ đang phát nhạc.,They are playing music.,6
150,波浪,bō làng,sóng,wave,海上的波浪很大。,hǎishàng de bōlàng hěn dà.,Sóng biển rất lớn.,The waves are huge.,6
151,波涛汹涌,bō tāo xiōng yǒng,sóng lớn cuồn cuộn,big rolling waves,海上的波涛汹涌。,hǎishàng de bōtāo xiōngyǒng.,Sóng biển dâng trào dữ dội.,The waves surged fiercely.,6
152,剥削,bō xuē,bóc lột,exploitation,他们剥削工人的劳动。,tāmen bōxuē gōngrén de láodòng.,Họ bóc lột sức lao động của công nhân.,They exploit workers' labor.,6
153,播种,bō zhǒng,gieo hạt,sow seeds,农民在田里播种。,nóngmín zài tián lǐ bōzhǒng.,Nông dân đang gieo hạt trên đồng.,Farmers are sowing seeds in the field.,6
154,博大精深,bó dà jīng shēn,"uyên thâm, sâu sắc",profound,他的知识博大精深。,tā de zhīshì bódà jīngshēn.,Kiến thức của anh ấy rộng lớn và sâu sắc.,His knowledge is vast and profound.,6
155,搏斗,bó dòu,"đấu tranh, vật lộn",struggle,他与敌人进行了搏斗。,tā yǔ dírén jìnxíng le bódòu.,Anh ấy đã đấu tranh với kẻ thù.,He fought the enemy.,6
156,博览会,bó lǎn huì,triển lãm,exhibition,我们参加了一个博览会。,wǒmen cānjiā le yī gè bólǎnhuì.,Chúng tôi đã tham gia một hội chợ triển lãm.,We attended an exhibition.,6
157,伯母,bó mǔ,bác gái,auntie,他去看望了伯母。,tā qù kànwàng le bómǔ.,Anh ấy đi thăm bác gái.,He went to visit his aunt.,6
158,薄弱,bó ruò,"yếu ớt, mỏng manh","weak, fragile",这个计划的基础非常薄弱。,zhège jìhuà de jīchǔ fēicháng bóruò.,Nền tảng của kế hoạch này rất yếu.,The foundation of this plan is very weak.,6
159,补偿,bǔ cháng,"bù đắp, đền bù",compensate,他们对她的损失进行了补偿。,tāmen duì tā de sǔnshī jìnxíng le bǔcháng.,Họ đã bồi thường cho tổn thất của cô ấy.,They compensated her for her loss.,6
160,补救,bǔ jiù,"cứu chữa, bổ cứu",cure,我们必须找到补救的方法。,wǒmen bìxū zhǎodào bǔjiù de fāngfǎ.,Chúng ta cần tìm cách khắc phục.,We need to find a way to fix it.,6
161,哺乳,bǔ rǔ,"bú, nuôi bằng sữa mẹ",breastfeed,哺乳动物是温血动物。,bǔrǔ dòngwù shì wēn xiě dòngwù.,Động vật có vú là động vật máu nóng.,Mammals are warm-blooded animals.,6
162,补贴,bǔ tiē,trợ cấp,subsidy,政府对农业进行补贴。,zhèngfǔ duì nóngyè jìnxíng bǔtiē.,Chính phủ trợ cấp cho nông nghiệp.,The government subsidizes agriculture.,6
163,捕捉,bǔ zhuō,bắt giữ,arrest,我们需要捕捉这个机会。,wǒmen xūyào bǔzhuō zhège jīhuì.,Chúng ta cần nắm bắt cơ hội này.,We need to seize this opportunity.,6
164,不得已,bù dé yǐ,bất đắc dĩ,begrudge,他是不得已才离开的。,tā shì bùdéyǐ cái líkāi de.,Anh ấy rời đi vì không có lựa chọn nào khác.,He left because he had no other choice.,6
165,步伐,bù fá,"bước đi, nhịp đi","walk, pace",他迈出了坚定的步伐。,tā màichū le jiāndìng de bùfá.,Anh ấy bước những bước đi vững chắc.,He walked with steady steps.,6
166,不妨,bù fáng,"không ngại, có thể","no problem, maybe",不妨试试这种方法。,bùfáng shìshì zhè zhǒng fāngfǎ.,Bạn có thể thử phương pháp này.,You can try this method.,6
167,不敢当,bù gǎn dāng,không dám nhận,dare not accept,你不敢当我这么称赞你。,nǐ bùgǎndāng wǒ zhème chēngzàn nǐ.,Bạn không xứng đáng với lời khen của tôi.,You don't deserve my compliments.,6
168,布告,bù gào,thông báo,Notification,学校发布了一份布告。,xuéxiào fābù le yī fèn bùgào.,Nhà trường đã đưa ra một thông báo.,The school has issued an announcement.,6
169,不顾,bù gù,không quan tâm,not interested,他不顾一切地追求梦想。,tā bùgù yīqiè de zhuīqiú mèngxiǎng.,Anh ấy theo đuổi ước mơ mà không màng đến gì.,He pursued his dream without regard for anything.,6
170,不禁,bù jīn,không nhịn được,can't stand it,听到这个消息，她不禁流下了眼泪。,"tīngdào zhège xiāoxi, tā bùjīn liúxià le yǎnlèi.","Nghe tin này, cô ấy không kìm được nước mắt.","Hearing this news, she could not hold back her tears.",6
171,布局,bù jú,bố trí,arrange,我们需要合理布局。,wǒmen xūyào hélǐ bùjú.,Chúng ta cần bố trí hợp lý.,We need to arrange it properly.,6
172,不堪,bù kān,không thể chịu nổi,unbearable,这个地方脏得不堪入目。,zhège dìfāng zàng de bùkān rù mù.,Nơi này bẩn đến mức không thể nhìn vào được.,This place is so dirty you can't even look at it.,6
173,不可思议,bù kě sī yì,không thể tưởng tượng,unimaginable,这个结果让人不可思议。,zhège jiéguǒ ràng rén bùkě sīyì.,Kết quả này thật khó tin.,This result is unbelievable.,6
174,不愧,bù kuì,không hổ thẹn,shameless,他不愧是我们心中的英雄。,tā bùkuì shì wǒmen xīnzhōng de yīngxióng.,Anh ấy xứng đáng là người anh hùng trong lòng chúng tôi.,He deserves to be a hero in our hearts.,6
175,不料,bù liào,không ngờ,unexpected,他不料会遇到这样的困难。,tā bùliào huì yùdào zhèyàng de kùnnán.,Anh ấy không ngờ sẽ gặp khó khăn như vậy.,He did not expect to encounter such difficulties.,6
176,不时,bù shí,thỉnh thoảng,sometimes,他不时地看表。,tā bùshí de kàn biǎo.,Anh ấy thỉnh thoảng nhìn đồng hồ.,He occasionally looks at his watch.,6
177,部署,bù shǔ,bố trí,arrange,我们正在进行详细的部署。,wǒmen zhèngzài jìnxíng xiángxì de bùshǔ.,Chúng tôi đang triển khai chi tiết.,We are working out the details.,6
178,部位,bù wèi,"bộ phận, vị trí","part, position",这个部位需要特别保护。,zhège bùwèi xūyào tèbié bǎohù.,Vị trí này cần được bảo vệ đặc biệt.,This location requires special protection.,6
179,不惜,bù xī,"không tiếc, không ngại","no regrets, no hesitation",我们不惜任何代价完成任务。,wǒmen bùxī rènhé dàijià wánchéng rènwù.,Chúng tôi không tiếc bất kỳ giá nào để hoàn thành nhiệm vụ.,We spare no expense to complete the mission.,6
180,不相上下,bù xiāng shàng xià,không phân cao thấp,no distinction between high and low,他们的水平不相上下。,tāmen de shuǐpíng bùxiāngshàngxià.,Trình độ của họ tương đương nhau.,Their level is the same.,6
181,不像话,bù xiàng huà,"không ra gì, kỳ cục",weird,他的行为真不像话。,tā de xíngwéi zhēn bù xiàng huà.,Hành vi của anh ấy thật không thể chấp nhận được.,His behavior was unacceptable.,6
182,不屑一顾,bù xiè yí gù,không thèm ngó tới,ignore,他对别人的批评不屑一顾。,tā duì biérén de pīpíng bùxiè yī gù.,Anh ấy coi thường những lời chỉ trích của người khác.,He disregards other people's criticism.,6
183,不言而喻,bù yán ér yù,không cần nói cũng hiểu,self-explanatory,这个问题不言而喻。,zhège wèntí bù yán ér yù.,Vấn đề này rõ ràng mà không cần nói.,This point is obvious without saying.,6
184,不由得,bù yóu de,không kìm được,can't help it,她不由得笑了起来。,tā bùyóude xiào le qǐlái.,Cô ấy không thể nhịn cười.,She couldn't help laughing.,6
185,不择手段,bù zé shǒu duàn,không từ thủ đoạn,no tricks,他为了成功不择手段。,tā wèile chénggōng bùzé shǒuduàn.,Anh ấy không từ thủ đoạn nào để thành công.,He stops at nothing to succeed.,6
186,不止,bù zhǐ,không ngừng,continuous,这个项目不止需要时间，还需要耐心。,"zhège xiàngmù bùzhǐ xūyào shíjiān, hái xūyào nàixīn.",Dự án này không chỉ cần thời gian mà còn cần kiên nhẫn.,This project not only takes time but also patience.,6
187,布置,bù zhì,bố trí,arrange,请按照指示布置场地。,qǐng ànzhào zhǐshì bùzhì chǎngdì.,Vui lòng bố trí địa điểm theo hướng dẫn.,Please arrange the location as instructed.,6
188,裁缝,cái féng,thợ may,tailor,她是一名优秀的裁缝。,tā shì yī míng yōuxiù de cáifeng.,Cô ấy là một thợ may xuất sắc.,She is an excellent seamstress.,6
189,财富,cái fù,tài sản,asset,知识是无价的财富。,zhīshì shì wújià de cáifù.,Tri thức là tài sản vô giá.,Knowledge is a priceless asset.,6
190,才干,cái gàn,"tài cán, năng lực","talent, ability",他有很强的才干。,tā yǒu hěn qiáng de cáigàn.,Anh ấy có tài năng rất mạnh.,He has very strong talent.,6
191,裁判,cái pàn,trọng tài,referee,裁判宣布比赛结果。,cáipàn xuānbù bǐsài jiéguǒ.,Trọng tài công bố kết quả trận đấu.,The referee announced the result of the match.,6
192,财务,cái wù,tài chính,finance,公司正在处理财务问题。,gōngsī zhèngzài chǔlǐ cáiwù wèntí.,Công ty đang giải quyết các vấn đề tài chính.,The company is dealing with financial problems.,6
193,裁员,cái yuán,cắt giảm nhân viên,layoffs,公司决定裁员。,gōngsī juédìng cáiyuán.,Công ty quyết định cắt giảm nhân sự.,The company decided to cut staff.,6
194,财政,cái zhèng,tài chính,finance,政府管理财政事务。,zhèngfǔ guǎnlǐ cáizhèng shìwù.,Chính phủ quản lý các vấn đề tài chính.,The government manages financial matters.,6
195,采购,cǎi gòu,mua sắm,shopping,我们要采购新设备。,wǒmen yào cǎigòu xīn shèbèi.,Chúng ta cần mua sắm thiết bị mới.,We need to buy new equipment.,6
196,采集,cǎi jí,"thu thập, sưu tập",collect,研究人员在采集数据。,yánjiū rényuán zài cǎijí shùjù.,Các nhà nghiên cứu đang thu thập dữ liệu.,Researchers are collecting data.,6
197,采纳,cǎi nà,chấp nhận,accept,我们采纳了他的建议。,wǒmen cǎinà le tā de jiànyì.,Chúng tôi đã chấp nhận đề xuất của anh ấy.,We accepted his proposal.,6
198,彩票,cǎi piào,vé số,lottery,他中了彩票，赢得了大奖。,"tā zhōng le cǎipiào, yíngdé le dà jiǎng.",Anh ấy trúng xổ số và giành được giải thưởng lớn.,He won the lottery and won a big prize.,6
199,参谋,cān móu,"tham mưu, cố vấn",consultant,他是我们的参谋长。,tā shì wǒmen de cānmóu zhǎng.,Anh ấy là trưởng cố vấn của chúng tôi.,He is our chief advisor.,6
200,参照,cān zhào,tham khảo,reference,请参照这份指南。,qǐng cānzhào zhè fèn zhǐnán.,Vui lòng tham khảo hướng dẫn này.,Please refer to this guide.,6
201,残酷,cán kù,"tàn khốc, tàn bạo","cruel, brutal",这场比赛非常残酷。,zhè chǎng bǐsài fēicháng cánkù.,Trận đấu này rất tàn khốc.,This match is very brutal.,6
202,残留,cán liú,còn sót lại,remaining,这里还有残留的气味。,zhèlǐ hái yǒu cánliú de qìwèi.,Ở đây vẫn còn mùi hương.,There is still fragrance here.,6
203,残忍,cán rěn,tàn nhẫn,merciless,他的行为非常残忍。,tā de xíngwéi fēicháng cánrěn.,Hành vi của anh ấy rất tàn nhẫn.,His behavior is very cruel.,6
204,灿烂,càn làn,"rực rỡ, sáng lạn","brilliant, bright",夜空中的星星灿烂夺目。,yèkōng zhōng de xīngxīng cànlàn duómù.,Những ngôi sao trên bầu trời đêm lấp lánh rực rỡ.,The stars in the night sky twinkle brightly.,6
205,舱,cāng,"khoang (tàu, máy bay)","compartment (ship, plane)",船舱里非常宽敞。,chuáncāng lǐ fēicháng kuānchǎng.,Khoang thuyền rất rộng rãi.,The cabin is very spacious.,6
206,苍白,cāng bái,"xanh xao, tái nhợt",pale,他的脸色很苍白。,tā de liǎnsè hěn cāngbái.,Sắc mặt của anh ấy rất nhợt nhạt.,His face was very pale.,6
207,仓促,cāng cù,"vội vàng, gấp gáp",hurry,他们仓促决定了这个计划。,tāmen cāngcù juédìng le zhège jìhuà.,Họ đã vội vàng quyết định kế hoạch này.,They decided on this plan in haste.,6
208,仓库,cāng kù,"kho, nhà kho",warehouse,货物存放在仓库里。,huòwù cúnfàng zài cāngkù lǐ.,Hàng hóa được lưu trữ trong kho.,Goods are stored in the warehouse.,6
209,操劳,cāo láo,lao tâm khổ tứ,toil and suffer,他为了家庭操劳。,tā wèile jiātíng cāoláo.,Anh ấy làm việc chăm chỉ vì gia đình.,He works hard for his family.,6
210,操练,cāo liàn,"thao luyện, luyện tập",practice,他们每天都在操练。,tāmen měitiān dōu zài cāoliàn.,Họ tập luyện hàng ngày.,They practice every day.,6
211,操纵,cāo zòng,"điều khiển, thao túng","control, manipulate",他能够熟练地操纵机器。,tā nénggòu shúliàn de cāozòng jīqì.,Anh ấy có thể điều khiển máy móc một cách thành thạo.,He can operate machines with great skill.,6
212,操作,cāo zuò,thao tác,operation,操作这台设备需要小心。,cāozuò zhè tái shèbèi xūyào xiǎoxīn.,Vận hành thiết bị này cần cẩn thận.,Operate this equipment with care.,6
213,嘈杂,cáo zá,ồn ào,noisy,大街上很嘈杂。,dàjiē shàng hěn cáozá.,Đường phố rất ồn ào.,The street is very noisy.,6
214,草案,cǎo àn,"bản thảo, dự thảo",draft,这只是一个初步的草案。,zhè zhǐshì yī gè chūbù de cǎo'àn.,Đây chỉ là một bản thảo sơ bộ.,This is just a rough draft.,6
215,草率,cǎo shuài,"qua loa, đại khái",roughly,他的决定太草率了。,tā de juédìng tài cǎoshuài le.,Quyết định của anh ấy quá sơ sài.,His decision was too rash.,6
216,策划,cè huà,"kế hoạch, lập kế hoạch","plan, planning",我们正在策划一个新项目。,wǒmen zhèngzài cèhuà yī gè xīn xiàngmù.,Chúng tôi đang lên kế hoạch cho một dự án mới.,We are planning a new project.,6
217,测量,cè liáng,đo lường,measure,工程师在测量建筑物。,gōngchéngshī zài cèliáng jiànzhú wù.,Các kỹ sư đang đo lường tòa nhà.,Engineers are measuring the building.,6
218,策略,cè lüè,chiến lược,strategy,我们需要制定策略。,wǒmen xūyào zhìdìng cèlüè.,Chúng tôi cần lên kế hoạch chiến lược.,We need strategic planning.,6
219,侧面,cè miàn,"mặt bên, khía cạnh",side,我们从侧面观察了这个问题。,wǒmen cóng cèmiàn guānchá le zhège wèntí.,Chúng tôi quan sát vấn đề này từ một góc độ khác.,We look at this issue from a different angle.,6
220,层出不穷,céng chū bù qióng,tầng tầng lớp lớp,layer upon layer,这个问题层出不穷。,zhège wèntí céngchū bù qióng.,Vấn đề này liên tục xuất hiện.,This problem keeps coming up.,6
221,层次,céng cì,"tầng lớp, cấp bậc","class, rank",他在公司中有很高的层次。,tā zài gōngsī zhōng yǒu hěn gāo de céngcì.,Anh ấy có một vị trí cao trong công ty.,He has a high position in the company.,6
222,差距,chā jù,chênh lệch,difference,他们之间存在巨大的差距。,tāmen zhījiān cúnzài jùdà de chājù.,Có một khoảng cách lớn giữa họ.,There is a big gap between them.,6
223,查获,chá huò,"tra ra, bắt được","find out, catch",警方查获了大量毒品。,jǐngfāng cháhuò le dàliàng dúpǐn.,Cảnh sát đã thu giữ một lượng lớn ma túy.,The police seized a large quantity of drugs.,6
224,岔,chà,"rẽ nhánh, rẽ đường",branch off,他的话中有很多岔子。,tā de huà zhōng yǒu hěn duō chàzi.,Lời nói của anh ấy có nhiều sơ hở.,His words are full of holes.,6
225,刹那,chà nà,"chớp mắt, trong khoảnh khắc","blink, in a moment",事情在刹那间发生了。,shìqíng zài shànà jiān fāshēng le.,Sự việc xảy ra trong chớp nhoáng.,It happened in a flash.,6
226,诧异,chà yì,ngạc nhiên,surprised,她的表现让人感到诧异。,tā de biǎoxiàn ràng rén gǎndào chàyì.,Sự thể hiện của cô ấy khiến người khác ngạc nhiên.,Her performance surprised others.,6
227,柴油,chái yóu,dầu diesel,diesel,他用柴油发动了机器。,tā yòng cháiyóu fādòng le jīqì.,Anh ấy sử dụng dầu diesel để khởi động máy.,He uses diesel to start the machine.,6
228,搀,chān,"nâng đỡ, dìu",support,他扶着老人过马路。,tā fúzhe lǎorén guò mǎlù.,Anh ấy đỡ cụ già qua đường.,He helped the old man cross the street.,6
229,馋,chán,thèm thuồng,gloat,看到美食，他总是很馋。,"kàn dào měishí, tā zǒngshì hěn chán.","Nhìn thấy đồ ăn ngon, anh ấy luôn thèm thuồng.","Seeing delicious food, he always craves it.",6
230,缠绕,chán rào,quấn quanh,wrap around,这条项链缠绕在一起了。,zhè tiáo xiàngliàn chánrào zài yīqǐ le.,Sợi dây chuyền này bị rối lại.,This necklace is tangled.,6
231,阐述,chǎn shù,"trình bày, giải thích","present, explain",他详细阐述了他的观点。,tā xiángxì chǎnshù le tā de guāndiǎn.,Anh ấy trình bày chi tiết quan điểm của mình.,He presented his views in detail.,6
232,产业,chǎn yè,"công nghiệp, sản nghiệp",industry,这是一项重要的产业。,zhè shì yī xiàng zhòngyào de chǎnyè.,Đây là một ngành công nghiệp quan trọng.,This is an important industry.,6
233,颤抖,chàn dǒu,run rẩy,shiver,听到这个消息，他的身体颤抖了。,"tīngdào zhège xiāoxi, tā de shēntǐ chàndǒu le.","Nghe tin này, cơ thể anh ấy run lên.","Hearing this news, his body trembled.",6
234,猖狂,chāng kuáng,điên cuồng,frantic,他们的行为非常猖狂。,tāmen de xíngwéi fēicháng chāngkuáng.,Hành vi của họ rất hung hăng.,Their behavior is very aggressive.,6
235,昌盛,chāng shèng,hưng thịnh,flourish,这个国家正在昌盛。,zhège guójiā zhèngzài chāngshèng.,Quốc gia này đang thịnh vượng.,This country is prosperous.,6
236,偿还,cháng huán,hoàn trả,refund,他偿还了所有的债务。,tā chánghuán le suǒyǒu de zhàiwù.,Anh ấy đã trả hết nợ nần.,He paid off all his debts.,6
237,常年,cháng nián,quanh năm,year round,这家公司常年盈利。,zhè jiā gōngsī chángnián yínglì.,Công ty này có lãi hàng năm.,This company is profitable every year.,6
238,尝试,cháng shì,thử nghiệm,experiment,我们应该尝试新的方法。,wǒmen yīnggāi chángshì xīn de fāngfǎ.,Chúng ta nên thử các phương pháp mới.,We should try new methods.,6
239,常务,cháng wù,thường vụ,Standing,他是公司的常务董事。,tā shì gōngsī de chángwù dǒngshì.,Anh ấy là giám đốc điều hành của công ty.,He is the CEO of the company.,6
240,场,chǎng,"sân, bãi, nơi","yard, place",比赛在操场上举行。,bǐsài zài cāochǎng shàng jǔxíng.,Trận đấu được tổ chức trên sân chơi.,The match was held on the playing field.,6
241,场合,chǎng hé,"trường hợp, hoàn cảnh","case, circumstance",会议在正式的场合举行。,huìyì zài zhèngshì de chǎnghé jǔxíng.,Cuộc họp được tổ chức trong một dịp chính thức.,The meeting was held on a formal occasion.,6
242,敞开,chǎng kāi,"mở rộng, mở toang","expand, open wide",门已经敞开了。,mén yǐjīng chǎngkāi le.,Cửa đã mở rộng.,The door is open.,6
243,场面,chǎng miàn,"cảnh tượng, tình cảnh","scene, situation",电影的场面很壮观。,diànyǐng de chǎngmiàn hěn zhuàngguān.,Cảnh phim rất hoành tráng.,The scene was epic.,6
244,场所,chǎng suǒ,"nơi, chỗ",place,我们在这个场所见面。,wǒmen zài zhège chǎngsuǒ jiànmiàn.,Chúng tôi gặp nhau tại địa điểm này.,We met at this place.,6
245,倡导,chàng dǎo,"khởi xướng, đề xướng","initiate, initiate",他倡导环保运动。,tā chàngdǎo huánbǎo yùndòng.,Anh ấy kêu gọi phong trào bảo vệ môi trường.,He called for an environmental movement.,6
246,畅通,chàng tōng,"thông suốt, thông suốt","clear, clear",这条道路畅通无阻。,zhè tiáo dàolù chàngtōng wúzǔ.,Con đường này không có trở ngại nào.,This road has no obstacles.,6
247,畅销,chàng xiāo,bán chạy,best seller,这本书畅销全国。,zhè běn shū chàngxiāo quánguó.,Cuốn sách này bán chạy trên toàn quốc.,This book is a national bestseller.,6
248,倡议,chàng yì,"sáng kiến, đề nghị","initiative, proposal",他提出了一个新的倡议。,tā tíchū le yī gè xīn de chàngyì.,Anh ấy đưa ra một sáng kiến mới.,He came up with a new idea.,6
249,超级,chāo jí,siêu cấp,super,这是一个超级工程。,zhè shì yī gè chāojí gōngchéng.,Đây là một dự án khổng lồ.,This is a huge project.,6
250,钞票,chāo piào,tiền giấy,paper money,他的钱包里有很多钞票。,tā de qiánbāo lǐ yǒu hěn duō chāopiào.,Ví của anh ấy có nhiều tiền mặt.,His wallet has a lot of cash.,6
251,超越,chāo yuè,"vượt qua, vượt trội","surpass, surpass",我们需要超越自我。,wǒmen xūyào chāoyuè zìwǒ.,Chúng ta cần vượt qua bản thân.,We need to overcome ourselves.,6
252,潮流,cháo liú,"trào lưu, dòng nước","trend, stream",我喜欢追逐潮流。,wǒ xǐhuān zhuīzhú cháoliú.,Tôi thích theo đuổi xu hướng.,I like to follow trends.,6
253,潮湿,cháo shī,ẩm ướt,humid,潮湿的天气让人不舒服。,cháoshī de tiānqì ràng rén bù shūfú.,Thời tiết ẩm ướt khiến mọi người khó chịu.,Wet weather makes people uncomfortable.,6
254,嘲笑,cháo xiào,"chế giễu, cười nhạo","mock, laugh",他们嘲笑他的错误。,tāmen cháoxiào tā de cuòwù.,Họ cười nhạo sai lầm của anh ấy.,They laughed at his mistake.,6
255,撤退,chè tuì,"rút lui, thoái lui",retreat,军队被迫撤退。,jūnduì bèi pò chètuì.,Quân đội buộc phải rút lui.,The army was forced to retreat.,6
256,撤销,chè xiāo,"hủy bỏ, bãi bỏ","cancel, abolish",这个决定被撤销了。,zhège juédìng bèi chèxiāo le.,Quyết định này đã bị hủy bỏ.,This decision has been revoked.,6
257,沉淀,chén diàn,"lắng đọng, kết tủa","sedimentation, precipitation",这是一种自然的沉淀过程。,zhè shì yī zhǒng zìrán de chéndiàn guòchéng.,Đây là một quá trình lắng đọng tự nhiên.,This is a natural sedimentation process.,6
258,陈旧,chén jiù,"cũ kỹ, lỗi thời","old, outdated",这些设备已经很陈旧了。,zhèxiē shèbèi yǐjīng hěn chénjiù le.,Những thiết bị này đã cũ kỹ rồi.,These devices are outdated.,6
259,陈列,chén liè,"trưng bày, bày biện",display,商店陈列着各种商品。,shāngdiàn chénliè zhe gè zhǒng shāngpǐn.,Cửa hàng trưng bày nhiều loại hàng hóa.,The store displays a wide variety of goods.,6
260,沉闷,chén mèn,"nặng nề, u ám","heavy, gloomy",这个地方非常沉闷。,zhège dìfāng fēicháng chénmèn.,Nơi này rất buồn tẻ.,This place is so boring.,6
261,陈述,chén shù,"trình bày, phát biểu","presentation, speech",他陈述了事件的经过。,tā chénshù le shìjiàn de jīngguò.,Anh ấy trình bày quá trình sự việc.,He presented the process of events.,6
262,沉思,chén sī,"suy tư, trầm ngâm","pensive, thoughtful",他常常沉思自己的未来。,tā chángcháng chénsī zìjǐ de wèilái.,Anh ấy thường suy ngẫm về tương lai của mình.,He often ponders about his future.,6
263,沉重,chén zhòng,"nặng nề, trĩu nặng","heavy, burdensome",听到这个消息，他的心情沉重。,"tīngdào zhège xiāoxi, tā de xīnqíng chénzhòng.","Nghe tin này, tâm trạng của anh ấy rất nặng nề.","Hearing this news, his mood was very heavy.",6
264,沉着,chén zhuó,"bình tĩnh, điềm tĩnh","calm, cool",他在危机时刻保持沉着。,tā zài wēijī shíkè bǎochí chénzhuó.,Anh ấy giữ bình tĩnh trong lúc khủng hoảng.,He kept his cool in times of crisis.,6
265,称心如意,chèn xīn rú yì,"vừa ý, hài lòng",satisfied,他的生活称心如意。,tā de shēnghuó chènxīn rúyì.,Cuộc sống của anh ấy vừa lòng mãn ý.,His life is contented.,6
266,称号,chēng hào,danh hiệu,title,他被授予了荣誉称号。,tā bèi shòuyǔ le róngyù chēnghào.,Anh ấy được trao tặng danh hiệu danh dự.,He was awarded an honorary title.,6
267,橙,chéng,màu cam,orange,橙子是我最喜欢的水果之一。,chéngzi shì wǒ zuì xǐhuān de shuǐguǒ zhī yī.,Cam là một trong những loại trái cây tôi thích nhất.,Oranges are one of my favorite fruits.,6
268,盛,chéng,"đựng, chứa, đầy đủ","contain, contain, full",他的才能非常盛。,tā de cáinéng fēicháng shèng.,Tài năng của anh ấy rất xuất sắc.,His talent is outstanding.,6
269,承办,chéng bàn,"đảm nhận, thụ lý","undertake, handle",公司承办了这次活动。,gōngsī chéngbàn le zhè cì huódòng.,Công ty đảm nhận tổ chức sự kiện này.,The company is responsible for organizing this event.,6
270,承包,chéng bāo,"thầu, bao thầu",contractor,他们承包了这个项目。,tāmen chéngbāo le zhège xiàngmù.,Họ đã thầu dự án này.,They have bid for this project.,6
271,城堡,chéng bǎo,"lâu đài, thành trì","castle, citadel",古堡的景象非常壮观。,gǔbǎo de jǐngxiàng fēicháng zhuàngguān.,Cảnh tượng của lâu đài cổ rất hùng vĩ.,The view of the ancient castle is majestic.,6
272,成本,chéng běn,"giá thành, chi phí",cost,生产成本需要降低。,shēngchǎn chéngběn xūyào jiàngdī.,Chi phí sản xuất cần phải giảm.,Production costs need to be reduced.,6
273,惩罚,chéng fá,trừng phạt,punish,犯罪分子受到了惩罚。,fànzuì fēnzǐ shòudào le chéngfá.,Tội phạm đã bị trừng phạt.,The criminal has been punished.,6
274,成交,chéng jiāo,"giao dịch, thành giao","transaction, transaction",交易顺利成交了。,jiāoyì shùnlì chéngjiāo le.,Giao dịch đã được hoàn thành thành công.,The transaction has been completed successfully.,6
275,承诺,chéng nuò,"cam kết, hứa hẹn","commitment, promise",我们承诺会按时完成。,wǒmen chéngnuò huì ànshí wánchéng.,Chúng tôi cam kết sẽ hoàn thành đúng hạn.,We are committed to completing on time.,6
276,澄清,chéng qīng,"làm sáng tỏ, giải thích","clarify, explain",他澄清了误会。,tā chéngqīng le wùhuì.,Anh ấy đã làm rõ sự hiểu lầm.,He cleared up the misunderstanding.,6
277,成天,chéng tiān,cả ngày,all day,他成天忙于工作。,tā chéngtiān máng yú gōngzuò.,Anh ấy bận rộn với công việc cả ngày.,He is busy with work all day.,6
278,乘务员,chéng wù yuán,"tiếp viên (tàu, máy bay)","flight attendant (train, plane)",乘务员为乘客提供服务。,chéngwùyuán wèi chéngkè tígōng fúwù.,Tiếp viên cung cấp dịch vụ cho hành khách.,Flight attendants provide service to passengers.,6
279,呈现,chéng xiàn,"trình bày, xuất hiện","present, appear",他的作品呈现了丰富的情感。,tā de zuòpǐn chéngxiàn le fēngfù de qínggǎn.,Tác phẩm của anh ấy thể hiện cảm xúc phong phú.,His work expresses rich emotions.,6
280,成效,chéng xiào,"hiệu quả, kết quả","effective, result",这种方法很有效。,zhè zhǒng fāngfǎ hěn yǒuxiào.,Phương pháp này rất hiệu quả.,This method is very effective.,6
281,成心,chéng xīn,"cố ý, cố tình",intentionally,他是成心想帮助你。,tā shì chéngxīn xiǎng bāngzhù nǐ.,Anh ấy thật lòng muốn giúp bạn.,He really wants to help you.,6
282,成员,chéng yuán,thành viên,member,他是团队的一员。,tā shì tuánduì de yī yuán.,Anh ấy là một thành viên của đội.,He is a member of the team.,6
283,诚挚,chéng zhì,"chân thành, tha thiết","sincere, earnest",他用诚挚的态度道歉。,tā yòng chéngzhì de tàidù dàoqiàn.,Anh ấy xin lỗi với thái độ chân thành.,He apologized with sincerity.,6
284,秤,chèng,"cái cân, cân",scale,他们正在用秤称重。,tāmen zhèngzài yòng chèng chēngzhòng.,Họ đang dùng cân để cân.,They are using scales to weigh.,6
285,吃苦,chī kǔ,"chịu khổ, chịu đựng",suffer,他在工作中很吃苦。,tā zài gōngzuò zhōng hěn chīkǔ.,Anh ấy làm việc rất chăm chỉ.,He works very hard.,6
286,吃力,chī lì,"tốn sức, mệt nhọc",tiring,他搬运这些东西非常吃力。,tā bānyùn zhèxiē dōngxī fēicháng chīlì.,Anh ấy rất khó khăn trong việc vận chuyển những thứ này.,He had a hard time transporting these things.,6
287,迟缓,chí huǎn,"chậm chạp, trì hoãn","slow, delay",他的反应很迟缓。,tā de fǎnyìng hěn chíhuǎn.,Phản ứng của anh ấy rất chậm.,His reaction was very slow.,6
288,持久,chí jiǔ,"bền bỉ, lâu dài","durable, long lasting",这种材料非常持久。,zhè zhǒng cáiliào fēicháng chíjiǔ.,Loại vật liệu này rất bền.,This material is very durable.,6
289,池塘,chí táng,"ao, hồ",pond,孩子们在池塘边玩耍。,háizimen zài chítáng biān wánshuǎ.,Trẻ em chơi đùa bên hồ.,Children playing by the lake.,6
290,迟疑,chí yí,"do dự, lưỡng lự",hesitate,他对这个决定有些迟疑。,tā duì zhège juédìng yǒuxiē chíyí.,Anh ấy do dự về quyết định này.,He hesitated about this decision.,6
291,赤道,chì dào,xích đạo,equator,赤道横穿地球。,chìdào héngchuān dìqiú.,Đường xích đạo chạy qua Trái đất.,The equator runs through the Earth.,6
292,赤字,chì zì,"thâm hụt, thiếu hụt",deficit,公司出现了严重的赤字。,gōngsī chūxiàn le yánzhòng de chìzì.,Công ty gặp phải thâm hụt nghiêm trọng.,The company ran into a serious deficit.,6
293,充当,chōng dāng,"đảm nhiệm, đóng vai","take on, play a role",他充当了调解人。,tā chōngdāng le tiáojiě rén.,Anh ấy đóng vai trò là người hòa giải.,He acts as a mediator.,6
294,冲动,chōng dòng,"xung động, kích động","impulse, agitation",他总是冲动行事。,tā zǒngshì chōngdòng xíngshì.,Anh ấy luôn hành động bốc đồng.,He always acts impulsively.,6
295,冲击,chōng jī,"tấn công, xung kích","attack, assault",洪水冲击了村庄。,hóngshuǐ chōngjī le cūnzhuāng.,Lũ lụt tấn công làng mạc.,Floods hit villages.,6
296,充沛,chōng pèi,"dồi dào, đầy đủ","abundant, full",他充沛的精力让人佩服。,tā chōngpèi de jīnglì ràng rén pèifú.,Năng lượng dồi dào của anh ấy khiến người ta ngưỡng mộ.,His abundant energy is admirable.,6
297,充实,chōng shí,"làm phong phú, bổ sung","enrich, supplement",我们需要充实自己的知识。,wǒmen xūyào chōngshí zìjǐ de zhīshì.,Chúng ta cần làm giàu kiến thức của mình.,We need to enrich our knowledge.,6
298,冲突,chōng tū,"xung đột, va chạm","conflict, collision",他们之间发生了冲突。,tāmen zhījiān fāshēng le chōngtū.,Đã xảy ra xung đột giữa họ.,There was a conflict between them.,6
299,充足,chōng zú,"đầy đủ, phong phú","full, rich",我们有充足的时间完成任务。,wǒmen yǒu chōngzú de shíjiān wánchéng rènwù.,Chúng ta có đủ thời gian để hoàn thành nhiệm vụ.,We have enough time to complete the task.,6
300,崇拜,chóng bài,"sùng bái, tôn thờ",worship,我非常崇拜他。,wǒ fēicháng chóngbài tā.,Tôi rất tôn sùng anh ấy.,I admire him so much.,6
301,重叠,chóng dié,"chồng chéo, trùng điệp",overlap,这两个图案重叠在一起。,zhè liǎng gè tú'àn chóngdié zài yīqǐ.,Hai mẫu này chồng lên nhau.,These two patterns overlap.,6
302,崇高,chóng gāo,"cao cả, cao quý",noble,他有崇高的理想。,tā yǒu chónggāo de lǐxiǎng.,Anh ấy có lý tưởng cao cả.,He has lofty ideals.,6
303,崇敬,chóng jìng,"kính trọng, tôn kính","respect, reverence",我们都崇敬他。,wǒmen dōu chóngjìng tā.,Chúng tôi đều kính trọng anh ấy.,We all respect him.,6
304,重阳节,Chóng yáng jié,lễ Trùng Cửu,Double Ninth Festival,重阳节是中国的传统节日。,Chóngyángjié shì Zhōngguó de chuántǒng jiérì.,Lễ Trùng Cửu là ngày lễ truyền thống của Trung Quốc.,Double Ninth Festival is a traditional Chinese holiday.,6
305,抽空,chōu kòng,tranh thủ thời gian,take advantage of time,我会抽空来看你。,wǒ huì chōukòng lái kàn nǐ.,Tôi sẽ tranh thủ thời gian để đến thăm bạn.,I will take time to visit you.,6
306,筹备,chóu bèi,"chuẩn bị, sắp xếp","prepare, arrange",他们正在筹备婚礼。,tāmen zhèngzài chóubèi hūnlǐ.,Họ đang chuẩn bị cho đám cưới.,They are preparing for the wedding.,6
307,踌躇,chóu chú,"do dự, lưỡng lự",hesitate,他踌躇了很久才决定。,tā chóuchú le hěn jiǔ cái juédìng.,Anh ấy do dự rất lâu mới quyết định.,He hesitated for a long time before deciding.,6
308,稠密,chóu mì,"dày đặc, đông đúc","dense, crowded",这个地区人口稠密。,zhège dìqū rénkǒu chóumì.,Khu vực này có dân số đông đúc.,This area is densely populated.,6
309,丑恶,chǒu è,"xấu xa, đê tiện","evil, vile",他的行为非常丑恶。,tā de xíngwéi fēicháng chǒu'è.,Hành vi của anh ấy rất xấu xa.,His behavior is very bad.,6
310,初步,chū bù,"sơ bộ, bước đầu",preliminary,这是一个初步计划。,zhè shì yī gè chūbù jìhuà.,Đây là một kế hoạch sơ bộ.,This is a preliminary plan.,6
311,出路,chū lù,"đường ra, lối thoát",exit,我们必须找到出路。,wǒmen bìxū zhǎodào chūlù.,Chúng ta phải tìm được lối thoát.,We must find a way out.,6
312,出卖,chū mài,"bán, phản bội","sell, betray",他出卖了自己的朋友。,tā chūmài le zìjǐ de péngyǒu.,Anh ấy phản bội bạn của mình.,He betrayed his friend.,6
313,出身,chū shēn,"xuất thân, gốc gác",origin,他出身于一个贫穷的家庭。,tā chūshēn yú yī gè pínqióng de jiātíng.,Anh ấy xuất thân từ một gia đình nghèo.,He comes from a poor family.,6
314,出神,chū shén,"mê mẩn, ngẩn ngơ","fascinated, bewildered",他看电影时出神了。,tā kàn diànyǐng shí chūshén le.,Anh ấy mải mê xem phim.,He was engrossed in watching the movie.,6
315,出息,chū xī,"triển vọng, tiền đồ",prospect,他有很大的出息。,tā yǒu hěn dà de chūxí.,Anh ấy rất có triển vọng.,He is very promising.,6
316,出洋相,chū yáng xiàng,"làm trò cười, bẽ mặt","make fun of, humiliate",他在会上出洋相了。,tā zài huì shàng chūyángxiàng le.,Anh ấy bị xấu hổ tại cuộc họp.,He was embarrassed at the meeting.,6
317,储备,chǔ bèi,"dự trữ, tích trữ","reserve, hoard",我们需要储备足够的物资。,wǒmen xūyào chǔbèi zúgòu de wùzī.,Chúng ta cần dự trữ đủ vật tư.,We need to stock up on supplies.,6
318,储存,chǔ cún,"dự trữ, cất giữ","reserve, store",这些数据需要储存起来。,zhèxiē shùjù xūyào chǔcún qǐlái.,Dữ liệu này cần được lưu trữ.,This data needs to be stored.,6
319,处分,chǔ fèn,"xử phạt, xử lý","punish, handle",他受到了处分。,tā shòudào le chǔfèn.,Anh ấy đã bị xử phạt.,He was punished.,6
320,处境,chǔ jìng,"tình cảnh, hoàn cảnh",situation,他的处境很困难。,tā de chǔjìng hěn kùnnán.,Tình cảnh của anh ấy rất khó khăn.,His situation is very difficult.,6
321,储蓄,chǔ xù,"tiết kiệm, để dành",save,我们需要建立一个储蓄账户。,wǒmen xūyào jiànlì yī gè chǔxù zhànghù.,Chúng ta cần mở một tài khoản tiết kiệm.,We need to open a savings account.,6
322,处置,chǔ zhì,"xử lý, xử trí","handle, handle",他被安排在这个岗位上。,tā bèi ānpái zài zhège gǎngwèi shàng.,Anh ấy được sắp xếp vào vị trí này.,He was assigned to this position.,6
323,触犯,chù fàn,"vi phạm, đụng chạm","violate, touch",他触犯了法律。,tā chùfàn le fǎlǜ.,Anh ấy đã vi phạm pháp luật.,He broke the law.,6
324,川流不息,chuān liú bù xī,"như nước chảy, không ngừng","like flowing water, never stopping",这条河川流不息。,zhè tiáo hé chuānliú bùxī.,Con sông này chảy không ngừng.,This river flows constantly.,6
325,穿越,chuān yuè,"vượt qua, xuyên qua","overcome, go through",他们穿越了沙漠。,tāmen chuānyuè le shāmò.,Họ đã vượt qua sa mạc.,They crossed the desert.,6
326,船舶,chuán bó,"tàu, thuyền",ship,这艘船舶非常大。,zhè sōu chuánbó fēicháng dà.,Con tàu này rất lớn.,This ship is huge.,6
327,传达,chuán dá,"truyền đạt, thông báo","communicate, inform",他传达了这个消息。,tā chuándá le zhège xiāoxi.,Anh ấy đã truyền đạt thông tin này.,He conveyed this information.,6
328,传单,chuán dān,"tờ rơi, truyền đơn","flyers, leaflets",他给我一张传单。,tā gěi wǒ yī zhāng chuándān.,Anh ấy đưa cho tôi một tờ rơi.,He gave me a flyer.,6
329,传授,chuán shòu,"truyền thụ, dạy dỗ","impart, teach",他传授了我们很多知识。,tā chuánshòu le wǒmen hěn duō zhīshì.,Anh ấy đã truyền dạy cho chúng tôi nhiều kiến thức.,He taught us a lot of knowledge.,6
330,喘气,chuǎn qì,"thở dốc, thở hổn hển",pant,他跑得气喘吁吁。,tā pǎo de qìchuǎn xūxū.,Anh ấy chạy thở hổn hển.,He ran panting.,6
331,串,chuàn,"xâu, chuỗi",string,我们把钥匙串在一起。,wǒmen bǎ yàoshi chuàn zài yīqǐ.,Chúng tôi xâu chìa khóa lại với nhau.,We strung the keys together.,6
332,床单,chuáng dān,ga trải giường,bed sheet,这条床单很干净。,zhè tiáo chuángdān hěn gānjìng.,Ga giường này rất sạch.,This bed sheet is very clean.,6
333,创立,chuàng lì,"sáng lập, thành lập","founding, establishment",他创立了自己的公司。,tā chuànglì le zìjǐ de gōngsī.,Anh ấy đã thành lập công ty của mình.,He founded his own company.,6
334,创新,chuàng xīn,"đổi mới, sáng tạo",innovation,我们需要不断创新。,wǒmen xūyào bùduàn chuàngxīn.,Chúng ta cần không ngừng đổi mới.,We need to constantly innovate.,6
335,创业,chuàng yè,khởi nghiệp,start up,他决定创业。,tā juédìng chuàngyè.,Anh ấy quyết định khởi nghiệp.,He decided to start a business.,6
336,创作,chuàng zuò,sáng tác,compose,这是一部创作小说。,zhè shì yī bù chuàngzuò xiǎoshuō.,Đây là một tiểu thuyết sáng tác.,This is a creative novel.,6
337,吹牛,chuī niú,"khoác lác, nói phét",brag,他总是喜欢吹牛。,tā zǒngshì xǐhuān chuīniú.,Anh ấy luôn thích khoác lác.,He always likes to brag.,6
338,吹捧,chuī pěng,"tán tụng, tâng bốc","praise, flatter",他们过分吹捧了他的成绩。,tāmen guòfèn chuīpěng le tā de chéngjī.,Họ đã quá tâng bốc thành tích của anh ấy.,They have over-hyped his achievements.,6
339,锤,chuí,cái búa,hammer,他用锤子敲钉子。,tā yòng chuízi qiāo dīngzi.,Anh ấy dùng búa đóng đinh.,He used a hammer to hammer a nail.,6
340,垂直,chuí zhí,thẳng đứng,vertical,这根柱子是垂直的。,zhè gēn zhùzi shì chuízhí de.,Cái cột này là thẳng đứng.,This column is vertical.,6
341,纯粹,chún cuì,thuần túy,pure,他是一个纯粹的艺术家。,tā shì yī gè chúncuì de yìshùjiā.,Anh ấy là một nghệ sĩ thuần túy.,He is a pure artist.,6
342,纯洁,chún jié,"trong sạch, thuần khiết","clean, pure",这个城市的空气很纯洁。,zhège chéngshì de kōngqì hěn chúnjié.,Không khí của thành phố này rất trong lành.,The air in this city is very fresh.,6
343,词汇,cí huì,từ vựng,vocabulary,我们需要学习更多的词汇。,wǒmen xūyào xuéxí gèng duō de cíhuì.,Chúng ta cần học nhiều từ vựng hơn.,We need to learn more vocabulary.,6
344,慈祥,cí xiáng,"từ bi, hiền hậu","compassionate, gentle",她的笑容很慈祥。,tā de xiàoróng hěn cíxiáng.,Nụ cười của cô ấy rất hiền từ.,Her smile is very gentle.,6
345,雌雄,cí xióng,đực và cái,male and female,这些鸟类是雌雄同体的。,zhèxiē niǎolèi shì cíxióng tóngtǐ de.,Những loài chim này là lưỡng tính.,These birds are hermaphrodites.,6
346,刺,cì,"gai, đâm",thorn,他被刺伤了。,tā bèi cìshāng le.,Anh ấy bị đâm.,He was stabbed.,6
347,伺候,cì hòu,"phục vụ, chăm sóc","service, care",他在伺候病人。,tā zài cìhòu bìngrén.,Anh ấy đang chăm sóc bệnh nhân.,He is taking care of the patient.,6
348,次品,cì pǐn,hàng lỗi,defective goods,这个产品是次品。,zhège chǎnpǐn shì cìpǐn.,Sản phẩm này là hàng kém chất lượng.,This product is of poor quality.,6
349,次序,cì xù,thứ tự,order,请按次序排队。,qǐng àn cìxù páiduì.,Xin vui lòng xếp hàng theo thứ tự.,Please line up in order.,6
350,丛,cóng,"bụi, lùm",bush,这是一片丛林。,zhè shì yī piàn cónglín.,Đây là một khu rừng rậm.,This is a dense forest.,6
351,从容不迫,cóng róng bù pò,"ung dung, bình tĩnh",calm,他从容不迫地回答问题。,tā cóngróng bù pò de huídá wèntí.,Anh ấy bình tĩnh trả lời câu hỏi.,He calmly answered the question.,6
352,凑合,còu he,"tạm bợ, tạm thời",temporary,我们需要凑合着用这些资源。,wǒmen xūyào còuhé zhe yòng zhèxiē zīyuán.,Chúng ta cần tạm dùng những tài nguyên này.,We need to make temporary use of these resources.,6
353,粗鲁,cū lǔ,"thô lỗ, cộc cằn","rude, gruff",他的态度很粗鲁。,tā de tàidù hěn cūlǔ.,Thái độ của anh ấy rất thô lỗ.,His attitude was very rude.,6
354,窜,cuàn,"chạy trốn, trốn chạy","run away, run away",小偷在夜里窜逃了。,xiǎotōu zài yèlǐ cuàntáo le.,Tên trộm trốn thoát trong đêm.,The thief escaped during the night.,6
355,摧残,cuī cán,"tàn phá, phá hoại",destroy,战争摧残了这个国家。,zhànzhēng cuīcán le zhège guójiā.,Chiến tranh đã tàn phá đất nước này.,War has devastated this country.,6
356,脆弱,cuì ruò,"yếu ớt, dễ vỡ",fragile,他的身体很脆弱。,tā de shēntǐ hěn cuìruò.,Sức khỏe của anh ấy rất yếu.,His health is very poor.,6
357,搓,cuō,"vò, chà",rub,他在搓手指。,tā zài cuō shǒuzhǐ.,Anh ấy đang xoa ngón tay.,He is rubbing his fingers.,6
358,磋商,cuō shāng,"đàm phán, thương lượng",negotiate,他们正在进行磋商。,tāmen zhèngzài jìnxíng cuōshāng.,Họ đang tiến hành thảo luận.,They are in discussion.,6
359,挫折,cuò zhé,"trở ngại, thất bại","obstacle, failure",他在克服挫折中成长。,tā zài kèfú cuòzhé zhōng chéngzhǎng.,Anh ấy trưởng thành trong việc vượt qua khó khăn.,He matures in overcoming difficulties.,6
360,搭,dā,"lắp đặt, dựng lên","install, erect",我帮你搭个棚子。,wǒ bāng nǐ dā gè péngzi.,Tôi sẽ giúp bạn dựng một cái lều.,I will help you set up a tent.,6
361,搭档,dā dàng,"cộng tác, hợp tác",collaborate,他们是一对好搭档。,tāmen shì yī duì hǎo dādàng.,Họ là một cặp cộng sự tốt.,They are a good pair of partners.,6
362,搭配,dā pèi,"phối hợp, kết hợp","coordinate, combine",你可以自由搭配衣服。,nǐ kěyǐ zìyóu dāpèi yīfu.,Bạn có thể phối đồ tự do.,You can mix and match freely.,6
363,答辩,dá biàn,"biện hộ, bào chữa",defense,他在法庭上答辩。,tā zài fǎtíng shàng dábiàn.,Anh ấy biện hộ tại tòa.,He defended himself in court.,6
364,达成,dá chéng,"đạt thành, đạt được",achieve,我们达成了协议。,wǒmen dáchéng le xiéyì.,Chúng tôi đã đạt được thỏa thuận.,We have reached an agreement.,6
365,答复,dá fù,"trả lời, đáp lại",reply,他给了我一个答复。,tā gěi le wǒ yī gè dáfù.,Anh ấy đã đưa ra câu trả lời cho tôi.,He gave me the answer.,6
366,打包,dǎ bāo,"đóng gói, gói hàng",packing,请把这些东西打包好。,qǐng bǎ zhèxiē dōngxi dǎbāo hǎo.,Vui lòng đóng gói những thứ này.,Please pack these things.,6
367,打官司,dǎ guān si,kiện tụng,litigation,他在法庭上打官司。,tā zài fǎtíng shàng dǎguānsi.,Anh ấy đang kiện tụng tại tòa.,He is in court.,6
368,打击,dǎ jī,"đánh, đập",beat,我们必须打击犯罪。,wǒmen bìxū dǎjí fànzuì.,Chúng ta phải trấn áp tội phạm.,We must crack down on crime.,6
369,打架,dǎ jià,đánh nhau,fight,他们在街上打架。,tāmen zài jiē shàng dǎjià.,Họ đang đánh nhau trên phố.,They are fighting in the street.,6
370,打量,dǎ liang,"quan sát, xem xét","observe, consider",他在仔细打量这个物件。,tā zài zǐxì dǎliàng zhège wùjiàn.,Anh ấy đang quan sát kỹ vật này.,He is looking closely at this object.,6
371,打猎,dǎ liè,săn bắn,hunt,他喜欢打猎。,tā xǐhuān dǎliè.,Anh ấy thích đi săn.,He likes hunting.,6
372,打仗,dǎ zhàng,"đánh trận, chiến đấu",fight,他们在边境打仗。,tāmen zài biānjìng dǎzhàng.,Họ đang chiến đấu ở biên giới.,They are fighting on the border.,6
373,大不了,dà bù liǎo,"cùng lắm, chẳng qua","at most, just",这件事大不了就这样了。,zhè jiàn shì dàbùliǎo jiù zhèyàng le.,Chuyện này cùng lắm cũng chỉ thế thôi.,This is just the end of the story.,6
374,大臣,dà chén,đại thần,minister,大臣们在开会。,dàchénmen zài kāihuì.,Các đại thần đang họp.,The ministers are meeting.,6
375,大伙儿,dà huǒr,"mọi người, tất cả","everyone, all",大伙儿都很开心。,dàhuǒr dōu hěn kāixīn.,Mọi người đều rất vui vẻ.,Everyone was very happy.,6
376,大厦,dà shà,tòa nhà lớn,big building,这座大厦非常壮观。,zhè zuò dàshà fēicháng zhuàngguān.,Tòa nhà này rất tráng lệ.,This building is magnificent.,6
377,大肆,dà sì,"bừa bãi, tùy tiện","haphazard, arbitrary",他们大肆庆祝。,tāmen dàsì qìngzhù.,Họ ăn mừng rầm rộ.,They celebrated loudly.,6
378,大体,dà tǐ,"đại thể, nhìn chung",generally,大体上来说，他是对的。,"dàtǐ shàng lái shuō, tā shì duì de.","Nói chung, anh ấy đúng.","Generally speaking, he is right.",6
379,大意,dà yì,"đại ý, sơ suất","general idea, oversight",我的大意是这样的。,wǒ de dàyì shì zhèyàng de.,Ý chính của tôi là như thế này.,My main point is this.,6
380,大致,dà zhì,"đại khái, chung chung","roughly, generally",计划大致完成了。,jìhuà dàzhì wánchéng le.,Kế hoạch đã gần hoàn thành.,The plan is almost complete.,6
381,歹徒,dǎi tú,"tên cướp, kẻ xấu","robber, bad guy",歹徒被警方抓住了。,dǎitú bèi jǐngfāng zhuāzhù le.,Tên tội phạm bị cảnh sát bắt.,The criminal was arrested by the police.,6
382,逮捕,dài bǔ,"bắt giữ, bắt bớ","arrest, arrest",他被逮捕了。,tā bèi dàibǔ le.,Anh ấy đã bị bắt.,He was arrested.,6
383,代价,dài jià,"giá cả, chi phí","price, cost",我们必须付出代价。,wǒmen bìxū fùchū dàijià.,Chúng ta phải trả giá.,We have to pay the price.,6
384,代理,dài lǐ,"đại lý, đại diện","agent, representative",他是我们的代理。,tā shì wǒmen de dàilǐ.,Anh ấy là đại lý của chúng tôi.,He is our agent.,6
385,带领,dài lǐng,"dẫn dắt, lãnh đạo",lead,他带领团队取得了成功。,tā dàilǐng tuánduì qǔdé le chénggōng.,Anh ấy dẫn dắt đội nhóm đến thành công.,He leads the team to success.,6
386,怠慢,dài màn,"lơ là, không nhiệt tình","negligent, unenthusiastic",他对我们很怠慢。,tā duì wǒmen hěn dàimàn.,Anh ấy rất thờ ơ với chúng tôi.,He is very indifferent to us.,6
387,担保,dān bǎo,"đảm bảo, bảo lãnh",guarantee,他担保这笔交易。,tā dānbǎo zhè bǐ jiāoyì.,Anh ấy đảm bảo cho giao dịch này.,He guarantees this deal.,6
388,胆怯,dǎn qiè,"nhút nhát, sợ hãi","shy, scared",他很胆怯，不敢说话。,"tā hěn dǎnqiè, bù gǎn shuōhuà.","Anh ấy rất nhút nhát, không dám nói.","He is so shy, he dare not speak.",6
389,蛋白质,dàn bái zhì,"chất đạm, protein",protein,蛋白质对身体很重要。,dànbáizhì duì shēntǐ hěn zhòngyào.,Protein rất quan trọng cho cơ thể.,Protein is very important for the body.,6
390,诞辰,dàn chén,sinh nhật,birthday,今天是他的诞辰。,jīntiān shì tā de dànchén.,Hôm nay là sinh nhật của anh ấy.,Today is his birthday.,6
391,淡季,dàn jì,mùa thấp điểm,low season,这是淡季，游客不多。,"zhè shì dànjì, yóukè bù duō.","Đây là mùa thấp điểm, không có nhiều khách du lịch.","This is low season, there are not many tourists.",6
392,诞生,dàn shēng,"ra đời, sinh ra",born,他在这个城市诞生。,tā zài zhège chéngshì dànshēng.,Anh ấy sinh ra ở thành phố này.,He was born in this city.,6
393,淡水,dàn shuǐ,nước ngọt,soft drink,这里的水是淡水。,zhèlǐ de shuǐ shì dànshuǐ.,Nước ở đây là nước ngọt.,The water here is fresh water.,6
394,当场,dāng chǎng,"tại chỗ, ngay tại nơi",on the spot,当场抓住了小偷。,dāngchǎng zhuāzhù le xiǎotōu.,Tên trộm bị bắt tại chỗ.,The thief was arrested on the spot.,6
395,当初,dāng chū,"ban đầu, lúc đầu",initially,当初我们都很年轻。,dāngchū wǒmen dōu hěn niánqīng.,Hồi đó chúng tôi đều rất trẻ.,We were all very young then.,6
396,当面,dāng miàn,trước mặt,in front of,我们需要当面讨论。,wǒmen xūyào dāngmiàn tǎolùn.,Chúng ta cần thảo luận trực tiếp.,We need to discuss this directly.,6
397,当前,dāng qián,"hiện nay, hiện tại","now, present",当前的问题是经济发展。,dāngqián de wèntí shì jīngjì fāzhǎn.,Vấn đề hiện nay là phát triển kinh tế.,The problem now is economic development.,6
398,当事人,dāng shì rén,"đương sự, người liên quan",party concerned,当事人已经到场。,dāngshìrén yǐjīng dàochǎng.,Người có liên quan đã có mặt.,The person concerned was present.,6
399,当务之急,dāng wù zhī jí,việc cấp bách hiện tại,current urgency,这是当务之急。,zhè shì dāngwù zhī jí.,Đây là việc cấp bách nhất.,This is the most urgent matter.,6
400,当心,dāng xīn,"cẩn thận, chú ý","careful, pay attention",当心路上的车。,dāngxīn lùshàng de chē.,Hãy cẩn thận xe trên đường.,Be careful of cars on the road.,6
401,当选,dāng xuǎn,"được bầu, trúng cử",elected,他被当选为市长。,tā bèi dāngxuǎn wéi shìzhǎng.,Anh ấy được bầu làm thị trưởng.,He was elected mayor.,6
402,党,dǎng,đảng,party,党员们在开会。,dǎngyuánmen zài kāihuì.,Các đảng viên đang họp.,The party members are meeting.,6
403,档案,dàng àn,"hồ sơ, tài liệu","profile, document",请保存好这些档案。,qǐng bǎocún hǎo zhèxiē dàng'àn.,Vui lòng lưu trữ tốt các tài liệu này.,Please keep these documents well.,6
404,档次,dàng cì,"đẳng cấp, mức độ",level,这个酒店的档次很高。,zhège jiǔdiàn de dàngcì hěn gāo.,Khách sạn này có đẳng cấp cao.,This hotel is of high class.,6
405,倒闭,dǎo bì,"phá sản, đóng cửa","bankruptcy, closure",那家公司已经倒闭了。,nà jiā gōngsī yǐjīng dǎobì le.,Công ty đó đã phá sản rồi.,That company went bankrupt.,6
406,导弹,dǎo dàn,tên lửa,missile,他们测试了一枚导弹。,tāmen cèshì le yī méi dǎodàn.,Họ đã thử nghiệm một quả tên lửa.,They tested a missile.,6
407,导航,dǎo háng,"dẫn đường, điều hướng",navigation,他使用导航系统。,tā shǐyòng dǎoháng xìtǒng.,Anh ấy sử dụng hệ thống định vị.,He uses a navigation system.,6
408,捣乱,dǎo luàn,"gây rối, phá rối",disturb,小孩子在课堂上捣乱。,xiǎoháizi zài kètáng shàng dǎoluàn.,Trẻ em đang quấy rối trong lớp.,Children are causing trouble in class.,6
409,导向,dǎo xiàng,"hướng dẫn, dẫn đường","guide, guide",这个计划的导向很明确。,zhège jìhuà de dǎoxiàng hěn míngquè.,Hướng dẫn của kế hoạch này rất rõ ràng.,The instructions for this plan are very clear.,6
410,岛屿,dǎo yǔ,"đảo nhỏ, quần đảo",archipelago,中国有很多美丽的岛屿。,Zhōngguó yǒu hěn duō měilì de dǎoyǔ.,Trung Quốc có nhiều hòn đảo xinh đẹp.,China has many beautiful islands.,6
411,稻谷,dào gǔ,lúa,paddy,稻谷已经成熟了。,dàogǔ yǐjīng chéngshú le.,Lúa đã chín.,The rice is ripe.,6
412,盗窃,dào qiè,trộm cắp,theft,他因盗窃罪被捕。,tā yīn dàoqiè zuì bèi bǔ.,Anh ấy bị bắt vì tội trộm cắp.,He was arrested for theft.,6
413,得不偿失,dé bù cháng shī,mất nhiều hơn được,lose more than gain,如果这样做，得不偿失。,"rúguǒ zhèyàng zuò, débùchángshī.","Nếu làm như vậy, lợi bất cập hại.","If you do so, the harm will outweigh the benefit.",6
414,得力,dé lì,"có hiệu quả, hữu hiệu",effective,他是我们得力的助手。,tā shì wǒmen délì de zhùshǒu.,Anh ấy là trợ lý đắc lực của chúng tôi.,He is our right-hand man.,6
415,得天独厚,dé tiān dú hòu,"được trời phú, ưu đãi",endowed,这个地方得天独厚。,zhège dìfāng détiān-dúhòu.,Nơi này có điều kiện tự nhiên ưu đãi.,This place has favorable natural conditions.,6
416,得罪,dé zuì,"gây tội, xúc phạm",offend,他很怕得罪人。,tā hěn pà dézuì rén.,Anh ấy rất sợ làm mất lòng người khác.,He is very afraid of offending others.,6
417,蹬,dēng,"đạp, giẫm",trample,他蹬了一下自行车。,tā dēng le yī xià zìxíngchē.,Anh ấy đạp xe đạp một cái.,He rode his bike once.,6
418,灯笼,dēng lóng,đèn lồng,lantern,我们挂了很多灯笼。,wǒmen guà le hěn duō dēnglóng.,Chúng tôi đã treo nhiều đèn lồng.,We hung many lanterns.,6
419,登陆,dēng lù,"đổ bộ, cập bến",landing,他顺利登陆了网站。,tā shùnlì dēnglù le wǎngzhàn.,Anh ấy đăng nhập vào trang web một cách suôn sẻ.,He logged into the website smoothly.,6
420,登录,dēng lù,"đăng nhập, ghi chép","log in, record",请登录您的账号。,qǐng dēnglù nín de zhànghào.,Vui lòng đăng nhập vào tài khoản của bạn.,Please log in to your account.,6
421,等级,děng jí,"cấp bậc, đẳng cấp","rank, class",这个系统有多个等级。,zhège xìtǒng yǒu duō gè děngjí.,Hệ thống này có nhiều cấp bậc.,This system has many levels.,6
422,瞪,dèng,"trừng mắt, nhìn trừng",glare,他瞪了我一眼。,tā dèng le wǒ yī yǎn.,Anh ấy lườm tôi một cái.,He glared at me.,6
423,堤坝,dī bà,"đê, đập",dam,堤坝保护着村庄。,dībà bǎohù zhe cūnzhuāng.,Đê bảo vệ làng mạc.,Dike to protect villages.,6
424,敌视,dí shì,"thù địch, địch thị","hostile, hostile",他们对外国人很敌视。,tāmen duì wàiguó rén hěn díshì.,Họ rất thù địch với người nước ngoài.,They are very hostile to foreigners.,6
425,抵达,dǐ dá,"đến, đạt đến",to reach,他刚刚抵达目的地。,tā gānggāng dǐdá mùdìdì.,Anh ấy vừa mới đến đích.,He just arrived at his destination.,6
426,抵抗,dǐ kàng,"kháng cự, chống lại","resist, oppose",我们要抵抗敌人的进攻。,wǒmen yào dǐkàng dírén de jìngōng.,Chúng ta phải chống lại sự tấn công của kẻ thù.,We must resist the enemy's attack.,6
427,抵制,dǐ zhì,"tẩy chay, ngăn chặn","boycott, block",他们决定抵制这个产品。,tāmen juédìng dǐzhì zhège chǎnpǐn.,Họ quyết định tẩy chay sản phẩm này.,They decided to boycott this product.,6
428,地步,dì bù,"tình trạng, tình hình","condition, situation",他的生活已经到了绝境。,tā de shēnghuó yǐjīng dàole juéjìng.,Cuộc sống của anh ấy đã đến mức không còn đường thoát.,His life had reached the point of no return.,6
429,地道,dì dao,"địa đạo, chính cống","underground, genuine",这个地方的建筑很地道。,zhège dìfāng de jiànzhú hěn dìdao.,Các công trình xây dựng ở nơi này rất chính thống.,The constructions in this place are very orthodox.,6
430,地势,dì shì,"địa thế, địa hình",terrain,山区的地势很险峻。,shānqū de dìshì hěn xiǎnjùn.,Địa thế của vùng núi rất hiểm trở.,The terrain of the mountains is very rugged.,6
431,递增,dì zēng,"tăng dần, tăng lên",increase,他的工作量在不断递增。,tā de gōngzuòliàng zài bùduàn dìzēng.,Khối lượng công việc của anh ấy đang tăng lên không ngừng.,His workload is increasing steadily.,6
432,地质,dì zhì,địa chất,Geology,我们研究了地质结构。,wǒmen yánjiū le dìzhì jiégòu.,Chúng tôi đã nghiên cứu cấu trúc địa chất.,We have studied the geological structure.,6
433,颠簸,diān bǒ,"lắc lư, chao đảo",sway,飞机在空中颠簸。,fēijī zài kōngzhōng diānbǒ.,Máy bay rung lắc trên không trung.,The plane shook in the air.,6
434,颠倒,diān dǎo,"đảo lộn, lộn ngược",upside down,他把事情颠倒了。,tā bǎ shìqíng diāndǎo le.,Anh ấy đã đảo lộn mọi việc.,He turned everything upside down.,6
435,典礼,diǎn lǐ,"lễ, buổi lễ",ceremony,他们在举行婚礼典礼。,tāmen zài jǔxíng hūnlǐ diǎnlǐ.,Họ đang tổ chức lễ cưới.,They are having a wedding ceremony.,6
436,典型,diǎn xíng,"điển hình, mẫu mực",typical,他是一个典型的好学生。,tā shì yī gè diǎnxíng de hǎo xuéshēng.,Anh ấy là một học sinh điển hình.,He is a typical student.,6
437,点缀,diǎn zhuì,"điểm xuyết, trang trí",embellishment,我们在花园里点缀了一些花。,wǒmen zài huāyuán lǐ diǎnzhuì le yīxiē huā.,Chúng tôi đã trang trí một số hoa trong vườn.,We decorated some flowers in the garden.,6
438,垫,diàn,"đệm, lót","cushion, lining",请在椅子上放一个垫子。,qǐng zài yǐzi shàng fàng yī gè diànzi.,Vui lòng đặt một cái đệm trên ghế.,Please put a cushion on the chair.,6
439,奠定,diàn dìng,đặt nền móng,lay the foundation,这个决定奠定了基础。,zhège juédìng diàndìng le jīchǔ.,Quyết định này đã đặt nền móng.,This decision laid the foundation.,6
440,惦记,diàn jì,"nhớ nhung, lo lắng","miss, worry",我常常惦记着你。,wǒ chángcháng diànjì zhe nǐ.,Tôi thường xuyên nhớ đến bạn.,I think of you often.,6
441,电源,diàn yuán,nguồn điện,power source,确保电源是安全的。,quèbǎo diànyuán shì ānquán de.,Đảm bảo nguồn điện an toàn.,Ensure safe power supply.,6
442,叼,diāo,ngậm,suck,小狗叼着骨头。,xiǎogǒu diāo zhe gǔtou.,Chú chó ngậm khúc xương.,The dog has a bone in its mouth.,6
443,雕刻,diāo kè,điêu khắc,sculpture,他擅长雕刻。,tā shàncháng diāokè.,Anh ấy giỏi chạm khắc.,He is good at carving.,6
444,雕塑,diāo sù,tượng điêu khắc,sculpture,这座城市有许多雕塑。,zhè zuò chéngshì yǒu xǔduō diāosù.,Thành phố này có nhiều bức tượng.,This city has many statues.,6
445,吊,diào,"treo, móc",hang,他从树上掉下来。,tā cóng shù shàng diào xiàlái.,Anh ấy rơi từ trên cây xuống.,He fell from the tree.,6
446,调动,diào dòng,điều động,mobilize,公司正在调动人事。,gōngsī zhèngzài diàodòng rénshì.,Công ty đang điều động nhân sự.,The company is mobilizing personnel.,6
447,跌,diē,"ngã, rơi",fall,他从楼梯上跌倒了。,tā cóng lóutī shàng diēdǎo le.,Anh ấy ngã từ cầu thang xuống.,He fell down the stairs.,6
448,盯,dīng,nhìn chăm chú,look closely,她一直盯着屏幕。,tā yīzhí dīng zhe píngmù.,Cô ấy cứ nhìn chằm chằm vào màn hình.,She kept staring at the screen.,6
449,叮嘱,dīng zhǔ,dặn dò,advice,妈妈叮嘱我多穿衣服。,māma dīngzhǔ wǒ duō chuān yīfú.,Mẹ dặn dò tôi mặc thêm áo.,My mother told me to wear more clothes.,6
450,定期,dìng qī,định kỳ,periodic,我们需要定期检查设备。,wǒmen xūyào dìngqī jiǎnchá shèbèi.,Chúng ta cần kiểm tra thiết bị định kỳ.,We need to check the equipment periodically.,6
451,定义,dìng yì,định nghĩa,define,请给出一个明确的定义。,qǐng gěi chū yī gè míngquè de dìngyì.,Vui lòng đưa ra một định nghĩa rõ ràng.,Please give a clear definition.,6
452,丢人,diū rén,mất mặt,lose face,他的行为很丢人。,tā de xíngwéi hěn diūrén.,Hành vi của anh ấy thật mất mặt.,His behavior was disgraceful.,6
453,丢三落四,diū sān là sì,quên trước quên sau,forget,他经常丢三落四。,tā jīngcháng diūsān-làsì.,Anh ấy thường xuyên hay quên.,He is often forgetful.,6
454,东道主,dōng dào zhǔ,"chủ nhà, chủ tiệc",host,他们是这次活动的东道主。,tāmen shì zhè cì huódòng de dōngdàozhǔ.,Họ là chủ nhà của sự kiện này.,They are the hosts of this event.,6
455,东张西望,dōng zhāng xī wàng,nhìn đông nhìn tây,look east look west,小猫东张西望。,xiǎomāo dōngzhāngxīwàng.,Chú mèo con nhìn quanh quất.,The kitten looked around.,6
456,董事长,dǒng shì zhǎng,chủ tịch hội đồng quản trị,Chairman of the Board,他是公司的董事长。,tā shì gōngsī de dǒngshìzhǎng.,Anh ấy là chủ tịch hội đồng quản trị của công ty.,He is the chairman of the board of directors of the company.,6
457,栋,dòng,"cây trụ, cây cột",pillar,这栋楼很高。,zhè dòng lóu hěn gāo.,Tòa nhà này rất cao.,This building is very tall.,6
458,动荡,dòng dàng,"động loạn, bất ổn","turmoil, instability",政治局势动荡。,zhèngzhì júshì dòngdàng.,Tình hình chính trị bất ổn.,Political instability.,6
459,动机,dòng jī,"động cơ, lý do","motive, reason",他有很强的动机。,tā yǒu hěn qiáng de dòngjī.,Anh ấy có động cơ rất mạnh.,He has a very strong motive.,6
460,冻结,dòng jié,đóng băng,freeze,他的账户被冻结了。,tā de zhànghù bèi dòngjié le.,Tài khoản của anh ấy đã bị đóng băng.,His account has been frozen.,6
461,动静,dòng jìng,"động tĩnh, tình hình",situation,外面很安静，没有动静。,"wàimiàn hěn ānjìng, méiyǒu dòngjìng.","Bên ngoài rất yên tĩnh, không có tiếng động.","It was very quiet outside, no sound.",6
462,动力,dòng lì,động lực,motivation,这个计划需要更多的动力。,zhège jìhuà xūyào gèng duō de dònglì.,Kế hoạch này cần thêm động lực.,This plan needs more motivation.,6
463,动脉,dòng mài,động mạch,artery,人体的动脉很重要。,réntǐ de dòngmài hěn zhòngyào.,Động mạch của cơ thể rất quan trọng.,The body's arteries are very important.,6
464,动身,dòng shēn,"khởi hành, lên đường","depart, set off",他决定明天动身。,tā juédìng míngtiān dòngshēn.,Anh ấy quyết định khởi hành vào ngày mai.,He decided to leave tomorrow.,6
465,动手,dòng shǒu,"ra tay, bắt tay",handshake,请大家动手准备晚餐。,qǐng dàjiā dòngshǒu zhǔnbèi wǎncān.,Mọi người hãy cùng nhau chuẩn bị bữa tối.,Let's prepare dinner together.,6
466,动态,dòng tài,tình trạng động,dynamic state,我们需要了解市场的动态。,wǒmen xūyào liǎojiě shìchǎng de dòngtài.,Chúng ta cần hiểu rõ động thái của thị trường.,We need to understand the market dynamics.,6
467,洞穴,dòng xué,hang động,cave,洞穴里很暗。,dòngxué lǐ hěn àn.,Trong hang rất tối.,It was very dark in the cave.,6
468,动员,dòng yuán,động viên,mobilize,我们需要动员所有人参与。,wǒmen xūyào dòngyuán suǒyǒu rén cānyù.,Chúng ta cần huy động tất cả mọi người tham gia.,We need to get everyone involved.,6
469,兜,dōu,"túi, bao",bag,他兜里有很多零钱。,tā dōu lǐ yǒu hěn duō língqián.,Trong túi anh ấy có nhiều tiền lẻ.,He has a lot of change in his pocket.,6
470,陡峭,dǒu qiào,"dốc đứng, hiểm trở","steep, dangerous",这座山很陡峭。,zhè zuò shān hěn dǒuqiào.,Ngọn núi này rất dốc.,This mountain is very steep.,6
471,斗争,dòu zhēng,đấu tranh,fight,他们在进行斗争。,tāmen zài jìnxíng dòuzhēng.,Họ đang tiến hành đấu tranh.,They are waging a struggle.,6
472,督促,dū cù,"đốc thúc, thúc giục",urge,老师督促学生们学习。,lǎoshī dūcù xuéshēngmen xuéxí.,Giáo viên đôn đốc học sinh học tập.,Teachers urge students to study.,6
473,都市,dū shì,"đô thị, thành phố","urban, city",这个都市很繁华。,zhège dūshì hěn fánhuá.,Thành phố này rất phồn hoa.,This city is very prosperous.,6
474,独裁,dú cái,độc tài,dictatorial,他是一个独裁者。,tā shì yī gè dúcáizhě.,Anh ấy là một kẻ độc tài.,He is a dictator.,6
475,毒品,dú pǐn,ma túy,drug,毒品交易很危险。,dúpǐn jiāoyì hěn wēixiǎn.,Giao dịch ma túy rất nguy hiểm.,Drug dealing is very dangerous.,6
476,赌博,dǔ bó,"đánh bạc, cờ bạc",gambling,他沉迷于赌博，无法自拔,"tā chénmí yú dǔbó, wúfǎ zìbá.","Anh ấy nghiện cờ bạc, không thể tự thoát ra được.",He is addicted to gambling and cannot get out of it.,6
477,堵塞,dǔ sè,tắc nghẽn,congestion,这个问题已经堵塞了进展。,zhège wèntí yǐjīng dǔsè le jìnzhǎn.,Vấn đề này đã cản trở sự tiến bộ.,This problem has hindered progress.,6
478,杜绝,dù jué,"ngăn chặn, dứt tuyệt","stop, stop",我们必须杜绝浪费。,wǒmen bìxū dùjué làngfèi.,Chúng ta phải ngăn chặn lãng phí.,We must stop waste.,6
479,端,duān,"đầu, điểm","head, point",这是问题的关键点。,zhè shì wèntí de guānjiàn diǎn.,Đây là điểm then chốt của vấn đề.,This is the crux of the matter.,6
480,端午节,duān wǔ jié,Tết Đoan Ngọ,Dragon Boat Festival,我们在端午节吃粽子。,wǒmen zài duānwǔjié chī zòngzi.,Chúng tôi ăn bánh ú vào Tết Đoan Ngọ.,We eat sticky rice cake on Dragon Boat Festival.,6
481,端正,duān zhèng,"chỉnh đốn, ngay thẳng",upright,我们需要端正态度。,wǒmen xūyào duānzhèng tàidù.,Chúng ta cần chỉnh đốn thái độ.,We need to correct our attitudes.,6
482,短促,duǎn cù,ngắn ngủi,short,时间很短促。,shíjiān hěn duǎncù.,Thời gian rất ngắn ngủi.,Time is very short.,6
483,断定,duàn dìng,"phán đoán, kết luận","judgment, conclusion",我们断定他会成功。,wǒmen duàndìng tā huì chénggōng.,Chúng tôi kết luận rằng anh ấy sẽ thành công.,We conclude that he will be successful.,6
484,断断续续,duàn duàn xù xù,"ngắt quãng, rời rạc",intermittent,信号断断续续。,xìnhào duànduàn-xùxù.,Tín hiệu bị gián đoạn.,Signal is interrupted.,6
485,断绝,duàn jué,đoạn tuyệt,rupture,他们断绝了关系。,tāmen duànjué le guānxì.,Họ đã cắt đứt quan hệ.,They have broken off relations.,6
486,堆积,duī jī,"chất đống, tích lũy","pile up, accumulate",垃圾堆积如山。,lājī duījī rú shān.,Rác chất đống như núi.,Garbage piled up like mountains.,6
487,对策,duì cè,"đối sách, phương án","countermeasures, plans",我们需要制定对策。,wǒmen xūyào zhìdìng duìcè.,Chúng ta cần đề ra biện pháp đối phó.,We need to come up with countermeasures.,6
488,对称,duì chèn,đối xứng,Symmetrical,这个建筑对称而美丽。,zhège jiànzhú duìchèn ér měilì.,Tòa nhà này cân xứng và đẹp.,This building is symmetrical and beautiful.,6
489,对付,duì fù,"đối phó, xử lý","deal with, handle",我们可以对付这个问题。,wǒmen kěyǐ duìfù zhège wèntí.,Chúng ta có thể giải quyết vấn đề này.,We can solve this problem.,6
490,兑换,duì huàn,đổi (ngoại tệ),exchange (currency),你可以去银行兑换货币。,nǐ kěyǐ qù yínháng duìhuàn huòbì.,Bạn có thể đến ngân hàng đổi tiền.,You can go to the bank to exchange money.,6
491,对抗,duì kàng,"đối kháng, chống lại","oppose, resist",他们对抗了很久。,tāmen duìkàng le hěn jiǔ.,Họ đã chống đối nhau rất lâu.,They have been against each other for a long time.,6
492,对立,duì lì,"đối lập, đối kháng","opposition, antagonism",他们的意见对立。,tāmen de yìjiàn duìlì.,Ý kiến của họ đối lập nhau.,Their opinions are opposite.,6
493,对联,duì lián,câu đối,couplet,春节时我们贴对联。,Chūnjié shí wǒmen tiē duìlián.,Chúng tôi dán câu đối vào dịp Tết.,We paste parallel sentences on Tet holiday.,6
494,队伍,duì wǔ,đội ngũ,team,军队在训练中。,jūnduì zài xùnliàn zhōng.,Quân đội đang trong quá trình huấn luyện.,The army is in training.,6
495,兑现,duì xiàn,"đổi hiện, thực hiện","change, perform",他们兑现了承诺。,tāmen duìxiàn le chéngnuò.,Họ đã thực hiện lời hứa.,They kept their promise.,6
496,对应,duì yìng,"đối ứng, tương ứng",corresponding,我们需要对应这些问题。,wǒmen xūyào duìyìng zhèxiē wèntí.,Chúng ta cần đối phó với những vấn đề này.,We need to deal with these issues.,6
497,对照,duì zhào,"đối chiếu, so sánh",compare,请对照这个表格检查。,qǐng duìzhào zhège biǎogé jiǎnchá.,Vui lòng đối chiếu bảng này để kiểm tra.,Please refer to this table to check.,6
498,顿时,dùn shí,ngay lập tức,right away,他听到消息后顿时哭了。,tā tīngdào xiāoxī hòu dùnshí kū le.,"Sau khi nghe tin, anh ấy lập tức khóc.","After hearing the news, he immediately cried.",6
499,哆嗦,duō suo,"run rẩy, run lên",tremble,他冷得直哆嗦。,tā lěng de zhí duōsuo.,Anh ấy lạnh đến mức run rẩy.,He was so cold that he was shivering.,6
500,多元化,duō yuán huà,đa dạng hóa,Diversify,公司决定实行多元化策略。,gōngsī juédìng shíxíng duōyuánhuà cèlüè.,Công ty quyết định thực hiện chiến lược đa dạng hóa.,The company decided to implement a diversification strategy.,6
501,堕落,duò luò,"sa đọa, đồi bại",depraved,他因为堕落而失去了工作。,tā yīnwèi duòluò ér shīqù le gōngzuò.,Anh ấy mất việc vì sa ngã.,He lost his job because of his fall.,6
502,额外,é wài,"thêm, bổ sung","add, supplement",他做了很多额外的工作。,tā zuòle hěn duō éwài de gōngzuò.,Anh ấy đã làm rất nhiều công việc bổ sung.,He did a lot of extra work.,6
503,恶心,ě xīn,"buồn nôn, ghê tởm","nausea, disgust",那种食物让我觉得恶心。,nà zhǒng shíwù ràng wǒ juéde ěxīn.,Món ăn đó làm tôi thấy buồn nôn.,That food makes me feel sick.,6
504,恶化,è huà,trở nên xấu hơn,worsen,他的病情恶化了。,tā de bìngqíng èhuà le.,Tình trạng bệnh của anh ấy đã xấu đi.,His condition has worsened.,6
505,遏制,è zhì,"kiềm chế, ngăn chặn","restrain, prevent",我们必须遏制这种行为。,wǒmen bìxū èzhì zhè zhǒng xíngwéi.,Chúng ta phải kiềm chế hành vi này.,We must curb this behavior.,6
506,恩怨,ēn yuàn,"ân oán, thù hận","grudge, hatred",他们之间有很多恩怨。,tāmen zhī jiān yǒu hěn duō ēnyuàn.,Họ có nhiều mối hận thù với nhau.,They have many grudges against each other.,6
507,而已,ér yǐ,chỉ vậy thôi,just that,他只是个普通人而已。,tā zhǐshì gè pǔtōng rén éryǐ.,Anh ấy chỉ là một người bình thường thôi.,He is just an ordinary person.,6
508,耳环,ěr huán,khuyên tai,earrings,她戴了一对漂亮的耳环。,tā dài le yī duì piàoliang de ěrhuán.,Cô ấy đeo một đôi bông tai đẹp.,She is wearing a beautiful pair of earrings.,6
509,二氧化碳,èr yǎng huà tàn,khí CO2,CO2 gas,植物通过光合作用吸收二氧化碳。,zhíwù tōngguò guānghé zuòyòng xīshōu èryǎnghuàtàn.,Thực vật hấp thụ CO2 thông qua quang hợp.,Plants absorb CO2 through photosynthesis.,6
510,发布,fā bù,"phát hành, công bố","release, publish",公司发布了最新的产品。,gōngsī fābù le zuìxīn de chǎnpǐn.,Công ty đã phát hành sản phẩm mới nhất.,The company has released its latest product.,6
511,发财,fā cái,"phát tài, làm giàu",get rich,他梦想着有一天能够发财。,tā mèngxiǎng zhe yǒu yī tiān nénggòu fācái.,Anh ấy mơ ước một ngày nào đó sẽ phát tài.,He dreams of one day making a fortune.,6
512,发呆,fā dāi,"ngẩn ngơ, ngây dại","silly, foolish",他在课堂上发呆。,tā zài kètáng shàng fādāi.,Anh ấy thẫn thờ trong lớp học.,He was absent-minded in class.,6
513,发动,fā dòng,"khởi động, phát động",start up,他发动了汽车。,tā fādòng le qìchē.,Anh ấy khởi động xe ô tô.,He started the car.,6
514,发火,fā huǒ,"nổi giận, bốc cháy","angry, fiery",她因为生气而发火。,tā yīnwèi shēngqì ér fāhuǒ.,Cô ấy tức giận nên nổi nóng.,She was angry so she lost her temper.,6
515,发觉,fā jué,"phát hiện, nhận ra","detect, realize",我发觉他有点奇怪。,wǒ fājué tā yǒudiǎn qíguài.,Tôi nhận thấy anh ấy có chút kỳ lạ.,I found him a bit strange.,6
516,发射,fā shè,"phóng, bắn ra",launch,火箭成功地发射了。,huǒjiàn chénggōng de fāshè le.,Tên lửa đã phóng thành công.,The missile was launched successfully.,6
517,发誓,fā shì,"thề, tuyên thệ","swear, swear",他发誓永远不会撒谎。,tā fāshì yǒngyuǎn bù huì sāhuǎng.,Anh ấy thề rằng sẽ không bao giờ nói dối.,He swore that he would never lie.,6
518,发行,fā xíng,phát hành,release,新书即将发行。,xīn shū jíjiāng fāxíng.,Cuốn sách mới sắp được phát hành.,The new book is about to be released.,6
519,发炎,fā yán,"viêm, sưng tấy","inflammation, swelling",他的喉咙发炎了。,tā de hóulóng fāyán le.,Cổ họng của anh ấy bị viêm.,His throat is inflamed.,6
520,发扬,fā yáng,phát huy,develop,我们应该发扬传统文化。,wǒmen yīnggāi fāyáng chuántǒng wénhuà.,Chúng ta nên phát huy văn hóa truyền thống.,We should promote traditional culture.,6
521,发育,fā yù,"phát triển, trưởng thành","develop, mature",婴儿在健康地发育。,yīng'ér zài jiànkāng de fāyù.,Em bé đang phát triển khỏe mạnh.,The baby is growing healthily.,6
522,法人,fǎ rén,pháp nhân,legal entity,公司是一个法人实体。,gōngsī shì yī gè fǎrén shítǐ.,Công ty là một pháp nhân.,A company is a legal entity.,6
523,番,fān,"lượt, đợt","turn, batch",他经历了好几番挑战。,tā jīnglì le hǎo jǐ fān tiǎozhàn.,Anh ấy đã trải qua nhiều thử thách.,He has gone through many trials.,6
524,翻,fān,"lật, đảo",flip,请把书翻到第十页。,qǐng bǎ shū fān dào dì shí yè.,Vui lòng lật sách đến trang 10.,Please turn the book to page 10.,6
525,繁华,fán huá,"phồn hoa, sầm uất","prosperous, bustling",这座城市非常繁华。,zhè zuò chéngshì fēicháng fánhuá.,Thành phố này rất phồn hoa.,This city is very prosperous.,6
526,繁忙,fán máng,bận rộn,busy,他每天的工作都很繁忙。,tā měitiān de gōngzuò dōu hěn fánmáng.,Công việc hàng ngày của anh ấy rất bận rộn.,His daily work is very busy.,6
527,繁体字,fán tǐ zì,chữ phồn thể,Traditional Chinese,繁体字在台湾仍然使用。,fántǐzì zài Táiwān réngrán shǐyòng.,Chữ phồn thể vẫn được sử dụng ở Đài Loan.,Traditional characters are still used in Taiwan.,6
528,繁殖,fán zhí,"sinh sản, nhân giống",reproduction,细菌在适宜的条件下繁殖。,xìjūn zài shìyí de tiáojiàn xià fánzhí.,Vi khuẩn sinh sản trong điều kiện thích hợp.,Bacteria reproduce under suitable conditions.,6
529,反驳,fǎn bó,"phản bác, bác bỏ",refute,他反驳了对方的观点。,tā fǎnbó le duìfāng de guāndiǎn.,Anh ấy phản bác quan điểm của đối phương.,He refuted his opponent's point of view.,6
530,反常,fǎn cháng,bất thường,abnormal,今天天气反常地热。,jīntiān tiānqì fǎncháng de rè.,Thời tiết hôm nay nóng bất thường.,The weather is unusually hot today.,6
531,反倒,fǎn dào,"ngược lại, trái lại","on the contrary, on the contrary",事情反倒变得更糟了。,shìqíng fǎndào biàn de gèng zāo le.,Sự việc ngược lại trở nên tồi tệ hơn.,"On the contrary, things got worse.",6
532,反动,fǎn dòng,phản động,reactionary,他们是反动组织。,tāmen shì fǎndòng zǔzhī.,Họ là tổ chức phản động.,They are a reactionary organization.,6
533,反感,fǎn gǎn,"phản cảm, ghét","disgust, hate",他的行为让人反感。,tā de xíngwéi ràng rén fǎngǎn.,Hành vi của anh ấy khiến người ta ghét.,His behavior is hateful.,6
534,反抗,fǎn kàng,"phản kháng, chống cự","protest, resist",人民反抗了独裁政权。,rénmín fǎnkàng le dúcái zhèngquán.,Người dân đã chống lại chế độ độc tài.,The people rose up against the dictatorship.,6
535,反馈,fǎn kuì,phản hồi,feedback,这个产品收到了很多反馈。,zhège chǎnpǐn shōudào le hěn duō fǎnkuì.,Sản phẩm này đã nhận được nhiều phản hồi.,This product has received a lot of feedback.,6
536,反面,fǎn miàn,"mặt trái, mặt khác",the other side,事情总有反面。,shìqíng zǒng yǒu fǎnmiàn.,Mọi chuyện đều có mặt trái.,Everything has a downside.,6
537,反射,fǎn shè,"phản xạ, phản chiếu",reflection,镜子能反射光线。,jìngzi néng fǎnshè guāngxiàn.,Gương có thể phản xạ ánh sáng.,Mirrors can reflect light.,6
538,反思,fǎn sī,"suy nghĩ lại, ngẫm lại","think again, rethink",我们需要反思自己的错误。,wǒmen xūyào fǎnsī zìjǐ de cuòwù.,Chúng ta cần suy ngẫm về lỗi lầm của mình.,We need to reflect on our mistakes.,6
539,反问,fǎn wèn,hỏi ngược lại,ask back,他反问道：“你为什么不试试？”,"tā fǎnwèn dào: ""nǐ wèishéme bù shìshi?""","Anh ấy hỏi ngược lại: ""Tại sao bạn không thử?""","He asked back: ""Why don't you try?""",6
540,反之,fǎn zhī,ngược lại,opposite,反之，结果可能会不同。,"fǎnzhī, jiéguǒ kěnéng huì bùtóng.","Ngược lại, kết quả có thể sẽ khác.","Otherwise, the results may be different.",6
541,范畴,fàn chóu,"phạm trù, lĩnh vực","category, field",这属于哲学的范畴。,zhè shǔyú zhéxué de fànchóu.,Điều này thuộc phạm trù triết học.,This is in the realm of philosophy.,6
542,泛滥,fàn làn,"lan tràn, tràn lan","spread, spread",洪水泛滥成灾。,hóngshuǐ fànlàn chéng zāi.,Lũ lụt lan tràn gây ra thảm họa.,Rampant flooding causes disaster.,6
543,贩卖,fàn mài,"buôn bán, buôn lậu","trade, smuggling",他被指控贩卖毒品。,tā bèi zhǐkòng fànmài dúpǐn.,Anh ấy bị buộc tội buôn bán ma túy.,He was charged with drug trafficking.,6
544,方位,fāng wèi,"phương vị, vị trí",position,请告诉我这个建筑的方位。,qǐng gàosù wǒ zhège jiànzhù de fāngwèi.,Vui lòng cho tôi biết vị trí của tòa nhà này.,Please tell me the location of this building.,6
545,方言,fāng yán,phương ngữ,dialect,他说的方言我听不懂。,tā shuō de fāngyán wǒ tīng bù dǒng.,Tôi không hiểu phương ngữ mà anh ấy nói.,I don't understand the dialect he speaks.,6
546,方针,fāng zhēn,"phương châm, chính sách","motto, policy",公司已经制定了新的方针。,gōngsī yǐjīng zhìdìng le xīn de fāngzhēn.,Công ty đã thiết lập phương châm mới.,The company has established a new motto.,6
547,防守,fáng shǒu,phòng thủ,defense,守门员负责防守球门。,shǒuményuán fùzé fángshǒu qiúmén.,Thủ môn chịu trách nhiệm bảo vệ khung thành.,The goalkeeper is responsible for defending the goal.,6
548,防疫,fáng yì,phòng dịch,epidemic prevention,我们应该加强防疫措施。,wǒmen yīnggāi jiāqiáng fángyì cuòshī.,Chúng ta nên tăng cường các biện pháp phòng dịch.,We should strengthen epidemic prevention measures.,6
549,防御,fáng yù,"phòng ngự, phòng vệ",defense,城墙用来防御敌人。,chéngqiáng yòng lái fángyù dírén.,Thành trì được dùng để phòng ngự kẻ thù.,Citadels are used to defend against enemies.,6
550,防止,fáng zhǐ,"ngăn ngừa, phòng chống",prevent,请防止这种情况发生。,qǐng fángzhǐ zhè zhǒng qíngkuàng fāshēng.,Vui lòng ngăn chặn tình huống này xảy ra.,Please prevent this situation from happening.,6
551,防治,fáng zhì,phòng trị,prevention and treatment,我们需要防治这种疾病。,wǒmen xūyào fángzhì zhè zhǒng jíbìng.,Chúng ta cần phòng và chữa căn bệnh này.,We need to prevent and cure this disease.,6
552,纺织,fǎng zhī,"dệt, dệt may",textile,这个地区的纺织业非常发达。,zhège dìqū de fǎngzhī yè fēicháng fādá.,Ngành dệt may ở khu vực này rất phát triển.,The textile industry in this area is very developed.,6
553,放大,fàng dà,phóng to,zoom in,科学家放大了细菌的图像。,kēxuéjiā fàngdà le xìjūn de túxiàng.,Các nhà khoa học đã phóng to hình ảnh của vi khuẩn.,Scientists have zoomed in on images of bacteria.,6
554,放射,fàng shè,"phát xạ, bức xạ",radiation,这种物质能放射出有害的辐射。,zhè zhǒng wùzhì néng fàngshè chū yǒuhài de fúshè.,Chất này có thể phát ra bức xạ có hại.,This substance may emit harmful radiation.,6
555,放手,fàng shǒu,"buông tay, thả tay",let go,请放手，我自己能行。,"qǐng fàngshǒu, wǒ zìjǐ néng xíng.","Vui lòng buông tay, tôi có thể tự làm được.","Please let go, I can do it myself.",6
556,非法,fēi fǎ,"phi pháp, bất hợp pháp",illegal,贩卖毒品是非法的。,fànmài dúpǐn shì fēifǎ de.,Buôn bán ma túy là bất hợp pháp.,Drug trafficking is illegal.,6
557,飞禽走兽,fēi qín zǒu shòu,chim bay thú chạy,birds fly animals run,这个地方有很多飞禽走兽。,zhège dìfāng yǒu hěn duō fēiqín zǒushòu.,Nơi này có nhiều chim bay và thú chạy.,This place has many birds flying and animals running.,6
558,飞翔,fēi xiáng,bay lượn,fly,鹰在空中自由飞翔。,yīng zài kōngzhōng zìyóu fēixiáng.,Đại bàng bay lượn tự do trên không trung.,Eagles fly freely in the sky.,6
559,飞跃,fēi yuè,"bay vọt, nhảy vọt",soar,这项技术的发展飞跃。,zhè xiàng jìshù de fāzhǎn fēiyuè.,Sự phát triển của công nghệ này tiến bộ vượt bậc.,The development of this technology is progressing by leaps and bounds.,6
560,肥沃,féi wò,"màu mỡ, phì nhiêu",fertile,这片土地非常肥沃。,zhè piàn tǔdì fēicháng féiwò.,Mảnh đất này rất màu mỡ.,This land is very fertile.,6
561,诽谤,fěi bàng,"phỉ báng, vu khống","defamation, slander",他因为诽谤被起诉了。,tā yīnwèi fěibàng bèi qǐsù le.,Anh ấy bị kiện vì tội phỉ báng.,He was sued for defamation.,6
562,匪徒,fěi tú,"kẻ cướp, kẻ xấu","robber, bad guy",匪徒抢劫了银行。,fěitú qiǎngjié le yínháng.,Bọn cướp đã cướp ngân hàng.,The robbers robbed the bank.,6
563,废除,fèi chú,"bãi bỏ, hủy bỏ",abolish,政府决定废除这项法律。,zhèngfǔ juédìng fèichú zhè xiàng fǎlǜ.,Chính phủ quyết định bãi bỏ luật này.,The government decided to repeal this law.,6
564,沸腾,fèi téng,"sôi, sục sôi",boil,水在沸腾。,shuǐ zài fèiténg.,Nước đang sôi.,The water is boiling.,6
565,废墟,fèi xū,"tàn tích, đống đổ nát",ruins,地震后，城市变成了废墟。,"dìzhèn hòu, chéngshì biàn chéng le fèixū.","Sau trận động đất, thành phố trở thành đống đổ nát.","After the earthquake, the city was in ruins.",6
566,分辨,fēn biàn,phân biệt,distinguish,我能分辨出这两种颜色。,wǒ néng fēnbiàn chū zhè liǎng zhǒng yánsè.,Tôi có thể phân biệt hai màu này.,I can distinguish these two colors.,6
567,分寸,fēn cun,"chừng mực, mức độ",extent,做事要掌握好分寸。,zuòshì yào zhǎngwò hǎo fēncùn.,Làm việc phải biết chừng mực.,Work must know moderation.,6
568,吩咐,fēn fù,"dặn dò, căn dặn",advise,他吩咐我去买些水果。,tā fēnfù wǒ qù mǎi xiē shuǐguǒ.,Anh ấy bảo tôi đi mua một ít trái cây.,He told me to go buy some fruit.,6
569,分红,fēn hóng,"chia lãi, chia lợi tức","profit sharing, profit sharing",公司分红给每个员工。,gōngsī fēnhóng gěi měi gè yuángōng.,Công ty chia cổ tức cho từng nhân viên.,The company distributes dividends to each employee.,6
570,分解,fēn jiě,"phân giải, phân tích",analyze,科学家分解了这个化合物。,kēxuéjiā fēnjiě le zhège huàhéwù.,Các nhà khoa học đã phân giải hợp chất này.,Scientists have broken down this compound.,6
571,分裂,fēn liè,"phân liệt, tách rời","split, separate",这个国家面临分裂的危机。,zhège guójiā miànlín fēnliè de wēijī.,Quốc gia này đang đối mặt với nguy cơ chia rẽ.,The country is facing the risk of division.,6
572,分泌,fēn mì,"tiết ra, bài tiết",secrete,身体会分泌荷尔蒙。,shēntǐ huì fēnmì hè'ěrméng.,Cơ thể sẽ tiết ra hormone.,The body will secrete hormones.,6
573,分明,fēn míng,"rõ ràng, phân minh","clear, distinct",事实分明，他说的都是谎言。,"shìshí fēnmíng, tā shuō de dōu shì huǎngyán.","Sự thật rõ ràng, những gì anh ấy nói đều là nói dối.","The truth is, everything he said was a lie.",6
574,分歧,fēn qí,"khác biệt, bất đồng","difference, disagreement",我们在这个问题上有分歧。,wǒmen zài zhège wèntí shàng yǒu fēnqí.,Chúng ta có sự khác biệt về vấn đề này.,We have differences on this issue.,6
575,分散,fēn sàn,"phân tán, tản ra",disperse,他因为工作的原因必须分散注意力。,tā yīnwèi gōngzuò de yuányīn bìxū fēnsàn zhùyìlì.,Anh ấy phải phân tán sự chú ý vì công việc.,He had to distract himself from work.,6
576,分手,fēn shǒu,"chia tay, chia ly","break up, separation",他们决定分手了。,tāmen juédìng fēnshǒu le.,Họ quyết định chia tay.,They decided to break up.,6
577,坟墓,fén mù,"mộ phần, phần mộ","grave, tomb",这个坟墓已有百年历史。,zhège fénmù yǐ yǒu bǎinián lìshǐ.,Ngôi mộ này đã có lịch sử trăm năm.,This tomb has a history of hundreds of years.,6
578,粉末,fěn mò,"bột, vụn","powder, crumb",这药片可以变成粉末。,zhè yàopiàn kěyǐ biàn chéng fěnmò.,Viên thuốc này có thể biến thành bột.,This pill can be turned into powder.,6
579,粉色,fěn sè,màu hồng,pink,她喜欢粉色的衣服。,tā xǐhuan fěnsè de yīfu.,Cô ấy thích quần áo màu hồng.,She likes pink clothes.,6
580,粉碎,fěn suì,"nghiền nát, phá tan","crush, smash",这台机器可以粉碎垃圾。,zhè tái jīqì kěyǐ fěnsuì lājī.,Cỗ máy này có thể nghiền nát rác.,This machine can crush garbage.,6
581,分量,fèn liàng,"trọng lượng, khối lượng","weight, mass",这个包装的分量很足。,zhège bāozhuāng de fènliàng hěn zú.,Bao bì này có trọng lượng rất đủ.,This packaging has plenty of weight.,6
582,风暴,fēng bào,"bão táp, cơn bão",storm,海上风暴即将来临。,hǎi shàng fēngbào jíjiāng láilín.,Cơn bão trên biển sắp đến.,The storm at sea is coming.,6
583,封闭,fēng bì,"phong bế, đóng kín",closed,他把门窗封闭了。,tā bǎ ménchuāng fēngbì le.,Anh ấy đã đóng cửa sổ lại.,He closed the window.,6
584,风度,fēng dù,"phong độ, tư cách","style, personality",他的风度非常优雅。,tā de fēngdù fēicháng yōuyǎ.,Phong cách của anh ấy rất lịch lãm.,His style is very elegant.,6
585,风光,fēng guāng,"phong cảnh, cảnh đẹp","landscape, beautiful scenery",我们在山顶上欣赏风光。,wǒmen zài shāndǐng shàng xīnshǎng fēngguāng.,Chúng tôi ngắm cảnh trên đỉnh núi.,We enjoyed the view on the top of the mountain.,6
586,封建,fēng jiàn,phong kiến,feudal,这本书讨论了封建社会。,zhè běn shū tǎolùn le fēngjiàn shèhuì.,Cuốn sách này thảo luận về xã hội phong kiến.,This book discusses feudal society.,6
587,锋利,fēng lì,"sắc bén, nhọn",sharp,这把刀非常锋利。,zhè bǎ dāo fēicháng fēnglì.,Con dao này rất sắc bén.,This knife is very sharp.,6
588,丰满,fēng mǎn,"đầy đặn, phong phú","full, rich",他有一副丰满的身材。,tā yǒu yī fù fēngmǎn de shēncái.,Anh ấy có một thân hình đầy đặn.,He has a plump body.,6
589,风气,fēng qì,"phong tục, tập quán",customs,这里的风气很好。,zhèlǐ de fēngqì hěn hǎo.,Bầu không khí ở đây rất tốt.,The atmosphere here is very good.,6
590,风趣,fēng qù,"hài hước, dí dỏm","funny, witty",他讲故事很有风趣。,tā jiǎng gùshì hěn yǒu fēngqù.,Anh ấy kể chuyện rất hài hước.,He tells very funny stories.,6
591,丰盛,fēng shèng,"phong phú, thịnh soạn","rich, sumptuous",秋天是一个丰盛的季节。,qiūtiān shì yī gè fēngshèng de jìjié.,Mùa thu là một mùa bội thu.,Autumn is a bountiful season.,6
592,丰收,fēng shōu,"bội thu, mùa màng tốt",bountiful harvest,今年的丰收令人欣喜。,jīnnián de fēngshōu lìng rén xīnxǐ.,Vụ mùa năm nay bội thu khiến người ta vui mừng.,This year's bumper crop makes people happy.,6
593,封锁,fēng suǒ,phong tỏa,lockdown,我们必须封锁边界。,wǒmen bìxū fēngsuǒ biānjiè.,Chúng ta phải phong tỏa biên giới.,We must seal the border.,6
594,风土人情,fēng tǔ rén qíng,phong tục tập quán,customs,这里的风土人情很有特色。,zhèlǐ de fēngtǔ rénqíng hěn yǒu tèsè.,Phong tục và con người ở đây rất đặc sắc.,The customs and people here are very unique.,6
595,风味,fēng wèi,"hương vị, phong vị",flavor,这个餐厅的风味独特。,zhège cāntīng de fēngwèi dútè.,Hương vị của nhà hàng này rất đặc biệt.,The taste of this restaurant is very special.,6
596,逢,féng,"gặp gỡ, gặp phải","meet, encounter",我们每逢春节都回家。,wǒmen měi féng chūnjié dōu huíjiā.,Chúng tôi về nhà vào mỗi dịp Tết.,We go home every Tet holiday.,6
597,奉献,fèng xiàn,"hiến dâng, cống hiến",dedicate,他一生都在奉献给科学。,tā yīshēng dōu zài fèngxiàn gěi kēxué.,Anh ấy cống hiến cả đời cho khoa học.,He devoted his life to science.,6
598,否决,fǒu jué,"phủ quyết, bác bỏ",veto,这个提案被否决了。,zhège tí'àn bèi fǒujué le.,Đề xuất này đã bị bác bỏ.,This proposal was rejected.,6
599,夫妇,fū fù,vợ chồng,couple,他们是一对幸福的夫妇。,tāmen shì yī duì xìngfú de fūfù.,Họ là một cặp vợ chồng hạnh phúc.,They are a happy couple.,6
600,夫人,fū rén,phu nhân,madam,他的夫人非常优雅。,tā de fūrén fēicháng yōuyǎ.,Vợ của anh ấy rất tao nhã.,His wife is very elegant.,6
601,敷衍,fū yǎn,"qua loa, đại khái",roughly,他总是敷衍了事。,tā zǒng shì fūyǎn liǎoshì.,Anh ấy luôn làm việc qua loa.,He always does things half-heartedly.,6
602,幅度,fú dù,"biên độ, phạm vi","amplitude, range",今年收入的幅度增加了。,jīnnián shōurù de fúdù zēngjiā le.,Mức độ thu nhập năm nay đã tăng.,Income levels have increased this year.,6
603,符号,fú hào,ký hiệu,symbol,数学符号非常重要。,shùxué fúhào fēicháng zhòngyào.,Ký hiệu toán học rất quan trọng.,Mathematical symbols are very important.,6
604,福利,fú lì,phúc lợi,welfare,公司提供了很多福利。,gōngsī tígōng le hěn duō fúlì.,Công ty cung cấp nhiều phúc lợi.,The company offers many benefits.,6
605,俘虏,fú lǔ,"bắt giữ, tù binh","capture, prisoner",战争中有很多俘虏。,zhànzhēng zhōng yǒu hěn duō fúlǔ.,Có nhiều tù binh trong chiến tranh.,There were many prisoners of war.,6
606,服气,fú qì,"phục tùng, chịu phục",submit,他对自己的成绩非常服气。,tā duì zìjǐ de chéngjī fēicháng fúqì.,Anh ấy rất hài lòng với kết quả của mình.,He was very pleased with his results.,6
607,福气,fú qì,"may mắn, phúc đức","luck, blessing",他的家庭非常有福气。,tā de jiātíng fēicháng yǒu fúqì.,Gia đình anh ấy rất may mắn.,His family is very lucky.,6
608,辐射,fú shè,"bức xạ, tia phóng xạ","radiation, radioactive",这种物质会辐射出有害物质。,zhè zhǒng wùzhì huì fúshè chū yǒuhài wùzhì.,Chất này sẽ phát ra các chất có hại.,This substance will emit harmful substances.,6
609,腐败,fǔ bài,"tham nhũng, thối nát",corruption,腐败的官员必须受到惩罚。,fǔbài de guānyuán bìxū shòudào chéngfá.,Các quan chức tham nhũng phải bị trừng phạt.,Corrupt officials must be punished.,6
610,腐烂,fǔ làn,"thối rữa, mục nát",rotten,苹果已经开始腐烂了。,píngguǒ yǐjīng kāishǐ fǔlàn le.,Quả táo đã bắt đầu thối rữa.,The apple has begun to rot.,6
611,腐蚀,fǔ shí,"ăn mòn, bào mòn",corrode,金属表面被腐蚀了。,jīnshǔ biǎomiàn bèi fǔshí le.,Bề mặt kim loại đã bị ăn mòn.,The metal surface has corroded.,6
612,腐朽,fǔ xiǔ,"mục nát, lạc hậu","rotten, backward",这段木头已经腐朽了。,zhè duàn mùtou yǐjīng fǔxiǔ le.,Mảnh gỗ này đã bị mục nát.,This piece of wood is rotten.,6
613,抚养,fǔ yǎng,nuôi dưỡng,nurture,父母有责任抚养孩子。,fùmǔ yǒu zérèn fǔyǎng háizi.,Cha mẹ có trách nhiệm nuôi dưỡng con cái.,Parents are responsible for raising their children.,6
614,俯仰,fǔ yǎng,"cúi ngửa, nhấp nhổm","bend over, fidget",他的表情俯仰之间变化多端。,tā de biǎoqíng fǔyǎng zhījiān biànhuà duōduān.,Biểu cảm của anh ấy thay đổi liên tục.,His expression changed constantly.,6
615,辅助,fǔ zhù,"hỗ trợ, trợ giúp","support, help",我们需要一些辅助工具。,wǒmen xūyào yīxiē fǔzhù gōngjù.,Chúng tôi cần một số công cụ hỗ trợ.,We need some support tools.,6
616,副,fù,"phó, phụ",deputy,他是副经理。,tā shì fù jīnglǐ.,Anh ấy là phó giám đốc.,He is the deputy director.,6
617,负担,fù dān,"gánh nặng, chịu trách nhiệm","burden, responsibility",这个项目对我们来说是一个负担。,zhège xiàngmù duì wǒmen lái shuō shì yīgè fùdān.,Dự án này là một gánh nặng đối với chúng tôi.,This project is a burden for us.,6
618,覆盖,fù gài,"che phủ, bao phủ",cover,山上覆盖着厚厚的积雪。,shān shàng fùgài zhe hòuhòu de jīxuě.,Trên núi phủ đầy tuyết dày.,The mountains are covered with thick snow.,6
619,附和,fù hè,"phụ họa, theo","accompanying, according to",他们总是附和老板的意见。,tāmen zǒng shì fùhè lǎobǎn de yìjiàn.,Họ luôn đồng ý với ý kiến của ông chủ.,They always agree with their boss's opinion.,6
620,复活,fù huó,"phục hồi, tái sinh","restore, regenerate",这个传统节日复活了。,zhège chuántǒng jiérì fùhuó le.,Lễ hội truyền thống này đã được hồi sinh.,This traditional festival has been revived.,6
621,附件,fù jiàn,tệp đính kèm,attachment,我把附件发给你了。,wǒ bǎ fùjiàn fā gěi nǐ le.,Tôi đã gửi tệp đính kèm cho bạn.,I have sent you the attachment.,6
622,附属,fù shǔ,phụ thuộc,dependent,这所学校是大学的附属机构。,zhè suǒ xuéxiào shì dàxué de fùshǔ jīgòu.,Trường này là một tổ chức trực thuộc đại học.,This school is a university affiliated institution.,6
623,腹泻,fù xiè,tiêu chảy,diarrhea,他吃了不洁的食物，结果腹泻了。,"tā chī le bùjié de shíwù, jiéguǒ fùxiè le.","Anh ấy ăn phải thức ăn không sạch, kết quả là bị tiêu chảy.",He ate unclean food and as a result got diarrhea.,6
624,复兴,fù xīng,phục hưng,Renaissance,这个国家正在复兴。,zhège guójiā zhèngzài fùxīng.,Quốc gia này đang phục hưng.,This country is on the rise.,6
625,赋予,fù yǔ,"trao cho, giao cho","give, entrust",我们赋予他新的职责。,wǒmen fùyǔ tā xīn de zhízé.,Chúng tôi giao cho anh ấy nhiệm vụ mới.,We gave him a new assignment.,6
626,富裕,fù yù,"giàu có, phong phú",rich,他的家庭非常富裕。,tā de jiātíng fēicháng fùyù.,Gia đình anh ấy rất giàu có.,His family is very rich.,6
627,副作用,fù zuò yòng,tác dụng phụ,side effects,这个药有副作用。,zhège yào yǒu fùzuòyòng.,Thuốc này có tác dụng phụ.,This medicine has side effects.,6
628,改良,gǎi liáng,"cải tiến, cải tạo","improve, improve",我们需要改良这个系统。,wǒmen xūyào gǎiliáng zhège xìtǒng.,Chúng ta cần cải tiến hệ thống này.,We need to improve this system.,6
629,盖章,gài zhāng,"đóng dấu, ký tên","stamp, sign",请在文件上盖章。,qǐng zài wénjiàn shàng gàizhāng.,Vui lòng đóng dấu vào tài liệu.,Please stamp the document.,6
630,尴尬,gān gà,"ngượng ngùng, khó xử","embarrassed, awkward",他感到非常尴尬。,tā gǎndào fēicháng gāngà.,Anh ấy cảm thấy rất xấu hổ.,He felt so ashamed.,6
631,干旱,gān hàn,"khô hạn, hạn hán",drought,这个地区干旱了很多年。,zhège dìqū gānhàn le hěn duō nián.,Khu vực này đã khô hạn trong nhiều năm.,This area has been dry for many years.,6
632,干扰,gān rǎo,"can thiệp, quấy rầy","interfere, disturb",不要干扰他工作。,bùyào gānrǎo tā gōngzuò.,Đừng làm phiền công việc của anh ấy.,Don't disturb his work.,6
633,干涉,gān shè,can thiệp,intervention,他们干涉了我们的计划。,tāmen gānshè le wǒmen de jìhuà.,Họ đã can thiệp vào kế hoạch của chúng tôi.,They interfered with our plans.,6
634,甘心,gān xīn,"cam tâm, vui lòng",willingly,他甘心做这个工作。,tā gānxīn zuò zhège gōngzuò.,Anh ấy sẵn lòng làm công việc này.,He is willing to do this job.,6
635,干预,gān yù,"can dự, can thiệp",intervene,我们不能干预他的选择。,wǒmen bùnéng gānyù tā de xuǎnzé.,Chúng ta không thể can thiệp vào sự lựa chọn của anh ấy.,We cannot interfere with his choice.,6
636,感慨,gǎn kǎi,"cảm khái, xúc động",emotional,他感慨地说，生活不容易。,"tā gǎnkǎi de shuō, shēnghuó bù róngyì.",Anh ấy cảm thán rằng cuộc sống không dễ dàng.,He lamented that life was not easy.,6
637,感染,gǎn rǎn,"lây nhiễm, truyền nhiễm",infectious,他被感染了流感。,tā bèi gǎnrǎn le liúgǎn.,Anh ấy bị nhiễm cúm.,He has the flu.,6
638,干劲,gàn jìn,"nhiệt tình, hăng hái",enthusiastic,工人们干劲十足地工作。,gōngrénmen gànjìn shízú de gōngzuò.,Công nhân làm việc đầy năng lượng.,Workers work with full energy.,6
639,扛,káng,"vác, gánh",carry,他扛着一袋米回家。,tā káng zhe yī dài mǐ huí jiā.,Anh ấy vác một bao gạo về nhà.,He carried a bag of rice home.,6
640,刚刚,gāng gāng,"vừa mới, vừa lúc",just in time,我刚刚完成任务。,wǒ gānggāng wánchéng rènwù.,Tôi vừa mới hoàn thành nhiệm vụ.,I just finished the mission.,6
641,纲领,gāng lǐng,cương lĩnh,Platform,党的纲领非常明确。,dǎng de gānglǐng fēicháng míngquè.,Cương lĩnh của đảng rất rõ ràng.,The party platform is very clear.,6
642,港口,gǎng kǒu,"cảng, bến cảng","port, harbor",这个港口非常繁忙。,zhège gǎngkǒu fēicháng fánmáng.,Cảng này rất bận rộn.,This port is very busy.,6
643,港湾,gǎng wān,vịnh cảng,harbor,这个港湾是一个天然避风港。,zhège gǎngwān shì yī gè tiānrán bìfēnggǎng.,Cảng này là một bến cảng tránh gió tự nhiên.,This port is a natural sheltered harbor.,6
644,岗位,gǎng wèi,"vị trí, cương vị",position,他在这个岗位工作了十年。,tā zài zhège gǎngwèi gōngzuò le shí nián.,Anh ấy đã làm việc ở vị trí này mười năm.,He has worked in this position for ten years.,6
645,杠杆,gàng gǎn,đòn bẩy,lever,杠杆原理非常重要。,gànggǎn yuánlǐ fēicháng zhòngyào.,Nguyên lý đòn bẩy rất quan trọng.,The principle of leverage is very important.,6
646,高超,gāo chāo,"cao siêu, xuất sắc","sublime, excellent",他的技术非常高超。,tā de jìshù fēicháng gāochāo.,Kỹ thuật của anh ấy rất cao siêu.,His technique is very advanced.,6
647,高潮,gāo cháo,"cao trào, đỉnh cao",climax,会议达到了高潮。,huìyì dádào le gāocháo.,Cuộc họp đã đạt đến đỉnh cao.,The meeting reached its climax.,6
648,高峰,gāo fēng,"đỉnh cao, cao điểm",peak,我们爬上了山的高峰。,wǒmen páshàng le shān de gāofēng.,Chúng tôi đã leo lên đỉnh núi.,We climbed to the top of the mountain.,6
649,高考,gāo kǎo,kỳ thi đại học,college entrance exam,他通过了高考。,tā tōngguò le gāokǎo.,Anh ấy đã đỗ kỳ thi đại học.,He passed the university entrance exam.,6
650,高明,gāo míng,"cao minh, thông minh","smart, intelligent",他的见解非常高明。,tā de jiànjiě fēicháng gāomíng.,Quan điểm của anh ấy rất sáng suốt.,His views are very clear.,6
651,高尚,gāo shàng,"cao thượng, cao quý",noble,他是一个高尚的人。,tā shì yī gè gāoshàng de rén.,Anh ấy là một người cao thượng.,He is a noble man.,6
652,高涨,gāo zhǎng,"tăng cao, nổi lên","rise, rise",物价最近一直在高涨。,wùjià zuìjìn yīzhí zài gāozhǎng.,Giá cả gần đây luôn tăng cao.,Prices have been rising lately.,6
653,稿件,gǎo jiàn,"bản thảo, tài liệu","manuscript, document",他提交了一份稿件。,tā tíjiāo le yī fèn gǎojiàn.,Anh ấy đã nộp một bản thảo.,He submitted a manuscript.,6
654,告辞,gào cí,"cáo từ, từ biệt",farewell,我们告辞了主人。,wǒmen gàocí le zhǔrén.,Chúng tôi đã chào tạm biệt chủ nhà.,We said goodbye to the host.,6
655,告诫,gào jiè,"cảnh cáo, nhắc nhở","warning, reminder",老师告诫我们要努力学习。,lǎoshī gàojiè wǒmen yào nǔlì xuéxí.,Giáo viên nhắc nhở chúng tôi phải học tập chăm chỉ.,The teacher reminded us to study hard.,6
656,割,gē,"cắt, gặt","cut, harvest",他割破了手指。,tā gē pò le shǒuzhǐ.,Anh ấy cắt trúng ngón tay.,He cut his finger.,6
657,搁,gē,"đặt, để",put,请把东西搁在桌子上。,qǐng bǎ dōngxī gē zài zhuōzi shàng.,Hãy đặt đồ vật lên bàn.,Put the objects on the table.,6
658,疙瘩,gē da,"mụn, cục","pimple, lump",他脸上长了一个疙瘩。,tā liǎn shàng zhǎng le yī gè gēda.,Anh ấy có một cái mụn trên mặt.,He has a pimple on his face.,6
659,歌颂,gē sòng,"ca ngợi, ca tụng","praise, praise",我们歌颂英雄的事迹。,wǒmen gēsòng yīngxióng de shìjì.,Chúng tôi ca ngợi những việc làm của anh hùng.,We praise the deeds of heroes.,6
660,隔阂,gé hé,"ngăn cách, trở ngại","barrier, obstacle",他们之间存在隔阂。,tāmen zhījiān cúnzài géhé.,Giữa họ tồn tại sự ngăn cách.,There is a gap between them.,6
661,格局,gé jú,"cấu trúc, bố cục","structure, layout",房子的格局很好。,fángzi de géjú hěn hǎo.,Bố cục của ngôi nhà rất tốt.,The layout of the house is very good.,6
662,隔离,gé lí,cách ly,isolation,病人需要隔离。,bìngrén xūyào gélí.,Bệnh nhân cần được cách ly.,The patient needs to be isolated.,6
663,格式,gé shì,"kiểu mẫu, khuôn mẫu","model, pattern",请按照规定的格式填写表格。,qǐng ànzhào guīdìng de géshì tiánxiě biǎogé.,Vui lòng điền vào mẫu theo định dạng quy định.,Please fill out the form in the prescribed format.,6
664,各抒己见,gè shū jǐ jiàn,mỗi người một ý,each one has his own opinion,会议上，各抒己见。,"huìyì shàng, gèshūjǐjiàn.","Tại cuộc họp, mỗi người bày tỏ ý kiến của mình.","At the meeting, everyone expressed their opinions.",6
665,个体,gè tǐ,"cá thể, cá nhân",individual,这家店是个体经营的。,zhè jiā diàn shì gètǐ jīngyíng de.,Cửa hàng này là kinh doanh cá thể.,This store is a sole proprietorship.,6
666,各自,gè zì,"từng người, mỗi người",each person,他们各自回家了。,tāmen gèzì huíjiā le.,Mỗi người họ đã về nhà.,Each of them went home.,6
667,跟前,gēn qián,"trước mặt, bên cạnh","in front of, beside",她在我的跟前。,tā zài wǒ de gēnqián.,Cô ấy ở trước mặt tôi.,She is in front of me.,6
668,根深蒂固,gēn shēn dì gù,ăn sâu bám rễ,deep rooted,这种思想已经根深蒂固。,zhè zhǒng sīxiǎng yǐjīng gēnshēndìgù.,Tư tưởng này đã ăn sâu bám rễ.,This idea is deeply rooted.,6
669,跟随,gēn suí,"theo đuôi, đi theo",follow,孩子们跟随着老师走。,háizimen gēnsuízhe lǎoshī zǒu.,Các em nhỏ theo sau giáo viên.,The children followed the teacher.,6
670,根源,gēn yuán,"căn nguyên, nguồn gốc",origin,这个问题的根源很复杂。,zhège wèntí de gēnyuán hěn fùzá.,Nguyên nhân của vấn đề này rất phức tạp.,The causes of this problem are complex.,6
671,跟踪,gēn zōng,"theo dõi, bám đuôi","follow, tail",我们正在跟踪调查。,wǒmen zhèngzài gēnzōng diàochá.,Chúng tôi đang theo dõi điều tra.,We are following up on the investigation.,6
672,耕地,gēng dì,"canh tác, trồng trọt",cultivation,农民正在耕地。,nóngmín zhèngzài gēngdì.,Nông dân đang cày ruộng.,Farmers are plowing the fields.,6
673,更新,gēng xīn,"đổi mới, cập nhật","innovation, update",他们决定更新设备。,tāmen juédìng gēngxīn shèbèi.,Họ quyết định nâng cấp thiết bị.,They decided to upgrade the equipment.,6
674,更正,gēng zhèng,"cải chính, sửa lại",rectify,请更正这个错误。,qǐng gēngzhèng zhège cuòwù.,Vui lòng sửa lỗi này.,Please fix this.,6
675,公安局,gōng ān jú,công an,police,我们需要去公安局办理手续。,wǒmen xūyào qù gōng'ānjú bànlǐ shǒuxù.,Chúng tôi cần đến công an để làm thủ tục.,We need to go to the police to do the paperwork.,6
676,供不应求,gōng bù yìng qiú,cung không đủ cầu,supply outstrips demand,这种商品供不应求。,zhè zhǒng shāngpǐn gōngbùyìngqiú.,Sản phẩm này cung không đủ cầu.,This product is in short supply.,6
677,公道,gōng dào,"công bằng, hợp lý","fair, reasonable",这个建议很公道。,zhège jiànyì hěn gōngdào.,Đề nghị này rất hợp lý.,This suggestion is very reasonable.,6
678,宫殿,gōng diàn,cung điện,palace,这座宫殿非常壮丽。,zhè zuò gōngdiàn fēicháng zhuànglì.,Cung điện này rất tráng lệ.,This palace is magnificent.,6
679,工夫,gōng fu,"công phu, thời gian",time consuming,他有很多空闲的工夫。,tā yǒu hěn duō kòngxián de gōngfu.,Anh ấy có nhiều thời gian rảnh rỗi.,He has a lot of free time.,6
680,公告,gōng gào,thông báo,Notification,他们发布了公告。,tāmen fābù le gōnggào.,Họ đã công bố thông báo.,They have released the announcement.,6
681,公关,gōng guān,quan hệ công chúng,public relations,公关人员正在处理这个问题。,gōngguān rényuán zhèngzài chǔlǐ zhège wèntí.,Nhân viên quan hệ công chúng đang xử lý vấn đề này.,Public relations staff is handling the matter.,6
682,攻击,gōng jī,tấn công,attack,我们必须攻击敌人。,wǒmen bìxū gōngjī dírén.,Chúng ta phải tấn công kẻ thù.,We must attack the enemy.,6
683,供给,gōng jǐ,cung cấp,provide,我们会及时供给物资。,wǒmen huì jíshí gōngjǐ wùzī.,Chúng tôi sẽ cung cấp vật liệu kịp thời.,We will provide materials promptly.,6
684,恭敬,gōng jìng,"kính cẩn, cung kính","respectfully, respectfully",他对长辈很恭敬。,tā duì zhǎngbèi hěn gōngjìng.,Anh ấy rất kính trọng người lớn.,He is very respectful to adults.,6
685,功课,gōng kè,"bài tập, môn học","homework, subject",我每天都有很多功课。,wǒ měitiān dōu yǒu hěn duō gōngkè.,Tôi có rất nhiều bài tập mỗi ngày.,I have a lot of exercises every day.,6
686,攻克,gōng kè,"công phá, chinh phục",conquer,我们攻克了技术难题。,wǒmen gōngkè le jìshù nántí.,Chúng tôi đã chinh phục được vấn đề kỹ thuật.,We have conquered the technical problem.,6
687,功劳,gōng láo,công lao,merit,他的功劳很大。,tā de gōngláo hěn dà.,Công lao của anh ấy rất lớn.,His contribution is great.,6
688,公民,gōng mín,công dân,citizen,每个公民都有责任。,měi gè gōngmín dōu yǒu zérèn.,Mỗi công dân đều có trách nhiệm.,Every citizen has a responsibility.,6
689,公婆,gōng pó,cha mẹ chồng,parents in law,我的公婆住在一起。,wǒ de gōngpó zhù zài yīqǐ.,Tôi sống cùng bố mẹ chồng.,I live with my husband's parents.,6
690,公然,gōng rán,công khai,public,他公然违背了规定。,tā gōngrán wéibèi le guīdìng.,Anh ấy công khai vi phạm quy định.,He openly violated the rules.,6
691,公认,gōng rèn,công nhận,recognize,这种产品得到了公认。,zhè zhǒng chǎnpǐn dédào le gōngrèn.,Sản phẩm này đã được công nhận.,This product has been approved.,6
692,公式,gōng shì,công thức,recipe,数学公式很重要。,shùxué gōngshì hěn zhòngyào.,Công thức toán học rất quan trọng.,Mathematical formulas are very important.,6
693,公务,gōng wù,"công vụ, công tác","public service, work",他是公务员。,tā shì gōngwùyuán.,Anh ấy là công chức.,He is a civil servant.,6
694,功效,gōng xiào,hiệu quả,effective,这种药物的功效很好。,zhè zhǒng yàowù de gōngxiào hěn hǎo.,Hiệu quả của loại thuốc này rất tốt.,The effectiveness of this medicine is very good.,6
695,工艺品,gōng yì pǐn,đồ thủ công mỹ nghệ,handicrafts,我喜欢收集工艺品。,wǒ xǐhuān shōují gōngyìpǐn.,Tôi thích sưu tầm đồ thủ công mỹ nghệ.,I like collecting handicrafts.,6
696,公正,gōng zhèng,"công bằng, chính trực","fair, just",他是一个公正的人。,tā shì yī gè gōngzhèng de rén.,Anh ấy là một người công bằng.,He is a fair man.,6
697,公证,gōng zhèng,công chứng,Notarization,我们需要去公证处。,wǒmen xūyào qù gōngzhèngchù.,Chúng tôi cần đến văn phòng công chứng.,We need to go to the notary office.,6
698,巩固,gǒng gù,củng cố,consolidate,我们要巩固我们的成果。,wǒmen yào gǒnggù wǒmen de chéngguǒ.,Chúng ta cần củng cố kết quả của mình.,We need to consolidate our results.,6
699,共和国,gòng hé guó,nước cộng hòa,republic,中国是中华人民共和国。,zhōngguó shì zhōnghuá rénmín gònghéguó.,Trung Quốc là Cộng hòa Nhân dân Trung Hoa.,China is the People's Republic of China.,6
700,共计,gòng jì,tổng cộng,total,我们这次旅游共计花费了五千元。,Wǒmen zhè cì lǚyóu gòngjì huāfèi le wǔqiān yuán.,Chuyến du lịch lần này của chúng tôi tổng cộng chi phí năm nghìn nhân dân tệ.,Our trip this time cost a total of five thousand yuan.,6
701,共鸣,gòng míng,"cộng hưởng, đồng cảm","resonance, empathy",这首歌引起了许多人的共鸣。,Zhè shǒu gē yǐnqǐ le xǔduō rén de gòngmíng.,Bài hát này đã gây được sự đồng cảm từ nhiều người.,This song has resonated with many people.,6
702,勾结,gōu jié,"cấu kết, thông đồng",collude,他们被发现与敌人勾结。,Tāmen bèi fāxiàn yǔ dírén gōujié.,Họ bị phát hiện câu kết với kẻ thù.,They were found to be in collusion with the enemy.,6
703,钩子,gōu zi,"cái móc, cái lưỡi câu",hook,他用钩子把门锁打开了。,Tā yòng gōuzi bǎ mén suǒ dǎkāi le.,Anh ấy dùng móc mở khóa cửa.,He used the pick to unlock the door.,6
704,构思,gòu sī,"cấu tứ, suy nghĩ","structure, thinking",他正在构思一个新的小说。,Tā zhèngzài gòusī yī gè xīn de xiǎoshuō.,Anh ấy đang phác thảo một tiểu thuyết mới.,He is drafting a new novel.,6
705,孤独,gū dú,"cô độc, cô đơn",lonely,她感到非常孤独。,Tā gǎndào fēicháng gūdú.,Cô ấy cảm thấy rất cô đơn.,She feels very lonely.,6
706,辜负,gū fù,"phụ lòng, phụ sự kỳ vọng",disappoint,他辜负了我们的期望。,Tā gūfù le wǒmen de qīwàng.,Anh ấy đã phụ lòng mong đợi của chúng tôi.,He has failed us.,6
707,孤立,gū lì,"cô lập, đơn độc","isolated, alone",她被同事们孤立了。,Tā bèi tóngshìmen gūlì le.,Cô ấy bị đồng nghiệp cô lập.,She was isolated by her colleagues.,6
708,姑且,gū qiě,"tạm thời, tạm thời cứ","temporarily, temporarily",姑且试试这个方法吧。,Gūqiě shìshì zhège fāngfǎ ba.,Tạm thời thử phương pháp này xem sao.,Try this method for now.,6
709,股东,gǔ dōng,cổ đông,shareholder,股东们决定增加投资。,Gǔdōngmen juédìng zēngjiā tóuzī.,Các cổ đông quyết định tăng thêm đầu tư.,The shareholders decided to increase investment.,6
710,古董,gǔ dǒng,"cổ vật, đồ cổ",antiques,这件古董非常珍贵。,Zhè jiàn gǔdǒng fēicháng zhēnguì.,Cổ vật này rất quý giá.,This antique is very valuable.,6
711,鼓动,gǔ dòng,"cổ động, kích động","encourage, incite",他努力鼓动大家参加活动。,Tā nǔlì gǔdòng dàjiā cānjiā huódòng.,Anh ấy cố gắng cổ vũ mọi người tham gia hoạt động.,He tried to encourage everyone to join the activity.,6
712,股份,gǔ fèn,cổ phần,share,公司的股份上涨了。,Gōngsī de gǔfèn shàngzhǎng le.,Cổ phần của công ty đã tăng.,The company's shares have increased.,6
713,骨干,gǔ gàn,"nòng cốt, trụ cột","core, pillar",他是公司里的骨干员工。,Tā shì gōngsī lǐ de gǔgàn yuángōng.,Anh ấy là nhân viên nòng cốt trong công ty.,He is a key employee in the company.,6
714,古怪,gǔ guài,"kỳ quái, kỳ lạ","weird, strange",他的行为很古怪。,Tā de xíngwéi hěn gǔguài.,Hành vi của anh ấy rất kỳ lạ.,His behavior is very strange.,6
715,顾虑,gù lǜ,"lo ngại, e ngại","worry, apprehensive",我对这件事有些顾虑。,Wǒ duì zhè jiàn shì yǒuxiē gùlǜ.,Tôi có một chút lo ngại về chuyện này.,I have a little concern about this.,6
716,固然,gù rán,"cố nhiên, dĩ nhiên",of course,固然他很聪明，但还需要努力。,"Gùrán tā hěn cōngmíng, dàn hái xūyào nǔlì.","Tất nhiên anh ấy rất thông minh, nhưng vẫn cần cố gắng.","Of course he is very smart, but he still needs to try.",6
717,顾问,gù wèn,cố vấn,adviser,他是公司的顾问。,Tā shì gōngsī de gùwèn.,Anh ấy là cố vấn của công ty.,He is a company advisor.,6
718,故乡,gù xiāng,"cố hương, quê hương",homeland,我非常想念我的故乡。,Wǒ fēicháng xiǎngniàn wǒ de gùxiāng.,Tôi rất nhớ quê hương của mình.,I miss my homeland so much.,6
719,固有,gù yǒu,"vốn có, sẵn có","inherent, available",这种文化是我们固有的传统。,Zhè zhǒng wénhuà shì wǒmen gùyǒu de chuántǒng.,Văn hóa này là truyền thống vốn có của chúng tôi.,This culture is our inherent tradition.,6
720,故障,gù zhàng,"trục trặc, hỏng hóc","malfunction, breakdown",机器出了故障。,Jīqì chū le gùzhàng.,Máy móc bị hỏng.,The machine is broken.,6
721,固执,gù zhí,"cố chấp, bướng bỉnh",stubborn,他是个很固执的人。,Tā shì gè hěn gùzhí de rén.,Anh ấy là một người rất bướng bỉnh.,He is a very stubborn person.,6
722,拐杖,guǎi zhàng,"gậy chống, gậy chống đi","walking stick, walking stick",他需要一根拐杖来行走。,Tā xūyào yī gēn guǎizhàng lái xíngzǒu.,Anh ấy cần một cây gậy để đi lại.,He needs a cane to walk.,6
723,官方,guān fāng,"chính thức, của chính phủ","official, government",这是官方的声明。,Zhè shì guānfāng de shēngmíng.,Đây là tuyên bố chính thức.,This is the official statement.,6
724,观光,guān guāng,"tham quan, du lịch","sightseeing, travel",我们打算去北京观光。,Wǒmen dǎsuàn qù Běijīng guānguāng.,Chúng tôi định đi tham quan Bắc Kinh.,We are planning to visit Beijing.,6
725,关照,guān zhào,"quan tâm, chăm sóc",care,谢谢你的关照。,Xièxiè nǐ de guānzhào.,Cảm ơn sự quan tâm của bạn.,Thank you for your interest.,6
726,管辖,guǎn xiá,"quản lý, cai quản","manage, govern",他负责管辖这个地区。,Tā fùzé guǎnxiá zhè gè dìqū.,Anh ấy chịu trách nhiệm quản lý khu vực này.,He is responsible for managing this area.,6
727,罐,guàn,"bình, lọ, hũ",jar,他喝了一罐啤酒。,Tā hē le yī guàn píjiǔ.,Anh ấy đã uống một lon bia.,He drank a can of beer.,6
728,贯彻,guàn chè,quán triệt,thoroughly understand,我们需要贯彻执行这个计划。,Wǒmen xūyào guànchè zhíxíng zhège jìhuà.,Chúng ta cần thực hiện kế hoạch này triệt để.,We need to carry out this plan thoroughly.,6
729,灌溉,guàn gài,"tưới tiêu, tưới","irrigation, watering",农民们在灌溉田地。,Nóngmínmen zài guàngài tiándì.,Nông dân đang tưới tiêu ruộng đồng.,Farmers are irrigating their fields.,6
730,惯例,guàn lì,"thói quen, thông lệ","habit, custom",根据惯例，这个节日要庆祝三天。,"Gēnjù guànlì, zhège jiérì yào qìngzhù sān tiān.","Theo thông lệ, lễ hội này kéo dài ba ngày.","Traditionally, this festival lasts three days.",6
731,光彩,guāng cǎi,"rực rỡ, vẻ vang","brilliant, glorious",他的脸上充满了光彩。,Tā de liǎn shàng chōngmǎn le guāngcǎi.,Gương mặt anh ấy đầy ánh sáng rực rỡ.,His face was full of bright light.,6
732,光辉,guāng huī,"hào quang, ánh sáng","halo, light",太阳的光辉照亮了整个城市。,Tàiyáng de guānghuī zhàoliàng le zhěnggè chéngshì.,Ánh sáng mặt trời chiếu sáng cả thành phố.,The sunlight illuminated the whole city.,6
733,光芒,guāng máng,"tia sáng, ánh sáng",ray of light,她的眼睛闪烁着光芒。,Tā de yǎnjīng shǎnshuò zhe guāngmáng.,Đôi mắt cô ấy lấp lánh ánh sáng.,Her eyes sparkled.,6
734,广阔,guǎng kuò,"rộng lớn, bao la","vast, immense",广阔的草原令人心旷神怡。,Guǎngkuò de cǎoyuán lìng rén xīnkuàngshényí.,Đồng cỏ mênh mông khiến người ta cảm thấy thư thái.,The vast grasslands make people feel relaxed.,6
735,规范,guī fàn,"quy phạm, quy tắc",rules,我们要遵守规范。,Wǒmen yào zūnshǒu guīfàn.,Chúng ta phải tuân thủ các quy tắc.,We have to follow the rules.,6
736,规格,guī gé,"tiêu chuẩn, quy cách","standard, specification",产品的规格必须符合标准。,Chǎnpǐn de guīgé bìxū fúhé biāozhǔn.,Quy cách của sản phẩm phải đạt tiêu chuẩn.,Product specifications must meet standards.,6
737,归根到底,guī gēn dào dǐ,"xét đến cùng, cuối cùng","after all, finally",归根到底，这是个态度问题。,"Guīgēn dàodǐ, zhè shì gè tàidù wèntí.","Cuối cùng thì, đây là vấn đề thái độ.","Ultimately, it's a matter of attitude.",6
738,规划,guī huà,"quy hoạch, kế hoạch",planning,我们正在规划明年的工作。,Wǒmen zhèngzài guīhuà míngnián de gōngzuò.,Chúng tôi đang lập kế hoạch cho công việc của năm tới.,We are planning for next year's work.,6
739,归还,guī huán,"hoàn trả, trả lại","refund, return",请归还借的书。,Qǐng guīhuán jiè de shū.,Vui lòng trả lại sách đã mượn.,Please return the borrowed book.,6
740,归纳,guī nà,"quy nạp, tóm lại","inductive, summary",这篇文章归纳了主要观点。,Zhè piān wénzhāng guīnà le zhǔyào guāndiǎn.,Bài viết này đã tóm tắt các điểm chính.,This article has summarized the main points.,6
741,规章,guī zhāng,"quy định, quy tắc",rules,我们要遵守公司的规章制度。,Wǒmen yào zūnshǒu gōngsī de guīzhāng zhìdù.,Chúng ta phải tuân thủ quy định của công ty.,We must comply with company regulations.,6
742,轨道,guǐ dào,"quỹ đạo, đường ray","orbit, track",火车正在轨道上运行。,Huǒchē zhèngzài guǐdào shàng yùnxíng.,Tàu hỏa đang chạy trên đường ray.,The train is running on the tracks.,6
743,跪,guì,quỳ,kneel,他跪在地上请求原谅。,Tā guì zài dìshàng qǐngqiú yuánliàng.,Anh ấy quỳ xuống đất cầu xin sự tha thứ.,He knelt down and begged for forgiveness.,6
744,贵族,guì zú,quý tộc,noble,他是个真正的贵族。,Tā shì gè zhēnzhèng de guìzú.,Anh ấy là một quý tộc thực sự.,He is a real nobleman.,6
745,棍棒,gùn bàng,"gậy, côn",stick,他用棍棒打破了窗户。,Tā yòng gùnbàng dǎpò le chuānghù.,Anh ấy dùng gậy đập vỡ cửa sổ.,He broke the window with a stick.,6
746,国防,guó fáng,quốc phòng,defense,国防是国家安全的重要保障。,Guófáng shì guójiā ānquán de zhòngyào bǎozhàng.,Quốc phòng là đảm bảo quan trọng cho an ninh quốc gia.,National defense is an important guarantee for national security.,6
747,国务院,guó wù yuàn,quốc vụ viện,State Council,国务院发布了新的政策。,Guówùyuàn fābù le xīn de zhèngcè.,Quốc vụ viện đã ban hành chính sách mới.,The State Council has issued a new policy.,6
748,果断,guǒ duàn,"quyết đoán, quả quyết",decisive,他果断地做出了决定。,Tā guǒduàn de zuòchū le juédìng.,Anh ấy đã quyết định một cách quả quyết.,He made up his mind.,6
749,过度,guò dù,"quá mức, quá độ",excessive,我们需要控制过度消费。,Wǒmen xūyào kòngzhì guòdù xiāofèi.,Chúng ta cần kiểm soát việc tiêu thụ quá mức.,We need to control overconsumption.,6
750,过渡,guò dù,"chuyển tiếp, quá độ",transition,我们需要一个平稳的过渡期。,Wǒmen xūyào yī gè píngwěn de guòdù qī.,Chúng ta cần một giai đoạn chuyển tiếp ổn định.,We need a stable transition period.,6
751,过奖,guò jiǎng,quá khen,too much praise,你太过奖了，我只是做了本职工作。,"Nǐ tài guòjiǎng le, wǒ zhǐshì zuò le běnzhí gōngzuò.","Bạn quá khen rồi, tôi chỉ làm công việc của mình thôi.","You flatter me, I'm just doing my job.",6
752,过滤,guò lǜ,"lọc, sàng lọc","filter, screen",这个过滤器能有效去除水中的杂质。,Zhège guòlǜ qì néng yǒuxiào qùchú shuǐ zhōng de zázhì.,Bộ lọc này có thể loại bỏ tạp chất trong nước một cách hiệu quả.,This filter can effectively remove impurities in water.,6
753,过失,guò shī,"lỗi lầm, sai lầm","mistake, mistake",他因为一次小小的过失被解雇了。,Tā yīnwèi yī cì xiǎoxiǎo de guòshī bèi jiěgù le.,Anh ấy bị sa thải vì một sai sót nhỏ.,He was fired for a minor mistake.,6
754,过问,guò wèn,"can thiệp, hỏi han","intervene, ask",他对公司的事务一概不过问。,Tā duì gōngsī de shìwù yī gài bù guòwèn.,Anh ấy hoàn toàn không hỏi han gì về các công việc của công ty.,He did not ask any questions about the company's work.,6
755,过瘾,guò yǐn,"đã, sướng, thoả thích",happy,这部电影真是让人看得过瘾。,Zhè bù diànyǐng zhēn shì ràng rén kàn de guòyǐn.,Bộ phim này thực sự khiến người xem đã mắt.,This movie is really a treat for the eyes.,6
756,过于,guò yú,"quá, hơn","too, more",这件衣服过于紧了。,Zhè jiàn yīfú guòyú jǐn le.,Chiếc áo này quá chật.,This shirt is too tight.,6
757,嗨,hāi,"chào, này","hi, hey",嗨，大家好！,"Hāi, dàjiā hǎo!",Chào mọi người!,Hi everybody!,6
758,海拔,hǎi bá,độ cao so với mặt biển,altitude,这个山峰的海拔有三千米。,Zhège shānfēng de hǎibá yǒu sānqiān mǐ.,Đỉnh núi này cao ba nghìn mét so với mực nước biển.,This mountain peak is three thousand meters above sea level.,6
759,海滨,hǎi bīn,bờ biển,coast,我们在海滨度假。,Wǒmen zài hǎibīn dùjià.,Chúng tôi đi nghỉ mát ở bờ biển.,We went on vacation to the beach.,6
760,含糊,hán hu,"mơ hồ, không rõ ràng","vague, unclear",他的回答非常含糊。,Tā de huídá fēicháng hánhú.,Câu trả lời của anh ấy rất mơ hồ.,His answer was very vague.,6
761,寒暄,hán xuān,"hỏi han, trò chuyện","ask, chat",寒暄几句后，他们开始谈正事。,"Hánxuān jǐ jù hòu, tāmen kāishǐ tán zhèngshì.","Sau vài câu xã giao, họ bắt đầu nói chuyện chính.","After a few pleasantries, they got down to business.",6
762,含义,hán yì,"hàm ý, ý nghĩa",meaning,这个词的含义是什么？,Zhège cí de hányì shì shénme?,Nghĩa của từ này là gì?,What does this word mean?,6
763,罕见,hǎn jiàn,"hiếm thấy, hiếm gặp","rare, rare",这种病非常罕见。,Zhè zhǒng bìng fēicháng hǎnjiàn.,Bệnh này rất hiếm gặp.,This disease is very rare.,6
764,捍卫,hàn wèi,"bảo vệ, bảo hộ",protect,我们必须捍卫自己的权利。,Wǒmen bìxū hànwèi zìjǐ de quánlì.,Chúng ta phải bảo vệ quyền lợi của mình.,We must protect our rights.,6
765,航空,háng kōng,hàng không,air,他对航空非常感兴趣。,Tā duì hángkōng fēicháng gǎn xìngqù.,Anh ấy rất quan tâm đến hàng không.,He is very interested in aviation.,6
766,行列,háng liè,"hàng, dòng",row,我们参加了阅兵行列。,Wǒmen cānjiā le yuèbīng hángliè.,Chúng tôi đã tham gia vào đoàn diễu hành.,We joined the parade.,6
767,航天,háng tiān,hàng không vũ trụ,aerospace,航天技术正在迅速发展。,Hángtiān jìshù zhèngzài xùnsù fāzhǎn.,Công nghệ vũ trụ đang phát triển nhanh chóng.,Space technology is developing rapidly.,6
768,航行,háng xíng,"hàng hải, đi biển","maritime, seafaring",他们的船正在大海上航行。,Tāmen de chuán zhèngzài dàhǎi shàng hángxíng.,Thuyền của họ đang đi trên biển.,Their boat is sailing on the sea.,6
769,豪迈,háo mài,"hào hiệp, hào phóng",generous,他豪迈地接受了挑战。,Tā háomài de jiēshòu le tiǎozhàn.,Anh ấy dũng cảm chấp nhận thử thách.,He bravely accepted the challenge.,6
770,毫米,háo mǐ,milimét,millimeter,这个零件的尺寸是10毫米。,Zhège língjiàn de chǐcùn shì 10 háomǐ.,Kích thước của bộ phận này là 10 mm.,The size of this part is 10 mm.,6
771,毫无,háo wú,"không hề, chẳng có",not at all,他对这件事毫无兴趣。,Tā duì zhè jiàn shì háowú xìngqù.,Anh ấy không hứng thú với chuyện này chút nào.,He is not interested in this at all.,6
772,耗费,hào fèi,"tiêu tốn, tiêu hao",spend,这项工程耗费了大量人力和物力。,Zhè xiàng gōngchéng hàofèi le dàliàng rénlì hé wùlì.,Dự án này đã tiêu tốn rất nhiều nhân lực và vật lực.,This project has cost a lot of human and material resources.,6
773,好客,hào kè,hiếu khách,hospitable,他是个非常好客的主人。,Tā shì gè fēicháng hàokè de zhǔrén.,Anh ấy là một chủ nhà rất hiếu khách.,He is a very hospitable host.,6
774,号召,hào zhào,kêu gọi,call,政府号召大家节约用水。,Zhèngfǔ hàozhào dàjiā jiéyuē yòng shuǐ.,Chính phủ kêu gọi mọi người tiết kiệm nước.,The government calls on people to save water.,6
775,呵,hē,ha (tiếng kêu ngạc nhiên),ha (exclamation of surprise),哥哥，你好吗？,"Gēge, nǐ hǎo ma?","Anh ơi, anh khỏe không?","Hello, how are you?",6
776,和蔼,hé ǎi,"hòa nhã, dễ gần","friendly, approachable",她是个和蔼可亲的老太太。,Tā shì gè hé'ǎi kě qīn de lǎo tàitài.,Bà ấy là một cụ bà hiền hậu và dễ gần.,She is a gentle and approachable old lady.,6
777,合并,hé bìng,"hợp nhất, sát nhập",merge,这两家公司合并了。,Zhè liǎng jiā gōngsī hébìng le.,Hai công ty này đã sáp nhập.,These two companies have merged.,6
778,合成,hé chéng,"hợp thành, tổng hợp",synthesis,这些元素可以合成新的化合物。,Zhèxiē yuánsù kěyǐ héchéng xīn de huàhéwù.,Những nguyên tố này có thể tổng hợp thành hợp chất mới.,These elements can be synthesized into new compounds.,6
779,合乎,hé hū,"hợp với, phù hợp với","suitable for, suitable for",他的行为完全合乎规定。,Tā de xíngwéi wánquán héhū guīdìng.,Hành vi của anh ấy hoàn toàn phù hợp với quy định.,His behavior was completely in accordance with the regulations.,6
780,合伙,hé huǒ,"hợp tác, cùng nhau","cooperate, together",他们决定合伙开一家餐馆。,Tāmen juédìng héhuǒ kāi yī jiā cānguǎn.,Họ quyết định hùn vốn mở một nhà hàng.,They decided to pool their money to open a restaurant.,6
781,和解,hé jiě,hòa giải,reconcile,双方经过谈判终于和解了。,Shuāngfāng jīngguò tánpàn zhōngyú héjiě le.,Hai bên đã hòa giải sau khi đàm phán.,The two sides reconciled after negotiations.,6
782,和睦,hé mù,hòa thuận,concord,他们一家人生活得很和睦。,Tāmen yījiā rén shēnghuó de hěn hémù.,Gia đình họ sống rất hòa thuận.,Their family lives in harmony.,6
783,和气,hé qì,"hòa nhã, hòa thuận","gentle, harmonious",他是个和气的人。,Tā shì gè héqi de rén.,Anh ấy là một người dễ gần.,He is an approachable person.,6
784,合身,hé shēn,"vừa người, vừa vặn",fit,这件衣服穿在你身上很合身。,Zhè jiàn yīfú chuān zài nǐ shēnshàng hěn héshēn.,Bộ đồ này mặc lên người bạn rất vừa vặn.,This outfit fits you very well.,6
785,合算,hé suàn,"đáng giá, có lợi","valuable, beneficial",这个方案很合算。,Zhège fāng'àn hěn hésuàn.,Phương án này rất có lợi.,This option is very beneficial.,6
786,和谐,hé xié,"hòa hợp, hài hòa",harmony,他们之间的关系非常和谐。,Tāmen zhī jiān de guānxì fēicháng héxié.,Mối quan hệ giữa họ rất hòa hợp.,Their relationship is very harmonious.,6
787,嘿,hēi,"hì, này (tiếng gọi)","hey, hey (call)",嘿，你在干什么？,"Hēi, nǐ zài gàn shénme?","Này, bạn đang làm gì vậy?","Hey, what are you doing?",6
788,痕迹,hén jì,"vết tích, dấu vết",trace,他在犯罪现场留下了痕迹。,Tā zài fànzuì xiànchǎng liú xià le hénjī.,Anh ấy đã để lại dấu vết tại hiện trường vụ án.,He left traces at the crime scene.,6
789,狠心,hěn xīn,nhẫn tâm,heartless,他狠心离开了家。,Tā hěnxīn líkāi le jiā.,Anh ấy đã nhẫn tâm rời bỏ gia đình.,He heartlessly left his family.,6
790,恨不得,hèn bu de,hận không thể,hate can not,我恨不得马上见到他。,Wǒ hènbudé mǎshàng jiàndào tā.,Tôi rất muốn gặp anh ấy ngay lập tức.,I would love to see him immediately.,6
791,哼,hēng,"hừ, hừm",hmm,哼，我才不信呢！,"Hēng, wǒ cái bù xìn ne!","Hừ, tôi không tin đâu!","Huh, I don't believe it!",6
792,哄,hōng,"dỗ, lừa",coax,他哄孩子睡觉。,Tā hǒng háizi shuìjiào.,Anh ấy dỗ con ngủ.,He put the baby to sleep.,6
793,烘,hōng,"nướng, sấy khô","baked, dried",妈妈正在烘衣服。,Māma zhèngzài hōng yīfú.,Mẹ đang sấy quần áo.,Mom is drying clothes.,6
794,轰动,hōng dòng,"náo động, chấn động","commotion, commotion",这个消息在网上引起了轰动。,Zhège xiāoxi zài wǎngshàng yǐnqǐ le hōngdòng.,Tin tức này gây xôn xao trên mạng.,This news caused a stir online.,6
795,红包,hóng bāo,"bao lì xì, phong bì đỏ",red envelope,奶奶给了我一个大红包。,Nǎinai gěi le wǒ yī gè dà hóngbāo.,Bà cho tôi một phong bao lì xì lớn.,She gave me a big red envelope.,6
796,宏观,hóng guān,vĩ mô,macro,他对宏观经济学非常感兴趣。,Tā duì hóngguān jīngjìxué fēicháng gǎn xìngqù.,Anh ấy rất quan tâm đến kinh tế vĩ mô.,He is very interested in macroeconomics.,6
797,洪水,hóng shuǐ,lũ lụt,flood,大雨引发了洪水。,Dàyǔ yǐnfā le hóngshuǐ.,Mưa lớn gây ra lũ lụt.,Heavy rain causes flooding.,6
798,宏伟,hóng wěi,"hùng vĩ, to lớn","majestic, huge",这座建筑宏伟壮观。,Zhè zuò jiànzhù hóngwěi zhuàngguān.,Tòa nhà này hùng vĩ tráng lệ.,This building is majestic and magnificent.,6
799,喉咙,hóu lóng,cổ họng,throat,他喉咙痛，声音沙哑。,"Tā hóulóng tòng, shēngyīn shāyǎ.",Anh ấy bị đau họng và giọng khàn.,He has a sore throat and a hoarse voice.,6
800,吼,hǒu,"gào thét, hét lên","scream, shout",他吼了一声，表示不满。,"Tā hǒu le yī shēng, biǎoshì bùmǎn.","Anh ấy hét lên một tiếng, biểu thị sự không hài lòng.","He shouted out, expressing his dissatisfaction.",6
801,后代,hòu dài,"đời sau, hậu thế",posterity,这些文化遗产是我们的后代的宝贵财富。,Zhèxiē wénhuà yíchǎn shì wǒmen de hòudài de bǎoguì cáifù.,Những di sản văn hóa này là tài sản quý giá cho thế hệ sau của chúng ta.,These cultural heritages are precious assets for our future generations.,6
802,后顾之忧,hòu gù zhī yōu,lo lắng về sau,worry about later,他的工作没有后顾之忧。,Tā de gōngzuò méiyǒu hòugùzhīyōu.,Công việc của anh ấy không có lo lắng về sau.,His work has no future worries.,6
803,后面,hòu miàn,"phía sau, đằng sau","behind, behind",她站在我后面。,Tā zhàn zài wǒ hòumiàn.,Cô ấy đứng sau tôi.,She is standing behind me.,6
804,后勤,hòu qín,hậu cần,logistics,后勤部门负责保障工作。,Hòuqín bùmén fùzé bǎozhàng gōngzuò.,Bộ phận hậu cần chịu trách nhiệm đảm bảo công việc.,The logistics department is responsible for ensuring the work.,6
805,候选,hòu xuǎn,"ứng cử, đề cử","candidacy, nomination",他是市长候选人之一。,Tā shì shìzhǎng hòuxuǎn rén zhī yī.,Anh ấy là một trong những ứng cử viên cho chức thị trưởng.,He is one of the candidates for mayor.,6
806,忽略,hū lüè,"lơ là, bỏ qua","neglect, ignore",他忽略了这个重要细节。,Tā hūlüè le zhège zhòngyào xìjié.,Anh ấy đã bỏ qua chi tiết quan trọng này.,He left out this important detail.,6
807,呼啸,hū xiào,"hú lên, rít lên","howl, screech",火车在山谷中呼啸而过。,Huǒchē zài shāngǔ zhōng hūxiào ér guò.,Tàu lửa rít lên khi đi qua thung lũng.,The train screeched as it passed through the valley.,6
808,呼吁,hū yù,"kêu gọi, hô hào","call, exhort",他呼吁大家关注环境保护。,Tā hūyù dàjiā guānzhù huánjìng bǎohù.,Anh ấy kêu gọi mọi người quan tâm đến bảo vệ môi trường.,He called on people to pay attention to environmental protection.,6
809,胡乱,hú luàn,"lung tung, bừa bãi","haphazard, messy",他说话总是胡乱。,Tā shuōhuà zǒng shì húluàn.,Anh ấy luôn nói chuyện một cách bừa bãi.,He always talks nonsense.,6
810,湖泊,hú pō,hồ nước,lake,湖泊周围有美丽的风景。,Húpō zhōuwéi yǒu měilì de fēngjǐng.,Quanh hồ có phong cảnh đẹp.,There is beautiful scenery around the lake.,6
811,互联网,hù lián wǎng,mạng internet,internet,互联网改变了我们的生活方式。,Hùliánwǎng gǎibiàn le wǒmen de shēnghuó fāngshì.,Internet đã thay đổi cách sống của chúng ta.,The Internet has changed the way we live.,6
812,华丽,huá lì,"lộng lẫy, hoa lệ","splendid, splendid",她穿着一件华丽的晚礼服。,Tā chuānzhuó yī jiàn huálì de wǎnlǐfú.,Cô ấy mặc một chiếc váy dạ hội lộng lẫy.,She was wearing a gorgeous evening dress.,6
813,华侨,huá qiáo,Hoa kiều,Overseas Chinese,华侨在国外建立了很多华人社区。,Huáqiáo zài guówài jiànlì le hěn duō huárén shèqū.,Người Hoa kiều đã xây dựng nhiều cộng đồng người Hoa ở nước ngoài.,Overseas Chinese have built many overseas Chinese communities.,6
814,化肥,huà féi,phân bón hóa học,chemical fertilizer,化肥提高了农作物的产量。,Huàféi tígāo le nóngzuòwù de chǎnliàng.,Phân bón hóa học đã nâng cao sản lượng cây trồng.,Chemical fertilizers have increased crop yields.,6
815,划分,huà fēn,phân chia,share,我们需要划分明确的职责。,Wǒmen xūyào huàfēn míngquè de zhízé.,Chúng ta cần phân chia trách nhiệm rõ ràng.,We need to clearly divide responsibilities.,6
816,画蛇添足,huà shé tiān zú,vẽ rắn thêm chân,draw snake add legs,这个故事有点画蛇添足。,Zhège gùshì yǒudiǎn huàshétiānzú.,Câu chuyện này hơi thừa thãi.,This story is a bit redundant.,6
817,化石,huà shí,hóa thạch,fossil,这些化石有上百万年的历史。,Zhèxiē huàshí yǒu shàng bǎi wàn nián de lìshǐ.,Những hóa thạch này có lịch sử hàng triệu năm.,These fossils have a history of millions of years.,6
818,话筒,huà tǒng,"micro, ống nói","microphone, mouthpiece",他用话筒讲话。,Tā yòng huàtǒng jiǎnghuà.,Anh ấy dùng micro để nói.,He used a microphone to speak.,6
819,化验,huà yàn,"xét nghiệm, hóa nghiệm","test, chemistry",化验结果显示他有轻度贫血。,Huàyàn jiéguǒ xiǎnshì tā yǒu qīng dù pínxuè.,Kết quả xét nghiệm cho thấy anh ấy bị thiếu máu nhẹ.,Test results showed that he was mildly anemic.,6
820,化妆,huà zhuāng,"hóa trang, trang điểm",makeup,她每天早上花时间化妆。,Tā měitiān zǎoshang huā shíjiān huàzhuāng.,Cô ấy dành thời gian trang điểm mỗi sáng.,She spends time putting on makeup every morning.,6
821,怀孕,huái yùn,"mang thai, có thai",pregnant,她刚刚怀孕三个月。,Tā gānggāng huáiyùn sān gè yuè.,Cô ấy vừa mang thai được ba tháng.,She is three months pregnant.,6
822,欢乐,huān lè,"vui vẻ, hoan lạc","happy, joyful",孩子们在公园里玩得很欢乐。,Háizimen zài gōngyuán lǐ wán de hěn huānlè.,Trẻ em chơi đùa rất vui vẻ trong công viên.,Children play happily in the park.,6
823,环节,huán jié,"phân đoạn, mắt xích","segment, link",这个环节非常关键。,Zhège huánjié fēicháng guānjiàn.,Giai đoạn này rất quan trọng.,This stage is very important.,6
824,还原,huán yuán,"hoàn nguyên, trở lại",revert,这个实验还原了历史事件。,Zhège shíyàn háiyuán le lìshǐ shìjiàn.,Thí nghiệm này tái hiện lại sự kiện lịch sử.,This experiment recreates historical events.,6
825,缓和,huǎn hé,"dịu lại, hoà dịu",soften,双方的紧张关系得到了缓和。,Shuāngfāng de jǐnzhāng guānxì dédào le huǎnhé.,Mối quan hệ căng thẳng giữa hai bên đã được xoa dịu.,The tense relationship between the two sides has been eased.,6
826,患者,huàn zhě,bệnh nhân,patient,患者需要定期检查身体。,Huànzhě xūyào dìngqī jiǎnchá shēntǐ.,Bệnh nhân cần kiểm tra sức khỏe định kỳ.,Patients need regular health check-ups.,6
827,荒凉,huāng liáng,hoang vắng,deserted,这片土地非常荒凉。,Zhè piàn tǔdì fēicháng huāngliáng.,Mảnh đất này rất hoang vu.,This land is very wild.,6
828,慌忙,huāng máng,"vội vàng, hốt hoảng","hurry, panic",他慌忙地收拾东西。,Tā huāngmáng de shōushí dōngxī.,Anh ấy vội vàng thu dọn đồ đạc.,He hurriedly packed his things.,6
829,荒谬,huāng miù,"hoang đường, phi lý",absurd,这种说法太荒谬了。,Zhè zhǒng shuōfǎ tài huāngmiù le.,Cách nói này quá vô lý.,This way of speaking is too absurd.,6
830,荒唐,huāng táng,"hoang đường, phi lý",absurd,他的行为非常荒唐。,Tā de xíngwéi fēicháng huāngtáng.,Hành vi của anh ấy rất kỳ quái.,His behavior is very strange.,6
831,黄昏,huáng hūn,"hoàng hôn, chiều tối","sunset, evening",黄昏时分，天空变得非常美丽。,"Huánghūn shífēn, tiānkōng biàn de fēicháng měilì.","Lúc hoàng hôn, bầu trời trở nên rất đẹp.","At sunset, the sky becomes very beautiful.",6
832,恍然大悟,huǎng rán dà wù,bừng tỉnh hiểu ra,awaken to understand,我恍然大悟，原来是这样。,"Wǒ huǎngrán dà wù, yuánlái shì zhèyàng.","Tôi chợt hiểu ra, hóa ra là như vậy.","I suddenly understood, so that's how it is.",6
833,辉煌,huī huáng,"huy hoàng, rực rỡ","glorious, brilliant",他的成就辉煌。,Tā de chéngjiù huīhuáng.,Thành tựu của anh ấy rất rực rỡ.,His achievements are brilliant.,6
834,挥霍,huī huò,hoang phí,extravagant,他挥霍了所有的钱。,Tā huīhuò le suǒyǒu de qián.,Anh ấy đã tiêu xài hoang phí hết số tiền.,He squandered all the money.,6
835,回报,huí bào,"đền đáp, báo đáp",repay,他得到了很好的回报。,Tā dédào le hěn hǎo de huíbào.,Anh ấy nhận được sự đền đáp xứng đáng.,He got the reward he deserved.,6
836,回避,huí bì,"tránh né, né tránh","avoid, avoid",他试图回避这个问题。,Tā shìtú huíbì zhège wèntí.,Anh ấy cố gắng tránh né vấn đề này.,He tried to avoid the issue.,6
837,回顾,huí gù,"hồi tưởng, nhìn lại",look back,他回顾了自己的一生。,Tā huígù le zìjǐ de yīshēng.,Anh ấy nhìn lại cuộc đời mình.,He looked back on his life.,6
838,回收,huí shōu,"tái chế, thu hồi","recycle, recover",我们需要回收废旧电池。,Wǒmen xūyào huíshōu fèijiù diànchí.,Chúng ta cần tái chế pin cũ.,We need to recycle old batteries.,6
839,悔恨,huǐ hèn,"hối hận, ân hận","regret, regret",他对自己的错误感到悔恨。,Tā duì zìjǐ de cuòwù gǎndào huǐhèn.,Anh ấy cảm thấy hối hận vì sai lầm của mình.,He felt remorse for his mistake.,6
840,毁灭,huǐ miè,"hủy diệt, tiêu diệt",destroy,这个计划失败了，导致了毁灭性的后果。,"Zhège jìhuà shībài le, dǎozhì le huǐmiè xìng de hòuguǒ.","Kế hoạch này thất bại, dẫn đến hậu quả tàn phá.","The plan failed, with devastating consequences.",6
841,汇报,huì bào,"báo cáo, thông báo","report, notice",他向上级汇报了工作进展。,Tā xiàng shàngjí huìbào le gōngzuò jìnzhǎn.,Anh ấy báo cáo tiến độ công việc cho cấp trên.,He reports the progress of his work to his superiors.,6
842,贿赂,huì lù,hối lộ,bribery,他被指控接受了贿赂。,Tā bèi zhǐkòng jiēshòu le huìlù.,Anh ấy bị buộc tội nhận hối lộ.,He was charged with bribery.,6
843,会晤,huì wù,"hội đàm, gặp gỡ","talk, meet",两国领导人会晤了。,Liǎng guó lǐngdǎo rén huìwù le.,Lãnh đạo hai nước đã gặp gỡ.,The leaders of the two countries met.,6
844,昏迷,hūn mí,hôn mê,comatose,他昏迷了三天。,Tā hūnmí le sān tiān.,Anh ấy đã hôn mê ba ngày.,He was in a coma for three days.,6
845,浑身,hún shēn,"toàn thân, khắp người",whole body,他浑身是汗。,Tā húnshēn shì hàn.,Anh ấy đẫm mồ hôi.,He was drenched in sweat.,6
846,混合,hùn hé,"pha trộn, hỗn hợp","mix, mixture",这个药是由多种成分混合而成的。,Zhège yào shì yóu duō zhǒng chéngfèn hùnhé ér chéng de.,Thuốc này được pha trộn từ nhiều thành phần khác nhau.,This medicine is a mixture of several different ingredients.,6
847,混乱,hùn luàn,hỗn loạn,chaotic,房间里一片混乱。,Fángjiān lǐ yīpiàn hùnluàn.,Phòng thì hỗn loạn.,The room was in chaos.,6
848,混淆,hùn xiáo,"lẫn lộn, nhầm lẫn",confused,他把事实和谣言混淆了。,Tā bǎ shìshí hé yáoyán hùnxiáo le.,Anh ấy đã nhầm lẫn sự thật với tin đồn.,He mistook fact for rumor.,6
849,混浊,hùn zhuó,"đục, vẩn đục",cloudy,这水看起来有点混浊。,Zhè shuǐ kàn qǐlái yǒudiǎn hùnzhuó.,Nước này trông có vẻ đục.,This water looks cloudy.,6
850,活该,huó gāi,đáng đời,deserved,你活该受到惩罚。,Nǐ huógāi shòudào chéngfá.,Bạn đáng bị trừng phạt.,You deserve to be punished.,6
851,活力,huó lì,"sinh lực, sức sống",vitality,他充满了活力。,Tā chōngmǎn le huólì.,Anh ấy tràn đầy năng lượng.,He is full of energy.,6
852,火箭,huǒ jiàn,tên lửa,missile,火箭发射成功。,Huǒjiàn fāshè chénggōng.,Tên lửa phóng thành công.,The missile launched successfully.,6
853,火焰,huǒ yàn,"ngọn lửa, hỏa diễm","fire, flame",火焰在壁炉中跳动。,Huǒyàn zài bìlú zhōng tiàodòng.,Ngọn lửa nhảy múa trong lò sưởi.,The flames danced in the fireplace.,6
854,火药,huǒ yào,thuốc nổ,explosive,古代人用火药制造武器。,Gǔdài rén yòng huǒyào zhìzào wǔqì.,Người cổ đại dùng thuốc nổ để chế tạo vũ khí.,Ancient people used explosives to make weapons.,6
855,货币,huò bì,tiền tệ,money,中国的货币是人民币。,Zhōngguó de huòbì shì rénmínbì.,Tiền tệ của Trung Quốc là nhân dân tệ.,China's currency is the yuan.,6
856,或许,huò xǔ,"có lẽ, có thể","maybe, maybe",他或许会来。,Tā huòxǔ huì lái.,Có thể anh ấy sẽ đến.,Maybe he will come.,6
857,基地,jī dì,căn cứ,base,我们在基地上进行训练。,Wǒmen zài jīdì shàng jìnxíng xùnliàn.,Chúng tôi tập luyện tại căn cứ.,We practice at the base.,6
858,机动,jī dòng,"linh động, cơ động",flexible,这个装置可以自动机动。,Zhège zhuāngzhì kěyǐ zìdòng jīdòng.,Thiết bị này có thể tự động di chuyển.,This device can move automatically.,6
859,饥饿,jī è,"đói khát, đói","hungry, hungry",饥饿使人感到非常难受。,Jī'è shǐ rén gǎndào fēicháng nánshòu.,Đói khiến người ta cảm thấy rất khó chịu.,Hunger makes people feel very uncomfortable.,6
860,激发,jī fā,"kích thích, khơi dậy","stimulate, arouse",他的话激发了我的斗志。,Tā de huà jīfā le wǒ de dòuzhì.,Lời nói của anh ấy đã khơi dậy tinh thần chiến đấu của tôi.,His words sparked my fighting spirit.,6
861,机构,jī gòu,"cơ quan, tổ chức","agency, organization",公司内部有很多机构。,Gōngsī nèibù yǒu hěn duō jīgòu.,Bên trong công ty có nhiều tổ chức.,There are many organizations within the company.,6
862,机关,jī guān,"cơ quan, bộ máy",machinery,他在政府机关工作。,Tā zài zhèngfǔ jīguān gōngzuò.,Anh ấy làm việc trong cơ quan chính phủ.,He works in a government agency.,6
863,基金,jī jīn,"quỹ, ngân quỹ",fund,我们需要更多的基金来支持这个项目。,Wǒmen xūyào gèng duō de jījīn lái zhīchí zhège xiàngmù.,Chúng tôi cần nhiều quỹ hơn để hỗ trợ dự án này.,We need more funds to support this project.,6
864,激励,jī lì,"khuyến khích, động viên",encourage,他的成功激励了我。,Tā de chénggōng jīlì le wǒ.,Sự thành công của anh ấy đã khích lệ tôi.,His success encouraged me.,6
865,机灵,jī ling,"lanh lợi, tinh nhanh",quick-witted,他是一个机灵的孩子。,Tā shì yī gè jīlíng de háizi.,Cậu bé là một đứa trẻ lanh lợi.,The boy is a smart child.,6
866,机密,jī mì,"bí mật, cơ mật","secret, confidential",这个文件是机密的。,Zhège wénjiàn shì jīmì de.,Tài liệu này là bí mật.,This document is confidential.,6
867,激情,jī qíng,"nhiệt tình, hăng hái",enthusiastic,他的激情感染了所有人。,Tā de jīqíng gǎnrǎn le suǒyǒu rén.,Nhiệt huyết của anh ấy đã lan tỏa đến mọi người.,His enthusiasm was contagious.,6
868,讥笑,jī xiào,"châm chọc, chế giễu","mock, ridicule",他的话让大家讥笑。,Tā de huà ràng dàjiā jīxiào.,Lời nói của anh ấy khiến mọi người cười nhạo.,His words made everyone laugh.,6
869,机械,jī xiè,"máy móc, cơ giới","machinery, mechanical",这台机器操作简单。,Zhè tái jīqì cāozuò jiǎndān.,Cỗ máy này vận hành đơn giản.,This machine is simple to operate.,6
870,基因,jī yīn,"gen, di truyền","gene, genetics",基因决定了我们的外貌。,Jīyīn juédìng le wǒmen de wàimào.,Gen quyết định ngoại hình của chúng ta.,Genes determine our appearance.,6
871,机遇,jī yù,cơ hội,opportunity,这次会议给了我们很多机遇。,Zhè cì huìyì gěi le wǒmen hěn duō jīyù.,Cuộc họp này đã mang lại nhiều cơ hội cho chúng tôi.,This meeting has brought many opportunities for us.,6
872,机智,jī zhì,"lanh trí, tinh khôn",clever,他回答问题非常机智。,Tā huídá wèntí fēicháng jīzhì.,Anh ấy trả lời câu hỏi rất thông minh.,He answered the question very intelligently.,6
873,即便,jí biàn,"dù cho, cho dù","even though, even though",即便你不同意，也请听我说完。,"Jíbiàn nǐ bù tóngyì, yě qǐng tīng wǒ shuō wán.","Dù bạn không đồng ý, cũng xin hãy nghe tôi nói hết.","Even if you don't agree, please hear me out.",6
874,级别,jí bié,"cấp bậc, cấp độ","rank, level",他在公司里的级别很高。,Tā zài gōngsī lǐ de jíbié hěn gāo.,Anh ấy có cấp bậc cao trong công ty.,He has a high rank in the company.,6
875,疾病,jí bìng,"bệnh tật, ốm đau",illness,这种疾病很难治愈。,Zhè zhǒng jíbìng hěn nán zhìyù.,Bệnh này rất khó chữa.,This disease is very difficult to cure.,6
876,嫉妒,jí dù,"đố kỵ, ghen tị","envy, jealousy",她总是嫉妒别人的成功。,Tā zǒng shì jídù biéren de chénggōng.,Cô ấy luôn ghen tị với thành công của người khác.,She is always jealous of other people's success.,6
877,极端,jí duān,cực đoan,extreme,他的看法太极端了。,Tā de kànfǎ tài jíduān le.,Quan điểm của anh ấy quá cực đoan.,His views are too extreme.,6
878,急功近利,jí gōng jìn lì,"vội vàng, nôn nóng","hasty, impatient",这种做法太急功近利了。,Zhè zhǒng zuòfǎ tài jígōngjìnlì le.,Cách làm này quá tham lợi trước mắt.,This way of doing things is too greedy for immediate benefits.,6
879,籍贯,jí guàn,quê quán,hometown,我的籍贯是北京。,Wǒ de jíguàn shì Běijīng.,Quê quán của tôi là Bắc Kinh.,My hometown is Beijing.,6
880,即将,jí jiāng,"sắp sửa, sắp tới",soon,比赛即将开始。,Bǐsài jíjiāng kāishǐ.,Trận đấu sắp bắt đầu.,The match is about to start.,6
881,急剧,jí jù,"nhanh chóng, mãnh liệt","fast, intense",气温急剧下降。,Qìwēn jíjù xiàjiàng.,Nhiệt độ giảm đột ngột.,The temperature dropped suddenly.,6
882,急切,jí qiè,"cấp thiết, khẩn cấp",urgent,他急切地想知道答案。,Tā jíqiè de xiǎng zhīdào dá'àn.,Anh ấy nóng lòng muốn biết câu trả lời.,He was eager to know the answer.,6
883,集团,jí tuán,tập đoàn,group,这个集团在国际市场上非常有影响力。,Zhège jítuán zài guójì shìchǎng shàng fēicháng yǒu yǐngxiǎnglì.,Tập đoàn này có ảnh hưởng lớn trên thị trường quốc tế.,This group has great influence in the international market.,6
884,极限,jí xiàn,"cực hạn, giới hạn",limit,他挑战了极限。,Tā tiǎozhàn le jíxiàn.,Anh ấy đã thách thức giới hạn.,He challenged the limits.,6
885,吉祥,jí xiáng,"cát tường, may mắn",good luck,这个符号象征着吉祥。,Zhège fúhào xiàngzhēngzhe jíxiáng.,Biểu tượng này đại diện cho sự may mắn.,This symbol represents good luck.,6
886,急于求成,jí yú qiú chéng,"nóng lòng, sốt ruột",impatient,他急于求成，结果事与愿违。,"Tā jíyúqiúchéng, jiéguǒ shì yǔ yuàn wéi.","Anh ấy quá vội vàng đạt thành công, kết quả là sự việc không như mong đợi.","He was too hasty in achieving success, and as a result things did not turn out as expected.",6
887,及早,jí zǎo,"sớm, trước","early, before",我们需要及早完成任务。,Wǒmen xūyào jízǎo wánchéng rènwù.,Chúng ta cần hoàn thành nhiệm vụ sớm.,We need to complete the mission soon.,6
888,急躁,jí zào,"nóng nảy, vội vàng","hot-tempered, hasty",他太急躁了，做事总是三分钟热度。,"Tā tài jízào le, zuò shì zǒng shì sān fēnzhōng rèdù.","Anh ấy quá nóng nảy, làm việc lúc nào cũng chỉ nhiệt tình được ba phút.","He is too hot-tempered, working enthusiastically for only three minutes.",6
889,给予,jǐ yǔ,"cho, tặng",give,我们应该给予他更多的支持。,Wǒmen yīnggāi jǐyǔ tā gèng duō de zhīchí.,Chúng ta nên ủng hộ anh ấy nhiều hơn.,We should support him more.,6
890,继承,jì chéng,kế thừa,inherit,他继承了父亲的公司。,Tā jìchéng le fùqīn de gōngsī.,Anh ấy thừa kế công ty của cha mình.,He inherited his father's company.,6
891,季度,jì dù,quý (3 tháng),Quarter (3 months),每个季度我们都会有一次总结会议。,Měi gè jìdù wǒmen dōu huì yǒu yīcì zǒngjié huìyì.,Mỗi quý chúng tôi đều có một cuộc họp tổng kết.,Every quarter we have a summary meeting.,6
892,忌讳,jì huì,kiêng kỵ,taboo,这个话题在公司里是忌讳的。,Zhège huàtí zài gōngsī lǐ shì jìhuì de.,Chủ đề này là điều cấm kỵ trong công ty.,This topic is taboo in the company.,6
893,计较,jì jiào,"tính toán, so đo","calculate, measure",他总是计较小事。,Tā zǒng shì jìjiào xiǎo shì.,Anh ấy luôn so đo những việc nhỏ nhặt.,He always nitpicks.,6
894,寂静,jì jìng,"yên tĩnh, tĩnh mịch","quiet, still",夜晚的森林非常寂静。,Yèwǎn de sēnlín fēicháng jìjìng.,Khu rừng vào ban đêm rất yên tĩnh.,The forest is very quiet at night.,6
895,季军,jì jūn,"hạng ba, giải ba","third place, third prize",他在比赛中获得了季军。,Tā zài bǐsài zhōng huòdé le jìjūn.,Anh ấy đạt giải ba trong cuộc thi.,He won third prize in the competition.,6
896,技能,jì néng,kỹ năng,skill,他在计算机方面有很高的技能。,Tā zài jìsuànjī fāngmiàn yǒu hěn gāo de jìnéng.,Anh ấy có kỹ năng cao trong lĩnh vực máy tính.,He is highly skilled in the computer field.,6
897,技巧,jì qiǎo,"kỹ xảo, khéo léo","skillful, skillful",他的讲话技巧非常好。,Tā de jiǎnghuà jìqiǎo fēicháng hǎo.,Kỹ năng nói của anh ấy rất tốt.,His speaking skills are very good.,6
898,寄托,jì tuō,"gửi gắm, nhờ cậy",entrust,我把希望寄托在你身上。,Wǒ bǎ xīwàng jìtuō zài nǐ shēnshang.,Tôi đặt hy vọng vào bạn.,I put my hopes in you.,6
899,继往开来,jì wǎng kāi lái,tiếp nối phát triển,continued development,我们要继往开来，继续努力。,"Wǒmen yào jìwǎngkāilái, jìxù nǔlì.","Chúng ta phải kế thừa và phát triển, tiếp tục nỗ lực.","We must inherit and develop, continue to make efforts.",6
900,迹象,jì xiàng,"dấu hiệu, dấu vết","sign, trace",这些迹象表明了经济正在好转。,Zhèxiē jìxiàng biǎomíngle jīngjì zhèngzài hǎozhuǎn.,Những dấu hiệu này cho thấy kinh tế đang cải thiện.,These signs show that the economy is improving.,6
901,记性,jì xìng,trí nhớ,memory,他的记性非常好，从来不忘记重要的事情。,"Tā de jìxìng fēicháng hǎo, cónglái bù wàngjì zhòngyào de shìqíng.","Trí nhớ của anh ấy rất tốt, không bao giờ quên những việc quan trọng.","His memory is very good, never forgetting important things.",6
902,纪要,jì yào,"tóm tắt, ghi chép","summary, notes",会议的纪要已经发给了所有参加者。,Huìyì de jìyào yǐjīng fā gěi le suǒyǒu cānjiāzhě.,Biên bản cuộc họp đã được gửi đến tất cả người tham gia.,Minutes of the meeting have been sent to all participants.,6
903,记载,jì zǎi,"ghi chép, ghi lại",record,这个故事被详细地记载在书中。,Zhège gùshì bèi xiángxì de jìzǎi zài shū zhōng.,Câu chuyện này được ghi chép chi tiết trong sách.,This story is recorded in detail in the book.,6
904,家常,jiā cháng,thường ngày,daily,这道菜是我们家常的做法。,Zhè dào cài shì wǒmen jiācháng de zuòfǎ.,Món ăn này là cách nấu thường ngày của nhà chúng tôi.,This dish is a regular dish in our family.,6
905,加工,jiā gōng,"gia công, chế biến",processing,这个产品需要经过精细的加工。,Zhège chǎnpǐn xūyào jīngguò jīngxì de jiāgōng.,Sản phẩm này cần qua gia công tỉ mỉ.,This product requires meticulous processing.,6
906,家伙,jiā huǒ,"dụng cụ, khí cụ",tools,他是个非常聪明的家伙。,Tā shì gè fēicháng cōngmíng de jiāhuo.,Anh ấy là một người rất thông minh.,He is a very intelligent person.,6
907,加剧,jiā jù,trầm trọng thêm,exacerbate,经济问题的加剧让人们感到不安。,Jīngjì wèntí de jiājù ràng rénmen gǎndào bù'ān.,Sự gia tăng của các vấn đề kinh tế làm mọi người cảm thấy bất an.,The increase in economic problems makes people feel insecure.,6
908,家属,jiā shǔ,"gia thuộc, người nhà",family,他是军人的家属，享有特别的待遇。,"Tā shì jūnrén de jiāshǔ, xiǎngyǒu tèbié de dàiyù.","Anh ấy là người thân của quân nhân, được hưởng chế độ đãi ngộ đặc biệt.",He is a relative of a soldier and enjoys special treatment.,6
909,佳肴,jiā yáo,"món ngon, món ngon miệng","delicious food, delicious food",这顿佳肴真是美味无比。,Zhè dùn jiāyáo zhēnshì měiwèi wúbǐ.,Món ăn này thực sự rất ngon.,This dish is really delicious.,6
910,家喻户晓,jiā yù hù xiǎo,"ai cũng biết, khắp nơi đều biết","everyone knows, everywhere knows",这位演员已经是家喻户晓的明星。,Zhè wèi yǎnyuán yǐjīng shì jiāyùhùxiǎo de míngxīng.,Diễn viên này đã là ngôi sao nổi tiếng khắp nơi.,This actor has become a famous star everywhere.,6
911,夹杂,jiā zá,"xen lẫn, trộn lẫn",intermingle,这些书夹杂着很多个人笔记。,Zhèxiē shū jiāzá zhe hěn duō gèrén bǐjì.,Những cuốn sách này xen lẫn nhiều ghi chép cá nhân.,These books are interspersed with many personal notes.,6
912,假设,jiǎ shè,"giả thiết, giả dụ","hypothesis, example",假设你是老板，你会怎么做？,"Jiǎshè nǐ shì lǎobǎn, nǐ huì zěnme zuò?","Giả sử bạn là ông chủ, bạn sẽ làm gì?","Suppose you were the boss, what would you do?",6
913,假使,jiǎ shǐ,"nếu, giả sử","if, suppose",假使他知道了真相，他会非常生气。,"Jiǎshǐ tā zhīdàole zhēnxiàng, tā huì fēicháng shēngqì.","Giả sử anh ta biết sự thật, anh ta sẽ rất tức giận.","If he knew the truth, he would be very angry.",6
914,坚定,jiān dìng,"kiên định, vững chắc","steadfast, firm",他坚定地相信自己的选择。,Tā jiāndìng de xiāngxìn zìjǐ de xuǎnzé.,Anh ấy tin tưởng chắc chắn vào lựa chọn của mình.,He firmly believed in his choice.,6
915,监督,jiān dū,"giám sát, quản lý","monitor, manage",老师在监督学生们的考试。,Lǎoshī zài jiāndū xuéshēngmen de kǎoshì.,Giáo viên đang giám sát kỳ thi của các học sinh.,The teacher is supervising the students' exam.,6
916,尖端,jiān duān,"mũi nhọn, tiên tiến","cutting edge, cutting edge",科学家们正在研究尖端技术。,Kēxuéjiāmen zhèngzài yánjiū jiānduān jìshù.,Các nhà khoa học đang nghiên cứu công nghệ tiên tiến.,Scientists are researching advanced technology.,6
917,坚固,jiān gù,"kiên cố, vững chắc","solid, sturdy",这个建筑非常坚固，能抗强风。,"Zhège jiànzhú fēicháng jiāngù, néng kàng qiáng fēng.","Tòa nhà này rất kiên cố, có thể chịu được gió mạnh.",This building is very sturdy and can withstand strong winds.,6
918,艰难,jiān nán,"gian nan, khó khăn",hardship,他经历了很多艰难的时刻。,Tā jīnglìle hěn duō jiānnán de shíkè.,Anh ấy đã trải qua nhiều thời khắc khó khăn.,He has been through some tough times.,6
919,坚韧,jiān rèn,"kiên cường, bền bỉ","resilient, resilient",她以坚韧的意志克服了困难。,Tā yǐ jiānrèn de yìzhì kèfú le kùnnán.,Cô ấy vượt qua khó khăn với ý chí kiên cường.,She overcame difficulties with strong will.,6
920,坚实,jiān shí,"chắc chắn, vững chắc","sure, solid",这个计划非常坚实，值得信赖。,"Zhège jìhuà fēicháng jiānshí, zhídé xìnlài.","Kế hoạch này rất vững chắc, đáng tin cậy.",This plan is very solid and reliable.,6
921,监视,jiān shì,"giám sát, theo dõi",monitor,警察在监视嫌疑人的一举一动。,Jǐngchá zài jiānshì xiányírén de yījǔyīdòng.,Cảnh sát đang giám sát mọi động tĩnh của nghi phạm.,Police are monitoring the suspect's every move.,6
922,坚硬,jiān yìng,"cứng rắn, kiên cố","solid, sturdy",这种材料非常坚硬，适合建筑。,"Zhè zhǒng cáiliào fēicháng jiānyìng, shìhé jiànzhú.","Loại vật liệu này rất cứng, phù hợp cho xây dựng.","This material is very hard, suitable for construction.",6
923,监狱,jiān yù,"nhà tù, trại giam",prison,犯人被关在监狱里等待审判。,Fànrén bèi guān zài jiānyù lǐ děngdài shěnpàn.,Tội phạm bị giam trong nhà tù chờ xét xử.,Criminals are held in prison awaiting trial.,6
924,兼职,jiān zhí,"việc làm thêm, bán thời gian",part time job,他在学校里做兼职，赚取生活费。,"Tā zài xuéxiào lǐ zuò jiānzhí, zhuàn qǔ shēnghuófèi.",Anh ấy làm thêm ở trường để kiếm tiền sinh hoạt.,He works part-time at school to earn money for living expenses.,6
925,拣,jiǎn,"chọn, nhặt",pick,我在花园里拣了几朵花。,Wǒ zài huāyuán lǐ jiǎn le jǐ duǒ huā.,Tôi đã nhặt vài bông hoa trong vườn.,I picked some flowers in the garden.,6
926,剪彩,jiǎn cǎi,cắt băng khánh thành,ribbon cutting,今天的典礼上，他们为新图书馆剪彩。,"Jīntiān de diǎnlǐ shàng, tāmen wèi xīn túshūguǎn jiǎncǎi.","Hôm nay, họ cắt băng khánh thành thư viện mới trong buổi lễ.","Today, they cut the ribbon on the new library at a ceremony.",6
927,简化,jiǎn huà,"giản hóa, đơn giản hóa",simplify,我们需要简化工作流程，提高效率。,"Wǒmen xūyào jiǎnhuà gōngzuò liúchéng, tígāo xiàolǜ.",Chúng ta cần đơn giản hóa quy trình làm việc để nâng cao hiệu suất.,We need to simplify our workflow to improve efficiency.,6
928,简陋,jiǎn lòu,"sơ sài, thô sơ","rough, crude",这间房子简陋，但很温馨。,"Zhè jiān fángzi jiǎnlòu, dàn hěn wēnxīn.",Ngôi nhà này tuy đơn sơ nhưng rất ấm cúng.,This house is simple but very cozy.,6
929,检讨,jiǎn tǎo,"kiểm điểm, xem xét lại",review,我们会在会议上检讨这个计划。,Wǒmen huì zài huìyì shàng jiǎntǎo zhège jìhuà.,Chúng ta sẽ kiểm tra lại kế hoạch này trong cuộc họp.,We will review this plan at the meeting.,6
930,简体字,jiǎn tǐ zì,chữ giản thể,simplified characters,简体字比繁体字更容易学习。,Jiǎntǐzì bǐ fántǐzì gèng róngyì xuéxí.,Chữ giản thể dễ học hơn chữ phồn thể.,Simplified characters are easier to learn than traditional characters.,6
931,检验,jiǎn yàn,"kiểm nghiệm, kiểm tra",test,科学家正在检验新药的效果。,Kēxuéjiā zhèngzài jiǎnyàn xīnyào de xiàoguǒ.,Các nhà khoa học đang kiểm nghiệm hiệu quả của thuốc mới.,Scientists are testing the effectiveness of new drugs.,6
932,简要,jiǎn yào,"tóm tắt, ngắn gọn","summary, brief",他简要地介绍了会议的主要内容。,Tā jiǎnyào de jièshào le huìyì de zhǔyào nèiróng.,Anh ấy tóm tắt nội dung chính của cuộc họp.,He summarized the main points of the meeting.,6
933,溅,jiàn,"bắn lên, văng ra","shoot up, shoot out",水溅到了我的衣服上。,Shuǐ jiàn dào le wǒ de yīfú shàng.,Nước bắn lên quần áo của tôi.,Water splashed on my clothes.,6
934,鉴别,jiàn bié,"phân biệt, nhận định","distinguish, judge",专家们正在鉴别这幅画的真伪。,Zhuānjiāmen zhèngzài jiànbié zhè fú huà de zhēnwěi.,Các chuyên gia đang xác định tính xác thực của bức tranh này.,Experts are determining the authenticity of this painting.,6
935,间谍,jiàn dié,gián điệp,spy,他是一个间谍，潜伏在敌人内部。,"Tā shì yī gè jiàndié, qiánfú zài dírén nèibù.","Anh ta là một điệp viên, nằm vùng trong hàng ngũ địch.","He is a spy, undercover in enemy ranks.",6
936,鉴定,jiàn dìng,"giám định, xác định","appraisal, determination",这栋建筑需要进行安全鉴定。,Zhè dòng jiànzhú xūyào jìnxíng ānquán jiàndìng.,Tòa nhà này cần được đánh giá an toàn.,This building needs a safety assessment.,6
937,见多识广,jiàn duō shí guǎng,hiểu biết rộng rãi,broad understanding,他是个见多识广的人，什么都知道。,"Tā shì gè jiànduōshíguǎng de rén, shénme dōu zhīdào.","Anh ấy là một người hiểu biết rộng, cái gì cũng biết.","He is a knowledgeable person, knows everything.",6
938,间隔,jiàn gé,"khoảng cách, khoảng thời gian","distance, time period",两次会议之间有一个小时的间隔。,Liǎng cì huìyì zhījiān yǒu yī gè xiǎoshí de jiàngé.,Có một khoảng cách một giờ giữa hai cuộc họp.,There is a one hour gap between the two meetings.,6
939,间接,jiàn jiē,gián tiếp,indirect,我们通过间接证据推断出真相。,Wǒmen tōngguò jiànjiē zhèngjù tuīduàn chū zhēnxiàng.,Chúng tôi suy luận ra sự thật thông qua các chứng cứ gián tiếp.,We infer the truth through circumstantial evidence.,6
940,见解,jiàn jiě,"cách nhìn, quan điểm",perspective,他的见解很独特，值得参考。,"Tā de jiànjiě hěn dútè, zhídé cānkǎo.","Quan điểm của anh ấy rất độc đáo, đáng để tham khảo.",His views are unique and worth considering.,6
941,健全,jiàn quán,"kiện toàn, hoàn thiện",complete,我们需要建立一个健全的制度。,Wǒmen xūyào jiànlì yī gè jiànquán de zhìdù.,Chúng ta cần thiết lập một hệ thống lành mạnh.,We need to establish a healthy system.,6
942,践踏,jiàn tà,"dẫm đạp, đạp nát",trample,他们肆意践踏法律，必须受到惩罚。,"Tāmen sìyì jiàntà fǎlǜ, bìxū shòudào chéngfá.","Họ tự do chà đạp lên pháp luật, cần phải bị trừng phạt.",They freely trample on the law and need to be punished.,6
943,舰艇,jiàn tǐng,tàu chiến,battleship,这艘舰艇将在下个月服役。,Zhè sōu jiàntǐng jiàng zài xià gè yuè fúyì.,Con tàu chiến này sẽ vào biên chế vào tháng tới.,The warship will enter service next month.,6
944,见闻,jiàn wén,"hiểu biết, sự từng trải","knowledge, experience",他的见闻非常广泛，知识丰富。,"Tā de jiànwén fēicháng guǎngfàn, zhīshì fēngfù.","Kiến thức của anh ấy rất rộng, hiểu biết phong phú.","His knowledge is very broad, his understanding is rich.",6
945,见义勇为,jiàn yì yǒng wéi,thấy việc nghĩa thì làm,see the right thing to do,他见义勇为，救了很多人。,"Tā jiànyìyǒngwéi, jiù le hěn duō rén.","Anh ấy dũng cảm làm việc nghĩa, cứu được nhiều người.",He bravely did good deeds and saved many people.,6
946,鉴于,jiàn yú,"bởi vì, xét thấy","because, considering",鉴于天气恶劣，我们决定取消旅行。,"Jiànyú tiānqì èliè, wǒmen juédìng qǔxiāo lǚxíng.","Do thời tiết xấu, chúng tôi quyết định hủy bỏ chuyến đi.","Due to bad weather, we decided to cancel the trip.",6
947,将近,jiāng jìn,"gần, xấp xỉ","near, approximately",他将近六十岁了，还在工作。,"Tā jiāngjìn liùshí suì le, hái zài gōngzuò.","Anh ấy gần sáu mươi tuổi rồi, vẫn đang làm việc.",He is nearly sixty years old and still working.,6
948,将军,jiāng jūn,"tướng quân, tướng lĩnh",general,将军亲自指挥这次行动。,Jiāngjūn qīnzì zhǐhuī zhè cì xíngdòng.,Vị tướng đích thân chỉ huy hành động lần này.,The general personally commanded the action this time.,6
949,僵硬,jiāng yìng,"cứng đờ, không linh hoạt","stiff, inflexible",他的手指冻得僵硬。,Tā de shǒuzhǐ dòng dé jiāngyìng.,Ngón tay của anh ấy bị lạnh đến cứng đờ.,His fingers were frozen stiff.,6
950,桨,jiǎng,mái chèo,paddle,他划着一只小船，用桨轻轻划水。,"Tā huá zhe yī zhī xiǎo chuán, yòng jiǎng qīng qīng huá shuǐ.","Anh ấy chèo một chiếc thuyền nhỏ, nhẹ nhàng dùng mái chèo để chèo nước.","He rowed a small boat, gently using the oars to row the water.",6
951,奖励,jiǎng lì,"khen thưởng, khuyến khích","reward, encouragement",老板奖励了他一笔奖金。,Lǎobǎn jiǎnglì le tā yī bǐ jiǎngjīn.,Ông chủ thưởng cho anh ấy một khoản tiền thưởng.,The boss gave him a bonus.,6
952,奖赏,jiǎng shǎng,"thưởng, phần thưởng",reward,他因表现出色而得到奖赏。,Tā yīn biǎoxiàn chūsè ér dédào jiǎngshǎng.,Anh ấy được thưởng vì biểu hiện xuất sắc.,He was rewarded for his excellent performance.,6
953,降临,jiàng lín,"đến, xảy đến","come, happen",春天的到来让人们感到兴奋，降临在每个人的心中。,"Chūntiān de dàolái ràng rénmen gǎndào xīngfèn, jiànglín zài měi gèrén de xīnzhōng.","Mùa xuân đến làm mọi người cảm thấy phấn khởi, đến trong lòng mỗi người.","Spring comes to make everyone feel excited, to everyone's heart.",6
954,交叉,jiāo chā,"giao nhau, cắt ngang",intersect,这两条路在这里交叉。,Zhè liǎng tiáo lù zài zhèlǐ jiāochā.,Hai con đường này giao nhau tại đây.,These two roads intersect here.,6
955,交代,jiāo dài,"giải thích, bàn giao","explain, hand over",他向老板交代了工作进展情况。,Tā xiàng lǎobǎn jiāodài le gōngzuò jìnzhǎn qíngkuàng.,Anh ấy báo cáo tình hình tiến độ công việc với ông chủ.,He reported the progress of the work to his boss.,6
956,焦点,jiāo diǎn,"tiêu điểm, điểm nóng","focus, hot spot",我们要解决这个问题的焦点。,Wǒmen yào jiějué zhège wèntí de jiāodiǎn.,Chúng ta cần giải quyết trọng tâm của vấn đề này.,We need to address the heart of this problem.,6
957,焦急,jiāo jí,"lo lắng, sốt ruột","anxious, impatient",他的焦急心情显而易见。,Tā de jiāojí xīnqíng xiǎn'éryìjiàn.,Tâm trạng lo lắng của anh ấy rất rõ ràng.,His anxious mood was obvious.,6
958,娇气,jiāo qì,"mềm yếu, mỏng manh",fragile,她的娇气让人受不了。,Tā de jiāoqì ràng rén shòubùliǎo.,Sự yếu đuối của cô ấy làm người khác không chịu nổi.,Her weakness is unbearable to others.,6
959,交涉,jiāo shè,"đàm phán, thương lượng",negotiate,我们正在和对方公司交涉合同细节。,Wǒmen zhèngzài hé duìfāng gōngsī jiāoshè hétóng xìjié.,Chúng tôi đang đàm phán chi tiết hợp đồng với công ty đối tác.,We are negotiating contract details with the partner company.,6
960,交往,jiāo wǎng,"qua lại, giao lưu",communicate,他们之间的交往非常密切。,Tāmen zhījiān de jiāowǎng fēicháng mìqiè.,Quan hệ giữa họ rất thân thiết.,Their relationship is very close.,6
961,交易,jiāo yì,"giao dịch, buôn bán","trade, trade",他们达成了一项重要的交易。,Tāmen dáchéngle yī xiàng zhòngyào de jiāoyì.,Họ đã đạt được một giao dịch quan trọng.,They have struck a major deal.,6
962,搅拌,jiǎo bàn,"khuấy, trộn","stir, mix",厨师正在搅拌材料，准备做蛋糕。,"Chúshī zhèngzài jiǎobàn cáiliào, zhǔnbèi zuò dàngāo.","Đầu bếp đang khuấy nguyên liệu, chuẩn bị làm bánh.","The chef is stirring the ingredients, preparing to make the cake.",6
963,角落,jiǎo luò,"góc, xó xỉnh",corner,这个角落很隐蔽，没人会发现。,"Zhège jiǎoluò hěn yǐnbì, méi rén huì fāxiàn.","Góc này rất kín đáo, không ai sẽ phát hiện ra.","This corner is very discreet, no one will find out.",6
964,缴纳,jiǎo nà,"nộp, đóng tiền",pay,请按时缴纳水电费。,Qǐng ànshí jiǎonà shuǐdiànfèi.,Vui lòng nộp tiền điện nước đúng hạn.,Please pay your electricity and water bills on time.,6
965,较量,jiào liàng,"so tài, đấu","compete, fight",他们在赛场上激烈较量。,Tāmen zài sàichǎng shàng jīliè jiàoliàng.,Họ cạnh tranh quyết liệt trên sân thi đấu.,They compete fiercely on the field.,6
966,教养,jiào yǎng,"giáo dục, nuôi dạy","education, upbringing",他的教养非常好，待人很有礼貌。,"Tā de jiàoyǎng fēicháng hǎo, dàirén hěn yǒu lǐmào.","Anh ấy rất có giáo dục, cư xử với mọi người rất lịch sự.",He is very well educated and treats people very politely.,6
967,皆,jiē,"tất cả, đều",all,人人皆知，这是一件大事。,"Rénrén jiē zhī, zhè shì yī jiàn dàshì.","Ai cũng biết, đây là một việc lớn.","As everyone knows, this is a big deal.",6
968,阶层,jiē céng,"tầng lớp, giai tầng",class,社会的阶层结构非常复杂。,Shèhuì de jiēcéng jiégòu fēicháng fùzá.,Cấu trúc giai cấp xã hội rất phức tạp.,Social class structure is very complex.,6
969,揭发,jiē fā,"vạch trần, phát giác",expose,他揭发了公司的贪污行为。,Tā jiēfā le gōngsī de tānwū xíngwéi.,Anh ấy đã tố giác hành vi tham ô của công ty.,He blew the whistle on the company's corruption.,6
970,接连,jiē lián,"liên tiếp, liên tục","consecutively, continuously",我们连续接连发生了好几起事故。,Wǒmen liánxù jiēlián fāshēng le hǎo jǐ qǐ shìgù.,Chúng tôi liên tiếp xảy ra vài vụ tai nạn.,We had several accidents in a row.,6
971,揭露,jiē lù,"phơi bày, lộ ra",expose,他揭露了这件事的真相。,Tā jiēlù le zhè jiàn shì de zhēnxiàng.,Anh ấy đã tiết lộ sự thật về việc này.,He revealed the truth about this.,6
972,杰出,jié chū,"xuất sắc, kiệt xuất",excellent,她是一个杰出的科学家。,Tā shì yī gè jiéchū de kēxuéjiā.,Cô ấy là một nhà khoa học xuất sắc.,She is an excellent scientist.,6
973,结果,jié guǒ,kết quả,result,结果显示他的努力没有白费。,Jiéguǒ xiǎnshì tā de nǔlì méiyǒu báifèi.,Kết quả cho thấy nỗ lực của anh ấy không uổng phí.,The results showed that his efforts were not in vain.,6
974,竭尽全力,jié jìn quán lì,dốc hết sức lực,go all out,他竭尽全力完成了任务。,Tā jiéjìn quánlì wánchéng le rènwù.,Anh ấy đã dốc hết sức hoàn thành nhiệm vụ.,He put all his effort into completing the task.,6
975,结晶,jié jīng,"kết tinh, kết quả","crystallization, result",这块宝石是天然结晶。,Zhè kuài bǎoshí shì tiānrán jiéjīng.,Viên đá quý này là kết tinh tự nhiên.,This gemstone is naturally crystallized.,6
976,结局,jié jú,"kết cục, kết thúc","end, conclusion",故事的结局出乎意料。,Gùshì de jiéjú chūhū yìliào.,Kết thúc của câu chuyện ngoài dự đoán.,The ending of the story is unexpected.,6
977,结算,jié suàn,thanh toán,pay,我们需要结算一下本月的费用。,Wǒmen xūyào jiésuàn yīxià běn yuè de fèiyòng.,Chúng ta cần quyết toán chi phí của tháng này.,We need to settle this month's expenses.,6
978,截至,jié zhì,"cho đến, tính đến","until, up to",截至目前，他还没有回复。,"Jiézhì mùqián, tā hái méiyǒu huífù.","Cho đến hiện tại, anh ấy vẫn chưa trả lời.","As of now, he has not responded.",6
979,节奏,jié zòu,"nhịp điệu, tiết tấu","rhythm, tempo",音乐的节奏很快，让人想跳舞。,"Yīnyuè de jiézòu hěn kuài, ràng rén xiǎng tiàowǔ.","Nhịp điệu của âm nhạc rất nhanh, khiến người ta muốn nhảy.","The rhythm of the music is very fast, making people want to dance.",6
980,解除,jiě chú,"giải trừ, hủy bỏ",cancel,我们解除了一切合同关系。,Wǒmen jiěchú le yīqiè hétóng guānxì.,Chúng tôi đã chấm dứt mọi quan hệ hợp đồng.,We have terminated all contractual relations.,6
981,解雇,jiě gù,"sa thải, đuổi việc",fired,公司决定解雇一些员工。,Gōngsī juédìng jiěgù yīxiē yuángōng.,Công ty quyết định sa thải một số nhân viên.,The company decided to lay off some employees.,6
982,解剖,jiě pōu,giải phẫu,anatomy,医生解剖了那具尸体。,Yīshēng jiěpōu le nà jù shītǐ.,Bác sĩ đã giải phẫu xác chết đó.,The doctor performed an autopsy on the corpse.,6
983,解散,jiě sàn,"giải tán, tan rã","dissolve, disband",我们已经决定解散这个团队。,Wǒmen yǐjīng juédìng jiěsàn zhège tuánduì.,Chúng tôi đã quyết định giải tán đội này.,We have decided to disband this team.,6
984,解体,jiě tǐ,"phân hủy, tan rã","decompose, disintegrate",这座建筑已经解体，需要重建。,"Zhè zuò jiànzhú yǐjīng jiětǐ, xūyào chóngjiàn.","Tòa nhà này đã sụp đổ, cần xây lại.",This building has collapsed and needs to be rebuilt.,6
985,戒备,jiè bèi,"cảnh giới, phòng bị","vigilance, defense",警察加强了戒备，防止事故发生。,"Jǐngchá jiāqiáng le jièbèi, fángzhǐ shìgù fāshēng.",Cảnh sát tăng cường phòng bị để ngăn ngừa tai nạn.,Police stepped up precautions to prevent accidents.,6
986,借鉴,jiè jiàn,"học hỏi, tham khảo","learn, refer",我们可以借鉴其他国家的经验。,Wǒmen kěyǐ jièjiàn qítā guójiā de jīngyàn.,Chúng ta có thể tham khảo kinh nghiệm của các nước khác.,We can refer to the experience of other countries.,6
987,界限,jiè xiàn,"giới hạn, ranh giới","limit, boundary",他们的分界线很明确。,Tāmen de fēnjièxiàn hěn míngquè.,Ranh giới của họ rất rõ ràng.,Their boundaries are very clear.,6
988,借助,jiè zhù,"nhờ cậy, dựa vào",rely on,我们借助工具完成了这个任务。,Wǒmen jièzhù gōngjù wánchéng le zhège rènwù.,Chúng tôi nhờ vào công cụ để hoàn thành nhiệm vụ này.,We rely on tools to accomplish this task.,6
989,津津有味,jīn jīn yǒu wèi,"thích thú, say mê","interested, passionate",这道菜让人吃得津津有味。,Zhè dào cài ràng rén chī dé jīnjīn yǒuwèi.,Món ăn này khiến người ta ăn rất ngon miệng.,This dish makes people eat very delicious.,6
990,金融,jīn róng,tài chính,finance,金融市场最近波动很大。,Jīnróng shìchǎng zuìjìn bōdòng hěn dà.,Thị trường tài chính gần đây biến động rất lớn.,The financial markets have been very volatile lately.,6
991,尽快,jǐn kuài,"nhanh chóng, càng sớm càng tốt","quickly, as soon as possible",我们需要尽快完成这个项目。,Wǒmen xūyào jǐnkuài wánchéng zhège xiàngmù.,Chúng ta cần nhanh chóng hoàn thành dự án này.,We need to complete this project quickly.,6
992,尽量,jǐn liàng,"hết sức, cố gắng hết mức",do your best,请尽量简化流程，提高效率。,"Qǐng jǐnliàng jiǎnhuà liúchéng, tígāo xiàolǜ.","Vui lòng đơn giản hóa quy trình, nâng cao hiệu suất.","Please simplify the process, improve efficiency.",6
993,紧密,jǐn mì,"chặt chẽ, mật thiết","tight, intimate",我们要保持紧密的合作关系。,Wǒmen yào bǎochí jǐnmì de hézuò guānxì.,Chúng ta cần giữ mối quan hệ hợp tác chặt chẽ.,We need to maintain close cooperation.,6
994,紧迫,jǐn pò,"cấp bách, khẩn cấp",urgent,这个任务非常紧迫，必须立即完成。,"Zhège rènwù fēicháng jǐnpò, bìxū lìjí wánchéng.","Nhiệm vụ này rất cấp bách, cần phải hoàn thành ngay lập tức.",This task is urgent and needs to be completed immediately.,6
995,锦绣前程,jǐn xiù qián chéng,tiền đồ sáng lạn,bright future,你有一段锦绣前程。,Nǐ yǒu yī duàn jǐnxiù qiánchéng.,Bạn có một tương lai tươi sáng.,You have a bright future.,6
996,进而,jìn ér,"tiếp đó, sau đó","then, after that",他进而提出了新的建议。,Tā jìn'ér tíchū le xīn de jiànyì.,Anh ấy tiến thêm một bước và đưa ra đề xuất mới.,He went one step further and made a new proposal.,6
997,进攻,jìn gōng,tấn công,attack,敌军发动了猛烈的进攻。,Dí jūn fādòng le měngliè de jìngōng.,Quân địch phát động một cuộc tấn công mãnh liệt.,The enemy launched a fierce attack.,6
998,进化,jìn huà,tiến hóa,evolution,人类在不断进化中。,Rénlèi zài bùduàn jìnhuà zhōng.,Loài người đang không ngừng tiến hóa.,Humans are constantly evolving.,6
999,近来,jìn lái,gần đây,recently,近来，天气变得越来越热。,"Jìnlái, tiānqì biàn dé yuè lái yuè rè.","Gần đây, thời tiết ngày càng nóng hơn.","Lately, the weather has been getting hotter.",6
1000,浸泡,jìn pào,"ngâm, tẩm",soak,他把茶叶浸泡在热水中。,Tā bǎ cháyè jìnpào zài rèshuǐ zhōng.,Anh ấy ngâm lá trà trong nước nóng.,He steeped the tea leaves in hot water.,6
1001,晋升,jìn shēng,"thăng tiến, thăng chức",promotion,他被晋升为经理。,Tā bèi jìnshēng wéi jīnglǐ.,Anh ấy được thăng chức làm quản lý.,He was promoted to manager.,6
1002,近视,jìn shì,cận thị,short-sighted,她患有近视，需要戴眼镜。,"Tā huàn yǒu jìnshì, xūyào dài yǎnjìng.","Cô ấy bị cận thị, cần đeo kính.",She is nearsighted and needs to wear glasses.,6
1003,劲头,jìn tóu,"hứng thú, động lực","interest, motivation",他做事非常有劲头。,Tā zuòshì fēicháng yǒu jìntóu.,Anh ấy làm việc rất có động lực.,He is very motivated at work.,6
1004,进展,jìn zhǎn,"tiến triển, tiến độ",progress,项目进展顺利。,Xiàngmù jìnzhǎn shùnlì.,Dự án tiến triển thuận lợi.,The project is progressing smoothly.,6
1005,茎,jīng,"cuống, thân cây",stem,植物的茎很长。,Zhíwù de jīng hěn zhǎng.,Thân cây rất dài.,The trunk is very long.,6
1006,精打细算,jīng dǎ xì suàn,tính toán kỹ lưỡng,carefully calculated,她总是精打细算。,Tā zǒng shì jīngdǎxìsuàn.,Cô ấy luôn tính toán kỹ lưỡng.,She is always calculating.,6
1007,惊动,jīng dòng,"làm kinh động, quấy rầy",disturb,这件事惊动了所有人。,Zhè jiàn shì jīngdòng le suǒyǒu rén.,Việc này làm kinh động mọi người.,This shocked everyone.,6
1008,经费,jīng fèi,kinh phí,budget,他们的研究经费充足。,Tāmen de yánjiū jīngfèi chōngzú.,Kinh phí nghiên cứu của họ đầy đủ.,Their research funding is adequate.,6
1009,精华,jīng huá,"tinh hoa, tinh túy",essence,这本书是这位作家的精华。,Zhè běn shū shì zhè wèi zuòjiā de jīnghuá.,Cuốn sách này là tinh hoa của tác giả này.,This book is the quintessence of this author.,6
1010,精简,jīng jiǎn,"giản đơn, tinh gọn","simple, concise",我们需要精简工作流程。,Wǒmen xūyào jīngjiǎn gōngzuò liúchéng.,Chúng ta cần đơn giản hóa quy trình làm việc.,We need to simplify the workflow.,6
1011,兢兢业业,jīng jīng yè yè,"cẩn thận, chăm chỉ","careful, diligent",他兢兢业业地工作。,Tā jīngjīngyèyè de gōngzuò.,Anh ấy làm việc rất cần mẫn.,He works very hard.,6
1012,精密,jīng mì,"chính xác, tỉ mỉ","precise, meticulous",这个机器非常精密。,Zhège jīqì fēicháng jīngmì.,Cỗ máy này rất tinh vi.,This machine is very sophisticated.,6
1013,惊奇,jīng qí,"kinh ngạc, ngạc nhiên",surprised,她对新发现感到惊奇。,Tā duì xīn fāxiàn gǎndào jīngqí.,Cô ấy rất ngạc nhiên với phát hiện mới.,She was surprised by the new discovery.,6
1014,精确,jīng què,"chính xác, đúng đắn",correct,数据需要精确到小数点后两位。,Shùjù xūyào jīngquè dào xiǎoshùdiǎn hòu liǎng wèi.,Dữ liệu cần chính xác đến hai chữ số sau dấu thập phân.,Data must be accurate to two decimal places.,6
1015,经商,jīng shāng,kinh doanh,business,他打算经商。,Tā dǎsuàn jīngshāng.,Anh ấy dự định kinh doanh.,He plans to go into business.,6
1016,精通,jīng tōng,"thông thạo, tinh thông",proficient,她精通多国语言。,Tā jīngtōng duō guó yǔyán.,Cô ấy thông thạo nhiều ngôn ngữ.,She is fluent in many languages.,6
1017,经纬,jīng wěi,kinh độ và vĩ độ,longitude and latitude,这条道路是城市的经纬。,Zhè tiáo dàolù shì chéngshì de jīngwěi.,Con đường này là kinh độ và vĩ độ của thành phố.,This line is the longitude and latitude of the city.,6
1018,精心,jīng xīn,"dày công, tỉ mỉ","painstaking, meticulous",她精心准备了晚餐。,Tā jīngxīn zhǔnbèi le wǎncān.,Cô ấy chuẩn bị bữa tối rất cẩn thận.,She prepared dinner very carefully.,6
1019,惊讶,jīng yà,ngạc nhiên,surprised,他感到非常惊讶。,Tā gǎndào fēicháng jīngyà.,Anh ấy rất ngạc nhiên.,He was surprised.,6
1020,精益求精,jīng yì qiú jīng,"cải tiến, hoàn thiện","improve, perfect",我们精益求精，追求完美。,"Wǒmen jīngyìqiújīng, zhuīqiú wánměi.","Chúng tôi không ngừng hoàn thiện, theo đuổi sự hoàn hảo.","We constantly improve, pursue perfection.",6
1021,精致,jīng zhì,"tinh xảo, tinh tế","delicate, sophisticated",这个花瓶制作得非常精致。,Zhège huāpíng zhìzuò dé fēicháng jīngzhì.,Chiếc bình hoa này được chế tác rất tinh xảo.,This vase is very delicately crafted.,6
1022,井,jǐng,"giếng, thùng","well, barrel",井水很清凉。,Jǐngshuǐ hěn qīngliáng.,Nước giếng rất mát.,The well water is very cool.,6
1023,警告,jǐng gào,cảnh báo,warning,他收到了警告信。,Tā shōu dào le jǐnggào xìn.,Anh ấy nhận được thư cảnh cáo.,He received a warning letter.,6
1024,警惕,jǐng tì,cảnh giác,be alert,我们需要警惕危险。,Wǒmen xūyào jǐngtì wēixiǎn.,Chúng ta cần cảnh giác với nguy hiểm.,We need to be alert to danger.,6
1025,颈椎,jǐng zhuī,đốt sống cổ,cervical spine,他的颈椎有问题。,Tā de jǐngzhuī yǒu wèntí.,Đốt sống cổ của anh ấy có vấn đề.,He has a problem with his cervical spine.,6
1026,境界,jìng jiè,"cảnh giới, ranh giới",boundary,他达到了一个新的境界。,Tā dádào le yī gè xīn de jìngjiè.,Anh ấy đạt đến một cảnh giới mới.,He reached a new level.,6
1027,敬礼,jìng lǐ,"chào hỏi, chào kính",hello,警察向我们敬礼。,Jǐngchá xiàng wǒmen jìnglǐ.,Cảnh sát chào chúng tôi.,The police greeted us.,6
1028,竞赛,jìng sài,"thi đấu, cạnh tranh",compete,他在竞赛中获得了冠军。,Tā zài jìngsài zhōng huòdé le guànjūn.,Anh ấy giành chức vô địch trong cuộc thi.,He won the championship in the competition.,6
1029,镜头,jìng tóu,"ống kính, cảnh quay","lens, footage",摄影师调整了镜头。,Shèyǐngshī tiáozhěng le jìngtóu.,Nhiếp ảnh gia điều chỉnh ống kính.,The photographer adjusted the lens.,6
1030,竞选,jìng xuǎn,"tranh cử, vận động bầu cử",election campaign,他正在竞选市长。,Tā zhèngzài jìngxuǎn shìzhǎng.,Anh ấy đang tranh cử thị trưởng.,He is running for mayor.,6
1031,纠纷,jiū fēn,"tranh chấp, mâu thuẫn","dispute, conflict",他们之间有纠纷。,Tāmen zhījiān yǒu jiūfēn.,Giữa họ có tranh chấp.,There is a dispute between them.,6
1032,纠正,jiū zhèng,"sửa chữa, đính chính","repair, correction",我们必须纠正错误。,Wǒmen bìxū jiūzhèng cuòwù.,Chúng ta phải sửa chữa lỗi lầm.,We must correct our mistakes.,6
1033,酒精,jiǔ jīng,"cồn, rượu",alcohol,这种酒含有很高的酒精。,Zhè zhǒng jiǔ hányǒu hěn gāo de jiǔjīng.,Loại rượu này chứa cồn rất cao.,This wine contains very high alcohol content.,6
1034,救济,jiù jì,cứu trợ,relief,政府提供了紧急救济。,Zhèngfǔ tígōng le jǐnjí jiùjì.,Chính phủ cung cấp cứu trợ khẩn cấp.,The government provides emergency relief.,6
1035,就近,jiù jìn,"gần, lân cận","near, nearby",请就近找个餐馆吃饭。,Qǐng jiùjìn zhǎo gè cānguǎn chīfàn.,Vui lòng tìm một nhà hàng gần đây để ăn.,Please find a nearby restaurant to eat.,6
1036,就业,jiù yè,"việc làm, tìm việc","job, job search",他最近找到了就业机会。,Tā zuìjìn zhǎodào le jiùyè jīhuì.,Gần đây anh ấy tìm được cơ hội việc làm.,He recently found a job opportunity.,6
1037,就职,jiù zhí,"nhậm chức, nhận chức",take office,他新就职的公司很好。,Tā xīn jiùzhí de gōngsī hěn hǎo.,Công ty mới của anh ấy rất tốt.,His new company is very good.,6
1038,鞠躬,jū gōng,"cúi đầu, cúi chào",bow,他向我们鞠躬致意。,Tā xiàng wǒmen jūgōng zhìyì.,Anh ấy cúi chào chúng tôi.,He bowed to us.,6
1039,拘留,jū liú,"tạm giam, tạm giữ",detention,他被警方拘留了。,Tā bèi jǐngfāng jūliú le.,Anh ấy bị cảnh sát giam giữ.,He was detained by the police.,6
1040,拘束,jū shù,"gò bó, ràng buộc","constrained, bound",他的行为有点拘束。,Tā de xíngwéi yǒudiǎn jūshù.,Hành vi của anh ấy hơi gò bó.,His behavior is a bit restrained.,6
1041,居住,jū zhù,"cư trú, sinh sống","reside, live",他居住在市中心。,Tā jūzhù zài shì zhōngxīn.,Anh ấy cư trú ở trung tâm thành phố.,He lives in the city center.,6
1042,局部,jú bù,"cục bộ, một phần","local, partial",这个问题只涉及到局部。,Zhège wèntí zhǐ shèjí dào júbù.,Vấn đề này chỉ liên quan đến một phần.,This issue is only partially relevant.,6
1043,局面,jú miàn,"cục diện, tình thế",situation,局面的发展令人担忧。,Júmiàn de fāzhǎn lìng rén dānyōu.,Sự phát triển của tình hình khiến người ta lo lắng.,The development of the situation is worrying.,6
1044,局势,jú shì,"tình hình, tình thế",situation,政府正在评估局势。,Zhèngfǔ zhèngzài pínggū júshì.,Chính phủ đang đánh giá tình hình.,The government is assessing the situation.,6
1045,局限,jú xiàn,"hạn chế, giới hạn",limit,我们需要打破局限。,Wǒmen xūyào dǎpò júxiàn.,Chúng ta cần phá vỡ giới hạn.,We need to break the limits.,6
1046,举动,jǔ dòng,"hành động, động thái","action, move",他的举动很可疑。,Tā de jǔdòng hěn kěyí.,Hành động của anh ấy rất đáng nghi.,His actions are very suspicious.,6
1047,咀嚼,jǔ jué,"nhai, nghiền ngẫm","chew, chew",她正在咀嚼食物。,Tā zhèngzài jǔjué shíwù.,Cô ấy đang nhai thức ăn.,She is chewing her food.,6
1048,沮丧,jǔ sàng,"thất vọng, buồn bã","disappointed, sad",他感到非常沮丧。,Tā gǎndào fēicháng jǔsàng.,Anh ấy cảm thấy rất chán nản.,He felt very depressed.,6
1049,举世闻名,jǔ shì wén míng,nổi tiếng khắp thế giới,famous around the world,他的发明举世闻名。,Tā de fāmíng jǔshì wénmíng.,Phát minh của anh ấy nổi tiếng khắp thế giới.,His invention is famous all over the world.,6
1050,举世瞩目,jǔ shì zhǔ mù,chú ý khắp thế giới,worldwide attention,这个问题引起了举世瞩目。,Zhège wèntí yǐnqǐ le jǔshì zhǔmù.,Vấn đề này thu hút sự chú ý của toàn thế giới.,This issue attracts worldwide attention.,6
1051,举足轻重,jǔ zú qīng zhòng,có vai trò quan trọng,play an important role,他在团队中举足轻重。,Tā zài tuánduì zhōng jǔzúqīngzhòng.,Anh ấy là người quan trọng trong đội.,He is an important person on the team.,6
1052,剧本,jù běn,"kịch bản, kịch bản phim","script, screenplay",他正在写一个剧本。,Tā zhèngzài xiě yī gè jùběn.,Anh ấy đang viết một kịch bản.,He is writing a script.,6
1053,聚精会神,jù jīng huì shén,tập trung cao độ,highly concentrated,他聚精会神地听讲。,Tā jùjīnghuìshén de tīngjiǎng.,Anh ấy chăm chú nghe giảng.,He listened attentively to the lecture.,6
1054,剧烈,jù liè,"dữ dội, kịch liệt","fierce, intense",这次运动非常剧烈。,Zhè cì yùndòng fēicháng jùliè.,Buổi tập luyện lần này rất mạnh.,This workout was intense.,6
1055,据悉,jù xī,"được biết, theo tin","known, according to news",据悉，会议将延期。,"Jùxī, huìyì jiāng yánqī.","Theo tin tức, cuộc họp sẽ bị hoãn.","According to the news, the meeting will be postponed.",6
1056,决策,jué cè,"quyết sách, quyết định",decision,公司正在制定新的决策。,Gōngsī zhèngzài zhìdìng xīn de juécè.,Công ty đang xây dựng các quyết sách mới.,The company is formulating new policies.,6
1057,绝望,jué wàng,tuyệt vọng,hopeless,他的态度非常绝望。,Tā de tàidù fēicháng juéwàng.,Thái độ của anh ấy rất tuyệt vọng.,His attitude was desperate.,6
1058,觉悟,jué wù,"giác ngộ, tỉnh ngộ",enlightenment,我们需要提高觉悟。,Wǒmen xūyào tígāo juéwù.,Chúng ta cần nâng cao nhận thức.,We need to raise awareness.,6
1059,觉醒,jué xǐng,"thức tỉnh, tỉnh ngộ",awaken,他在战争中觉醒了。,Tā zài zhànzhēng zhōng juéxǐng le.,Anh ấy giác ngộ trong chiến tranh.,He became enlightened in war.,6
1060,军队,jūn duì,quân đội,army,军队在边境部署。,Jūnduì zài biānjìng bùshǔ.,Quân đội triển khai ở biên giới.,Troops deployed at the border.,6
1061,卡通,kǎ tōng,hoạt hình,cartoon,孩子们喜欢看卡通。,Háizimen xǐhuān kàn kǎtōng.,Trẻ em thích xem hoạt hình.,Children love watching cartoons.,6
1062,开采,kāi cǎi,khai thác,exploit,矿工们在山中开采矿石。,Kuànggōng men zài shān zhōng kāicǎi kuàngshí.,Công nhân mỏ khai thác khoáng sản trong núi.,Miners extract minerals in the mountains.,6
1063,开除,kāi chú,"khai trừ, đuổi học",expel,他被学校开除了。,Tā bèi xuéxiào kāichú le.,Anh ấy bị đuổi học.,He was expelled from school.,6
1064,开阔,kāi kuò,"mở rộng, rộng rãi",spacious,我们需要开阔视野。,Wǒmen xūyào kāikuò shìyě.,Chúng ta cần mở rộng tầm nhìn.,We need to broaden our horizons.,6
1065,开朗,kāi lǎng,"vui vẻ, cởi mở","cheerful, open",她的性格很开朗。,Tā de xìnggé hěn kāilǎng.,Tính cách của cô ấy rất vui vẻ.,Her personality is very cheerful.,6
1066,开明,kāi míng,"khai sáng, sáng suốt",enlightened,他是一个开明的领导。,Tā shì yī gè kāimíng de lǐngdǎo.,Anh ấy là một lãnh đạo thông suốt.,He is a clear leader.,6
1067,开辟,kāi pì,"mở đường, khai mở",open the way,我们正在开辟新的市场。,Wǒmen zhèngzài kāipì xīn de shìchǎng.,Chúng ta đang mở rộng thị trường mới.,We are expanding into new markets.,6
1068,开水,kāi shuǐ,nước sôi,hot water,请给我一杯开水。,Qǐng gěi wǒ yī bēi kāishuǐ.,Vui lòng cho tôi một ly nước sôi.,Please give me a glass of boiling water.,6
1069,开拓,kāi tuò,"khai thác, mở rộng","exploit, expand",我们正在开拓新的业务。,Wǒmen zhèngzài kāituò xīn de yèwù.,Chúng ta đang khai thác kinh doanh mới.,We are exploring new business.,6
1070,开展,kāi zhǎn,"triển khai, phát triển","deploy, develop",活动正在如火如荼地开展。,Huódòng zhèngzài rú huǒ rú tú de kāizhǎn.,Hoạt động đang được triển khai sôi nổi.,Activities are being implemented vigorously.,6
1071,开支,kāi zhī,"chi phí, chi tiêu","cost, expenditure",公司的开支不断增加。,Gōngsī de kāizhī bùduàn zēngjiā.,Chi phí của công ty không ngừng tăng lên.,The company's costs are constantly increasing.,6
1072,刊登,kān dēng,"đăng tải, đăng báo",publish,报纸上刊登了这则新闻。,Bàozhǐ shàng kāndēng le zhè zé xīnwén.,Báo đăng tin tức này.,The newspaper published this news.,6
1073,勘探,kān tàn,"khảo sát, thăm dò","survey, exploration",他们在山中勘探资源。,Tāmen zài shān zhōng kāntàn zīyuán.,Họ khảo sát tài nguyên trong núi.,They surveyed the resources in the mountains.,6
1074,刊物,kān wù,"ấn phẩm, tạp chí","publications, magazines",这本刊物很受欢迎。,Zhè běn kānwù hěn shòu huānyíng.,Ấn phẩm này rất được ưa chuộng.,This publication is very popular.,6
1075,看待,kàn dài,"xem xét, đánh giá","review, evaluate",我们需要认真看待这个问题。,Wǒmen xūyào rènzhēn kàndài zhège wèntí.,Chúng ta cần xem xét vấn đề này một cách nghiêm túc.,We need to take this issue seriously.,6
1076,看来,kàn lái,"xem ra, có vẻ như",it seems,看来今天要下雨了。,Kànlái jīntiān yào xiàyǔ le.,Có vẻ như hôm nay sẽ mưa.,It looks like it's going to rain today.,6
1077,看望,kàn wàng,"thăm hỏi, thăm viếng",visit,他来看望了生病的朋友。,Tā lái kànwàng le shēngbìng de péngyǒu.,Anh ấy đến thăm người bạn đang ốm.,He went to visit his sick friend.,6
1078,慷慨,kāng kǎi,"hào phóng, rộng lượng",generous,他很慷慨地捐款。,Tā hěn kāngkǎi de juānkuǎn.,Anh ấy rất hào phóng quyên góp.,He was very generous in his donations.,6
1079,考察,kǎo chá,"khảo sát, điều tra","survey, investigation",科学家们在这里考察地质。,Kēxuéjiā men zài zhèlǐ kǎochá dìzhì.,Các nhà khoa học khảo sát địa chất ở đây.,Scientists conduct geological surveys here.,6
1080,考古,kǎo gǔ,khảo cổ,archaeology,他对古代文化很感兴趣。,Tā duì gǔdài wénhuà hěn gǎn xìngqù.,Anh ấy rất quan tâm đến văn hóa cổ đại.,He is very interested in ancient culture.,6
1081,考核,kǎo hé,"kiểm tra, đánh giá","test, evaluate",公司将对员工进行考核。,Gōngsī jiāng duì yuángōng jìnxíng kǎohé.,Công ty sẽ tiến hành đánh giá nhân viên.,The company will conduct employee evaluations.,6
1082,考验,kǎo yàn,"thử thách, kiểm nghiệm","challenge, test",这次考验了他的能力。,Zhè cì kǎoyàn le tā de nénglì.,Lần này đã thử thách khả năng của anh ấy.,This time tested his abilities.,6
1083,靠拢,kào lǒng,"xích lại, gần kề",come closer,我们应该向前靠拢。,Wǒmen yīnggāi xiàng qián kàolǒng.,Chúng ta nên tiến về phía trước.,We should move forward.,6
1084,磕,kē,"đập, va đập","hit, hit",他不小心磕到了头。,Tā bù xiǎoxīn kē dào le tóu.,Anh ấy vô tình đập đầu.,He accidentally hit his head.,6
1085,颗粒,kē lì,"hạt, hạt nhỏ","grain, small grain",这种药有很多颗粒。,Zhè zhǒng yào yǒu hěn duō kēlì.,Loại thuốc này có nhiều hạt.,This medicine has many particles.,6
1086,科目,kē mù,"môn học, khóa học","subject, course",数学是他的主要科目。,Shùxué shì tā de zhǔyào kēmù.,Toán học là môn học chính của anh ấy.,Mathematics is his main subject.,6
1087,可观,kě guān,"đáng kể, to lớn","significant, huge",这个景点的风景非常可观。,Zhège jǐngdiǎn de fēngjǐng fēicháng kěguān.,Phong cảnh của điểm du lịch này rất đáng xem.,The scenery of this tourist spot is worth seeing.,6
1088,可口,kě kǒu,ngon miệng,palatable,这个菜很好吃，非常可口。,"Zhège cài hěn hǎochī, fēicháng kěkǒu.","Món ăn này rất ngon, vô cùng hấp dẫn.","This dish is delicious, extremely attractive.",6
1089,渴望,kě wàng,"khao khát, mong đợi","desire, expect",他渴望成功。,Tā kěwàng chénggōng.,Anh ấy khao khát thành công.,He is hungry for success.,6
1090,可恶,kě wù,đáng ghét,obnoxious,这个人非常可恶。,Zhège rén fēicháng kěwù.,Người này rất đáng ghét.,This person is very hateful.,6
1091,可笑,kě xiào,"buồn cười, nực cười","funny, ridiculous",他的行为非常可笑。,Tā de xíngwéi fēicháng kěxiào.,Hành vi của anh ấy rất buồn cười.,His behavior is very funny.,6
1092,可行,kě xíng,"khả thi, có thể thực hiện","feasible, possible",这个计划可行。,Zhège jìhuà kěxíng.,Kế hoạch này khả thi.,This plan is feasible.,6
1093,刻不容缓,kè bù róng huǎn,"cấp bách, không thể trì hoãn","urgent, cannot be delayed",我们必须刻不容缓地行动。,Wǒmen bìxū kèbùrónghuǎn de xíngdòng.,Chúng ta phải hành động ngay lập tức.,We must act immediately.,6
1094,客户,kè hù,khách hàng,client,我们要关注客户需求。,Wǒmen yào guānzhù kèhù xūqiú.,Chúng ta cần chú ý đến nhu cầu của khách hàng.,We need to pay attention to customer needs.,6
1095,课题,kè tí,"đề tài, vấn đề","topic, issue",这个研究课题很有趣。,Zhège yánjiū kètí hěn yǒuqù.,Đề tài nghiên cứu này rất thú vị.,This research topic is very interesting.,6
1096,啃,kěn,"gặm, nhấm",gnaw,他不停地啃骨头。,Tā bù tíng de kěn gǔtou.,Anh ấy không ngừng gặm xương.,He kept gnawing on the bone.,6
1097,恳切,kěn qiè,"tha thiết, khẩn thiết","earnest, urgent",他的话非常恳切。,Tā de huà fēicháng kěnqiè.,Lời nói của anh ấy rất chân thành.,His words were sincere.,6
1098,坑,kēng,"hố, hố sâu","hole, deep hole",小心别掉进坑里。,Xiǎoxīn bié diào jìn kēng lǐ.,Cẩn thận đừng rơi vào hố.,Be careful not to fall into the hole.,6
1099,空洞,kōng dòng,"trống rỗng, hời hợt","empty, superficial",这个洞很空洞。,Zhège dòng hěn kōngdòng.,Lỗ này rất rỗng.,This hole is very empty.,6
1100,空前绝后,kōng qián jué hòu,có một không hai,one of a kind,他的成就空前绝后。,Tā de chéngjiù kōngqiánjuéhòu.,Thành tựu của anh ấy chưa từng có.,His achievements are unprecedented.,6
1101,空想,kōng xiǎng,"mơ tưởng, ảo tưởng","dream, illusion",她总是空想未来。,Tā zǒng shì kōngxiǎng wèilái.,Cô ấy luôn mơ tưởng về tương lai.,She always dreams about the future.,6
1102,空虚,kōng xū,"trống trải, vô vị","empty, tasteless",他感到非常空虚。,Tā gǎndào fēicháng kōngxū.,Anh ấy cảm thấy rất trống rỗng.,He felt so empty.,6
1103,孔,kǒng,"lỗ, hố",hole,这个洞非常深。,Zhège kǒng fēicháng shēn.,Lỗ này rất sâu.,This hole is very deep.,6
1104,恐吓,kǒng hè,"đe dọa, hăm dọa",threaten,他受到恐吓。,Tā shòudào kǒnghè.,Anh ấy bị đe dọa.,He was threatened.,6
1105,恐惧,kǒng jù,"sợ hãi, kinh hãi","fear, horror",她对蜘蛛有恐惧。,Tā duì zhīzhū yǒu kǒngjù.,Cô ấy sợ nhện.,She is afraid of spiders.,6
1106,空白,kòng bái,"chỗ trống, khoảng trống",blank,他的笔记本上有很多空白。,Tā de bǐjìběn shàng yǒu hěn duō kòngbái.,Quyển sổ của anh ấy có nhiều trang trống.,His notebook has many blank pages.,6
1107,空隙,kòng xì,"khoảng trống, khe hở",gap,墙上有一个空隙。,Qiáng shàng yǒu yī gè kòngxì.,Trên tường có một khe hở.,There is a gap in the wall.,6
1108,口气,kǒu qì,"khẩu khí, giọng điệu",tone,他说话的口气很坚决。,Tā shuōhuà de kǒuqì hěn jiānjué.,Giọng nói của anh ấy rất kiên quyết.,His voice was firm.,6
1109,口腔,kǒu qiāng,khoang miệng,oral cavity,他有口腔问题。,Tā yǒu kǒuqiāng wèntí.,Anh ấy có vấn đề về khoang miệng.,He has a problem with his mouth.,6
1110,口头,kǒu tóu,"bằng miệng, bằng lời nói","by mouth, by word of mouth",他们进行了一场口头辩论。,Tāmen jìnxíng le yī chǎng kǒutóu biànlùn.,Họ đã có một cuộc tranh luận miệng.,They had an oral argument.,6
1111,口音,kǒu yīn,"giọng, giọng nói",voice,他说话有乡村口音。,Tā shuōhuà yǒu xiāngcūn kǒuyīn.,Anh ấy nói có giọng quê.,He speaks with a country accent.,6
1112,枯竭,kū jié,"khô cạn, cạn kiệt","dry, exhausted",河流已经枯竭。,Héliú yǐjīng kūjié.,Con sông đã cạn khô.,The river has dried up.,6
1113,枯燥,kū zào,"khô khan, buồn tẻ","dry, dull",这本书内容枯燥。,Zhè běn shū nèiróng kūzào.,Nội dung của quyển sách này rất khô khan.,The content of this book is very dry.,6
1114,苦尽甘来,kǔ jìn gān lái,"khổ tận cam lai, qua cơn bĩ cực đến hồi thái lai",After hardship comes ease,他们经历了苦尽甘来。,Tāmen jīnglì le kǔjìngānlái.,Họ đã trải qua khổ tận cam lai.,They have gone through hardships and happiness.,6
1115,挎,kuà,"đeo, khoác",wear,她挎着一个小包。,Tā kuàzhe yī gè xiǎo bāo.,Cô ấy đeo một chiếc túi nhỏ.,She is carrying a small bag.,6
1116,跨,kuà,"bước qua, vượt qua",pass through,他可以轻松跨过障碍。,Tā kěyǐ qīngsōng kuàguò zhàng'ài.,Anh ấy có thể dễ dàng vượt qua chướng ngại.,He can easily overcome obstacles.,6
1117,快活,kuài huó,"vui vẻ, hạnh phúc",happy,他们过得很快活。,Tāmen guò de hěn kuàihuó.,Họ sống rất vui vẻ.,They live very happily.,6
1118,宽敞,kuān chang,"rộng rãi, thoáng đãng","spacious, airy",房间很宽敞。,Fángjiān hěn kuānchǎng.,Căn phòng rất rộng rãi.,The room is very spacious.,6
1119,款待,kuǎn dài,"khoản đãi, tiếp đãi",hospitality,他款待了所有客人。,Tā kuǎndài le suǒyǒu kèrén.,Anh ấy tiếp đãi tất cả khách.,He entertained all the guests.,6
1120,款式,kuǎn shì,"kiểu dáng, mẫu mã","style, design",这款衣服很时尚。,Zhè kuǎn yīfú hěn shíshàng.,Mẫu quần áo này rất thời trang.,This clothing model is very fashionable.,6
1121,筐,kuāng,"giỏ, sọt",basket,他用筐收集水果。,Tā yòng kuāng shōují shuǐguǒ.,Anh ấy dùng giỏ để thu thập hoa quả.,He uses a basket to collect fruit.,6
1122,框架,kuàng jià,"khung, sườn",frame,房子有坚固的框架。,Fángzi yǒu jiāngù de kuàngjià.,Ngôi nhà có khung vững chắc.,The house has a solid frame.,6
1123,旷课,kuàng kè,"bỏ học, trốn học",skip school,他旷课了几天。,Tā kuàngkè le jǐ tiān.,Anh ấy trốn học vài ngày.,He skipped school for a few days.,6
1124,况且,kuàng qiě,"hơn nữa, vả lại","moreover, moreover",况且，我们还没有决定。,"Kuàngqiě, wǒmen hái méiyǒu juédìng.","Hơn nữa, chúng ta chưa quyết định.","Furthermore, we have not decided yet.",6
1125,亏待,kuī dài,"đối xử tệ, bạc đãi",mistreatment,他感到被亏待了。,Tā gǎndào bèi kuīdài le.,Anh ấy cảm thấy bị đối xử tệ.,He felt mistreated.,6
1126,亏损,kuī sǔn,"tổn thất, thua lỗ",loss,公司出现了亏损。,Gōngsī chūxiàn le kuīsǔn.,Công ty gặp tổn thất.,The company suffered losses.,6
1127,昆虫,kūn chóng,"côn trùng, sâu bọ","insect, bug",他喜欢研究昆虫。,Tā xǐhuān yánjiū kūnchóng.,Anh ấy thích nghiên cứu côn trùng.,He likes to study insects.,6
1128,捆绑,kǔn bǎng,"trói buộc, ràng buộc",bind,她把箱子捆绑好了。,Tā bǎ xiāngzi kǔnbǎng hǎo le.,Cô ấy đã buộc chặt cái thùng.,She tied the box tightly.,6
1129,扩充,kuò chōng,"mở rộng, khuếch trương","expand, expand",公司正在扩充业务。,Gōngsī zhèngzài kuòchōng yèwù.,Công ty đang mở rộng kinh doanh.,The company is expanding its business.,6
1130,扩散,kuò sàn,"lan rộng, khuếch tán","spread, diffuse",这些谣言迅速扩散。,Zhèxiē yáoyán xùnsù kuòsàn.,Những tin đồn này lan nhanh.,These rumors spread quickly.,6
1131,扩张,kuò zhāng,"mở rộng, bành trướng",expand,帝国不断扩张。,Dìguó bùduàn kuòzhāng.,Đế quốc không ngừng mở rộng.,The empire is constantly expanding.,6
1132,啦,la,(trợ từ ngữ khí),(modal adverb),啦，天气真好！,"La, tiānqì zhēn hǎo!","Này, thời tiết thật đẹp!","Hey, what nice weather!",6
1133,喇叭,lǎ ba,"loa, còi","speaker, horn",他吹喇叭很厉害。,Tā chuī lǎba hěn lìhài.,Anh ấy thổi kèn rất giỏi.,He plays the trumpet very well.,6
1134,来历,lái lì,"lai lịch, nguồn gốc",origin,他的来历不明。,Tā de láilì bùmíng.,Lai lịch của anh ấy không rõ ràng.,His background is unclear.,6
1135,来源,lái yuán,"nguồn gốc, xuất xứ",origin,水的来源是什么？,Shuǐ de láiyuán shì shénme?,Nguồn gốc của nước là gì?,What is the origin of water?,6
1136,栏目,lán mù,"chuyên mục, mục báo",column,他主持了一个栏目。,Tā zhǔchí le yī gè lánmù.,Anh ấy chủ trì một chương trình.,He hosts a show.,6
1137,懒惰,lǎn duò,lười biếng,lazy,他很懒惰。,Tā hěn lǎnduò.,Anh ấy rất lười biếng.,He is very lazy.,6
1138,狼狈,láng bèi,"khốn khổ, nhục nhã","miserable, humiliating",他感到狼狈。,Tā gǎndào lángbèi.,Anh ấy cảm thấy bối rối.,He felt confused.,6
1139,朗读,lǎng dú,"đọc to, đọc diễn cảm","read aloud, read with expression",他大声朗读文章。,Tā dàshēng lǎngdú wénzhāng.,Anh ấy đọc to bài văn.,He read the text aloud.,6
1140,捞,lāo,"vớt, moi móc",scoop up,他从水里捞鱼。,Tā cóng shuǐ lǐ lāo yú.,Anh ấy bắt cá từ nước.,He catches fish from the water.,6
1141,唠叨,láo dao,"nói lải nhải, càm ràm",nag,她总是唠叨。,Tā zǒng shì láodao.,Cô ấy luôn càu nhàu.,She is always nagging.,6
1142,牢固,láo gù,"vững chắc, kiên cố","solid, sturdy",桥梁非常牢固。,Qiáoliáng fēicháng láogù.,Cây cầu rất vững chắc.,The bridge is very sturdy.,6
1143,牢骚,láo sāo,"bất mãn, oán giận","discontent, resentment",他对工作充满牢骚。,Tā duì gōngzuò chōngmǎn láosāo.,Anh ấy rất bất mãn với công việc.,He is very dissatisfied with his job.,6
1144,乐趣,lè qù,"niềm vui, thú vui","joy, pleasure",他的工作充满乐趣。,Tā de gōngzuò chōngmǎn lèqù.,Công việc của anh ấy đầy niềm vui.,His work is full of joy.,6
1145,乐意,lè yì,"vui lòng, sẵn lòng","please, willing",我乐意帮助你。,Wǒ lèyì bāngzhù nǐ.,Tôi sẵn lòng giúp bạn.,I am happy to help you.,6
1146,雷达,léi dá,radar,radar,雷达探测到目标。,Léidá tàncè dào mùbiāo.,Radar phát hiện mục tiêu.,Radar detects target.,6
1147,类似,lèi sì,"tương tự, giống như","similar, like",这些情况类似。,Zhèxiē qíngkuàng lèisì.,Những tình huống này tương tự.,These situations are similar.,6
1148,冷淡,lěng dàn,"lạnh nhạt, hờ hững","cold, indifferent",他对我们很冷淡。,Tā duì wǒmen hěn lěngdàn.,Anh ấy rất lạnh nhạt với chúng tôi.,He was very cold to us.,6
1149,冷酷,lěng kù,"lạnh lùng, tàn nhẫn","cold, cruel",他的态度冷酷。,Tā de tàidù lěngkù.,Thái độ của anh ấy rất tàn nhẫn.,His attitude is very cruel.,6
1150,冷却,lěngquè,"Làm lạnh, làm nguội","Cool, cool down",冰块冷却得很快。,Bīng kuài lěngquè dé hěn kuài.,Đá lạnh rất nhanh.,Ice cools very quickly.,6
1151,愣,lèng,"Ngây ra, sững sờ","Stunned, stunned",他愣了一下。,Tā lèng le yīxià.,Anh ấy ngẩn ra một lúc.,He was stunned for a moment.,6
1152,黎明,límíng,Bình minh,Dawn,黎明时分，天空很美。,"Límíng shífēn, tiānkōng hěn měi.","Lúc bình minh, bầu trời rất đẹp.",The sky is beautiful at dawn.,6
1153,理睬,lǐcǎi,"Quan tâm, để ý","Care, pay attention",他不理睬别人的意见。,Tā bù lǐcǎi biérén de yìjiàn.,Anh ấy không để ý đến ý kiến của người khác.,He doesn't care about other people's opinions.,6
1154,里程碑,lǐchéngbēi,Cột mốc,Milestone,这次会议是一个里程碑。,Zhè cì huìyì shì yī gè lǐchéngbēi.,Cuộc họp này là một cột mốc quan trọng.,This meeting is an important milestone.,6
1155,礼节,lǐjié,"Lễ tiết, lễ nghi","Ceremony, etiquette",他们遵守礼节。,Tāmen zūnshǒu lǐjié.,Họ tuân thủ lễ nghi.,They follow the ritual.,6
1156,理所当然,lǐsuǒdāngrán,Lẽ dĩ nhiên,Of course,这是理所当然的事。,Zhè shì lǐsuǒdāngrán de shì.,Đây là điều đương nhiên.,This is a given.,6
1157,理直气壮,lǐzhíqìzhuàng,Đầy lý lẽ,Full of reason,他理直气壮地回答。,Tā lǐzhíqìzhuàng de huídá.,Anh ấy trả lời một cách đàng hoàng.,He answered properly.,6
1158,理智,lǐzhì,"Lý trí, lý trí cao","Reason, high reason",他很理智。,Tā hěn lǐzhì.,Anh ấy rất lý trí.,He is very rational.,6
1159,立场,lìchǎng,Lập trường,Position,他的立场很明确。,Tā de lìchǎng hěn míngquè.,Lập trường của anh ấy rất rõ ràng.,His stance is very clear.,6
1160,历代,lìdài,"Các đời, qua các thời đại",Through the ages,这些传统历代相传。,Zhèxiē chuántǒng lìdài xiāngchuán.,Những truyền thống này được truyền qua nhiều thế hệ.,These traditions are passed down through generations.,6
1161,利害,lìhài,Lợi hại,Benefits,他们的利益相关。,Tāmen de lìyì xiāngguān.,Lợi ích của họ có liên quan đến nhau.,Their interests are interrelated.,6
1162,立交桥,lìjiāoqiáo,Cầu vượt,Overpass,城市有许多立交桥。,Chéngshì yǒu xǔduō lìjiāoqiáo.,Thành phố có nhiều cầu vượt.,The city has many overpasses.,6
1163,历来,lìlái,Từ trước đến nay,From past to present,这种风俗历来存在。,Zhè zhǒng fēngsú lìlái cúnzài.,Phong tục này đã tồn tại từ trước đến nay.,This custom has existed since ancient times.,6
1164,利率,lìlǜ,Lãi suất,Interest rate,银行的利率很高。,Yínháng de lìlǜ hěn gāo.,Lãi suất của ngân hàng rất cao.,Bank interest rates are very high.,6
1165,力所能及,lìsuǒnéngjí,Trong khả năng,within ability,他做了力所能及的事情。,Tā zuò le lìsuǒnéngjí de shìqíng.,Anh ấy đã làm những việc trong khả năng của mình.,He did what was within his power.,6
1166,立体,lìtǐ,"Lập thể, ba chiều",three-dimensional,这是一座立体雕像。,Zhè shì yī zuò lìtǐ diāoxiàng.,Đây là một bức tượng ba chiều.,This is a three-dimensional statue.,6
1167,力图,lìtú,Cố gắng,Try,他力图解决问题。,Tā lìtú jiějué wèntí.,Anh ấy cố gắng giải quyết vấn đề.,He tried to solve the problem.,6
1168,例外,lìwài,Ngoại lệ,Exception,这是一个例外情况。,Zhè shì yī gè lìwài qíngkuàng.,Đây là một trường hợp ngoại lệ.,This is an exception.,6
1169,力争,lìzhēng,Cố gắng giành được,Try to win,他力争达到目标。,Tā lìzhēng dádào mùbiāo.,Anh ấy nỗ lực để đạt được mục tiêu.,He works hard to achieve his goals.,6
1170,立足,lìzú,"Đứng chân, có chỗ đứng","Stand, have a place",我们必须立足现实。,Wǒmen bìxū lìzú xiànshí.,Chúng ta phải đứng vững trên thực tế.,We must stand firm on reality.,6
1171,联欢,liánhuān,Liên hoan,Festival,他们举办了联欢会。,Tāmen jǔbàn le liánhuān huì.,Họ tổ chức một buổi liên hoan.,They held a party.,6
1172,廉洁,liánjié,Liêm khiết,Integrity,他是一个廉洁的官员。,Tā shì yī gè liánjié de guānyuán.,Ông ấy là một quan chức liêm khiết.,He is an honest official.,6
1173,联络,liánluò,Liên lạc,Contact,我们联络了很多人。,Wǒmen liánluò le hěn duō rén.,Chúng ta đã liên lạc với nhiều người.,We have contacted many people.,6
1174,联盟,liánméng,Liên minh,League,他们形成了联盟。,Tāmen xíngchéng le liánméng.,Họ đã thành lập liên minh.,They formed an alliance.,6
1175,连年,liánnián,Nhiều năm liên tiếp,Many years in a row,连年干旱影响了农业。,Liánnián gānhàn yǐngxiǎng le nóngyè.,Hạn hán nhiều năm đã ảnh hưởng đến nông nghiệp.,Years of drought have affected agriculture.,6
1176,连锁,liánsuǒ,"Chuỗi, liên tiếp","Chain, consecutive",连锁反应导致了事故。,Liánsuǒ fǎnyìng dǎozhì le shìgù.,Phản ứng dây chuyền dẫn đến tai nạn.,Chain reaction leading to accident.,6
1177,连同,liántóng,"Kèm theo, cùng với","Along with, together with",请把文件连同邮件发送。,Qǐng bǎ wénjiàn liántóng yóujiàn fāsòng.,Vui lòng gửi kèm tài liệu cùng email.,Please attach documents with email.,6
1178,联想,liánxiǎng,Liên tưởng,Association,这让我联想到了童年。,Zhè ràng wǒ liánxiǎng dào le tóngnián.,Điều này khiến tôi liên tưởng đến thời thơ ấu.,This reminds me of my childhood.,6
1179,良心,liángxīn,Lương tâm,Conscience,他的良心很清白。,Tā de liángxīn hěn qīngbái.,Lương tâm của anh ấy rất trong sáng.,His conscience is clear.,6
1180,晾,liàng,Phơi,Dry,请把衣服晾干。,Qǐng bǎ yīfú liàng gān.,Vui lòng phơi khô quần áo.,Please dry your clothes.,6
1181,谅解,liàngjiě,"Thấu hiểu, thông cảm","Understanding, sympathy",我们达成了谅解。,Wǒmen dáchéng le liàngjiě.,Chúng tôi đã đạt được sự thông cảm.,We have reached an understanding.,6
1182,辽阔,liáokuò,"Rộng lớn, bao la","Vast, vast",草原辽阔无边。,Cǎoyuán liáokuò wúbiān.,Đồng cỏ rộng lớn vô tận.,Endless vast grassland.,6
1183,列举,lièjǔ,Liệt kê,List,请列举几个例子。,Qǐng lièjǔ jǐ gè lìzi.,Vui lòng liệt kê một vài ví dụ.,Please list some examples.,6
1184,淋,lín,"Dầm, ướt sũng","Soaked, soaked",雨水淋湿了衣服。,Yǔshuǐ línshī le yīfú.,Nước mưa làm ướt quần áo.,The rain wet the clothes.,6
1185,临床,línchuáng,Lâm sàng,Clinical,医生正在进行临床试验。,Yīshēng zhèngzài jìnxíng línchuáng shìyàn.,Bác sĩ đang tiến hành thử nghiệm lâm sàng.,The doctor is conducting a clinical trial.,6
1186,吝啬,lìnsè,Keo kiệt,Stingy,他很吝啬，不愿意分享。,"Tā hěn lìnsè, bù yuànyì fēnxiǎng.","Anh ấy rất keo kiệt, không muốn chia sẻ.",He is very stingy and does not want to share.,6
1187,凌晨,língchén,Rạng sáng,Dawn,凌晨时分，他还在工作。,"Língchén shífēn, tā hái zài gōngzuò.","Lúc rạng sáng, anh ấy vẫn đang làm việc.","At dawn, he was still working.",6
1188,灵感,línggǎn,Cảm hứng,Inspiration,他在寻找灵感。,Tā zài xúnzhǎo línggǎn.,Anh ấy đang tìm cảm hứng.,He is looking for inspiration.,6
1189,灵魂,línghún,Linh hồn,Soul,他的灵魂很纯洁。,Tā de línghún hěn chúnjié.,Linh hồn của anh ấy rất thuần khiết.,His soul is very pure.,6
1190,伶俐,línglì,Lanh lợi,Mercurial,她很伶俐，回答得很快。,"Tā hěn línglì, huídá de hěn kuài.","Cô ấy rất lanh lợi, trả lời rất nhanh.",She is very smart and answers very quickly.,6
1191,灵敏,língmǐn,Nhạy bén,Sharp,他的反应很灵敏。,Tā de fǎnyìng hěn língmǐn.,Phản ứng của anh ấy rất nhạy bén.,His response was very sharp.,6
1192,零星,língxīng,"Lẻ tẻ, rời rạc","Sporadic, sporadic",他收集了很多零星的资料。,Tā shōují le hěn duō língxīng de zīliào.,Anh ấy thu thập nhiều tài liệu rời rạc.,He collected many fragmentary documents.,6
1193,领会,lǐnghuì,"Hiểu rõ, lĩnh hội","Understand, comprehend",他能领会这篇文章的深意。,Tā néng lǐnghuì zhè piān wénzhāng de shēnyì.,Anh ấy có thể lĩnh hội được ý nghĩa sâu sắc của bài viết này.,He was able to grasp the profound meaning of this article.,6
1194,领事馆,lǐngshìguǎn,Lãnh sự quán,Consulate,他们参观了领事馆。,Tāmen cānguān le lǐngshìguǎn.,Họ đã thăm lãnh sự quán.,They visited the consulate.,6
1195,领土,lǐngtǔ,Lãnh thổ,Territory,这块领土属于中国。,Zhè kuài lǐngtǔ shǔyú Zhōngguó.,Mảnh đất này thuộc về Trung Quốc.,This land belongs to China.,6
1196,领悟,lǐngwù,"Hiểu rõ, lĩnh ngộ","Understand, comprehend",他终于领悟到了真理。,Tā zhōngyú lǐngwù dào le zhēnlǐ.,Cuối cùng anh ấy đã hiểu ra chân lý.,He finally understood the truth.,6
1197,领先,lǐngxiān,Dẫn đầu,Leading,他在比赛中领先。,Tā zài bǐsài zhōng lǐngxiān.,Anh ấy dẫn đầu trong cuộc thi.,He took the lead in the competition.,6
1198,领袖,lǐngxiù,"Lãnh tụ, người đứng đầu","Leader, head",他是一个伟大的领袖。,Tā shì yī gè wěidà de lǐngxiù.,Anh ấy là một nhà lãnh đạo vĩ đại.,He is a great leader.,6
1199,溜,liū,Lẻn đi,sneak away,孩子们在院子里溜冰。,Háizi men zài yuànzi lǐ liūbīng.,Bọn trẻ trượt băng trong sân.,The children are skating in the yard.,6
1200,流浪,liúlàng,Lang thang,Wandering,他在城市里流浪了很久。,Tā zài chéngshì lǐ liúlàng le hěn jiǔ.,Anh ấy đã lang thang trong thành phố rất lâu.,He wandered around the city for a long time.,6
1201,留恋,liúliàn,Lưu luyến,Nostalgia,她对故乡有深深的留恋。,Tā duì gùxiāng yǒu shēnshēn de liúliàn.,Cô ấy rất lưu luyến quê hương.,She is very nostalgic for her homeland.,6
1202,流露,liúlù,Thổ lộ,Confess,他的眼神流露出悲伤。,Tā de yǎnshén liúlù chū bēishāng.,Ánh mắt của anh ấy lộ ra sự buồn bã.,His eyes revealed sadness.,6
1203,流氓,liúmáng,Lưu manh,Rogue,他曾经是个流氓。,Tā céngjīng shì gè liúmáng.,Anh ta từng là một kẻ lưu manh.,He used to be a gangster.,6
1204,留念,liúniàn,Lưu niệm,Souvenir,请留念这美好的时刻。,Qǐng liúniàn zhè měihǎo de shíkè.,Hãy lưu lại kỷ niệm thời khắc đẹp này.,Let's save this beautiful moment.,6
1205,留神,liúshén,"Chú ý, cẩn thận","Attention, careful",过马路时要留神。,Guò mǎlù shí yào liúshén.,Hãy chú ý khi băng qua đường.,Be careful when crossing the street.,6
1206,流通,liútōng,Lưu thông,Circulation,货物需要流通才能销售。,Huòwù xūyào liútōng cáinéng xiāoshòu.,Hàng hóa cần lưu thông mới có thể bán được.,Goods need to be circulated before they can be sold.,6
1207,聋哑,lóngyǎ,Điếc và câm,Deaf and dumb,他是一个聋哑人。,Tā shì yī gè lóngyǎ rén.,Anh ấy là một người câm điếc.,He is a deaf mute.,6
1208,隆重,lóngzhòng,Long trọng,Solemnly,会议进行得很隆重。,Huìyì jìnxíng de hěn lóngzhòng.,Cuộc họp diễn ra rất long trọng.,The meeting was very solemn.,6
1209,垄断,lǒngduàn,Lũng đoạn,Engross,他们垄断了市场。,Tāmen lǒngduàn le shìchǎng.,Họ đã độc quyền thị trường.,They have monopolized the market.,6
1210,笼罩,lǒngzhào,Bao trùm,Coverage,大雾笼罩了整个城市。,Dà wù lǒngzhào le zhěnggè chéngshì.,Sương mù bao phủ toàn thành phố.,Fog covered the whole city.,6
1211,搂,lǒu,Ôm,Hug,她搂着孩子睡觉。,Tā lǒu zhe háizi shuìjiào.,Cô ấy ôm đứa trẻ ngủ.,She hugged the baby to sleep.,6
1212,炉灶,lúzào,Bếp lò,Stove,我们家有一个炉灶。,Wǒmen jiā yǒu yī gè lúzào.,Nhà chúng tôi có một cái bếp lò.,Our house has a stove.,6
1213,轮船,lúnchuán,Tàu thuỷ,Ship,轮船正在驶向港口。,Lúnchuán zhèngzài shǐxiàng gǎngkǒu.,Con tàu đang hướng về cảng.,The ship is heading towards port.,6
1214,轮廓,lúnkuò,"Đường nét, hình dáng","Lines, shapes",他的脸轮廓分明。,Tā de liǎn lúnkuò fēnmíng.,Khuôn mặt anh ấy có đường nét rõ ràng.,His face has clear features.,6
1215,轮胎,lúntāi,Lốp xe,Tires,车轮胎坏了。,Chē lùntāi huài le.,Lốp xe bị hỏng rồi.,The tire is broken.,6
1216,论坛,lùntán,Diễn đàn,Forum,他在论坛上发表了演讲。,Tā zài lùntán shàng fābiǎo le yǎnjiǎng.,Anh ấy đã phát biểu trên diễn đàn.,He spoke on the forum.,6
1217,论证,lùnzhèng,"Chứng minh, luận chứng","Proof, argument",他们用事实论证了这个观点。,Tāmen yòng shìshí lùnzhèng le zhège guāndiǎn.,Họ dùng sự thật để chứng minh quan điểm này.,They use facts to prove this point.,6
1218,啰唆,luōsuo,"Lắm lời, lằng nhằng","Wordy, verbose",她很啰唆，总是说个不停。,"Tā hěn luōsuo, zǒng shì shuō gè bù tíng.","Cô ấy rất lắm lời, luôn nói không ngừng.","She is very talkative, always talking non-stop.",6
1219,螺丝钉,luósīdīng,Đinh vít,Screw,他拧紧了螺丝钉。,Tā nǐng jǐn le luósīdīng.,Anh ấy đã vặn chặt con ốc vít.,He tightened the screw.,6
1220,落成,luòchéng,Hoàn thành (công trình),Complete (project),新楼已经落成。,Xīn lóu yǐjīng luòchéng.,Tòa nhà mới đã hoàn thành.,The new building is completed.,6
1221,落实,luòshí,"Thực hiện, thực thi","Execute, execute",计划得到了落实。,Jìhuà dédào le luòshí.,Kế hoạch đã được thực hiện.,The plan has been implemented.,6
1222,络绎不绝,luòyìbùjué,Liên tục không dứt,Continuously,游客络绎不绝。,Yóukè luòyì bù jué.,Du khách đến không ngớt.,Tourists come in droves.,6
1223,屡次,lǚcì,Nhiều lần,Many times,他屡次犯错。,Tā lǚcì fàncuò.,Anh ta phạm lỗi nhiều lần.,He makes mistakes many times.,6
1224,履行,lǚxíng,"Thực hiện, thi hành","Execute, execute",我们必须履行合同。,Wǒmen bìxū lǚxíng hétóng.,Chúng ta phải thực hiện hợp đồng.,We have to fulfill the contract.,6
1225,掠夺,lüèduó,Cướp bóc,Pillage,海盗掠夺了船只。,Hǎidào lüèduó le chuánzhī.,Hải tặc đã cướp bóc con tàu.,Pirates hijacked the ship.,6
1226,略微,lüèwēi,"Hơi, một chút","A little, a little bit",她略微有点紧张。,Tā lüèwēi yǒudiǎn jǐnzhāng.,Cô ấy hơi căng thẳng một chút.,She was a little nervous.,6
1227,麻痹,mábì,Tê liệt,Paralysis,他对危险的麻痹使他受伤。,Tā duì wēixiǎn de mábì shǐ tā shòushāng.,Sự chủ quan trước nguy hiểm khiến anh ấy bị thương.,His complacency in the face of danger got him injured.,6
1228,麻木,mámù,"Tê dại, tê liệt","Numbness, paralysis",他的手指麻木了。,Tā de shǒuzhǐ mámù le.,Ngón tay của anh ấy đã bị tê liệt.,His fingers were paralyzed.,6
1229,麻醉,mázuì,Gây mê,Anesthesia,医生给他注射了麻醉药。,Yīshēng gěi tā zhùshè le mázuì yào.,Bác sĩ đã tiêm thuốc gây mê cho anh ấy.,The doctor gave him an injection of anesthetic.,6
1230,码头,mǎtóu,Bến cảng,Port,码头上停满了船只。,Mǎtóu shàng tíng mǎn le chuánzhī.,Bến tàu đầy tàu thuyền đậu.,The dock is full of boats.,6
1231,嘛,ma,"Mà, nhé","Oh, okay.",你说什么呢？嘛，我不明白。,"Nǐ shuō shénme ne? Ma, wǒ bù míngbái.","Bạn nói gì vậy? Hả, tôi không hiểu.","What are you saying? Huh, I don't understand.",6
1232,埋伏,máifú,Mai phục,Ambush,他在树林里埋伏。,Tā zài shùlín lǐ máifú.,Anh ấy đang phục kích trong rừng.,He is lying in ambush in the woods.,6
1233,埋没,máimò,"Chôn vùi, vùi lấp","Bury, bury",他的才能被埋没了。,Tā de cáinéng bèi máimò le.,Tài năng của anh ấy bị vùi lấp.,His talent was buried.,6
1234,埋葬,máizàng,Chôn cất,Burial,他被埋葬在山上。,Tā bèi máizàng zài shānshàng.,Anh ấy được chôn cất trên núi.,He was buried on the mountain.,6
1235,迈,mài,Bước,Step,他迈出了第一步。,Tā mài chū le dì yī bù.,Anh ấy đã bước ra bước đầu tiên.,He took the first step.,6
1236,脉搏,màibó,"Mạch đập, nhịp đập","Pulse, beat",医生检查了他的脉搏。,Yīshēng jiǎnchá le tā de màibó.,Bác sĩ đã kiểm tra nhịp đập của anh ấy.,The doctor checked his pulse.,6
1237,埋怨,mányuàn,Oán trách,Blame,她埋怨自己没有抓住机会。,Tā mányuàn zìjǐ méiyǒu zhuā zhù jīhuì.,Cô ấy tự trách mình không nắm bắt cơ hội.,She blamed herself for not seizing the opportunity.,6
1238,漫长,màncháng,Dài đằng đẵng,Long,漫长的等待让人很疲惫。,Màncháng de děngdài ràng rén hěn píbèi.,Sự chờ đợi dài đằng đẵng khiến người ta mệt mỏi.,The long wait makes people tired.,6
1239,漫画,mànhuà,Truyện tranh,Comic,他喜欢看漫画。,Tā xǐhuān kàn mànhuà.,Anh ấy thích đọc truyện tranh.,He likes reading comics.,6
1240,慢性,mànxìng,Mãn tính,Chronic,他患有慢性疾病。,Tā huàn yǒu mànxìng jíbìng.,Anh ấy mắc bệnh mãn tính.,He has a chronic illness.,6
1241,蔓延,mànyán,Lan rộng,Widespread,火势迅速蔓延。,Huǒshì xùnsù mànyán.,Ngọn lửa lan nhanh chóng.,The fire spread quickly.,6
1242,忙碌,mánglù,Bận rộn,Busy,他忙碌了一整天。,Tā mánglù le yī zhěng tiān.,Anh ấy bận rộn cả ngày.,He is busy all day.,6
1243,茫茫,mángmáng,Mênh mông,Vast,茫茫的草原看不到尽头。,Mángmáng de cǎoyuán kàn bù dào jìntóu.,Đồng cỏ mênh mông không thấy điểm cuối.,The grasslands are endless.,6
1244,盲目,mángmù,Mù quáng,Blind,他盲目地跟随别人。,Tā mángmù de gēnsuí biérén.,Anh ta mù quáng đi theo người khác.,He blindly followed others.,6
1245,茫然,mángrán,"Mờ mịt, ngơ ngác","Blurry, bewildered",她茫然不知所措。,Tā mángrán bù zhī suǒ cuò.,Cô ấy mờ mịt không biết phải làm gì.,She was at a loss as to what to do.,6
1246,冒充,màochōng,Giả danh,Impersonation,他冒充医生进入了医院。,Tā màochōng yīshēng jìnrù le yīyuàn.,Anh ta giả làm bác sĩ vào bệnh viện.,He pretended to be a doctor in the hospital.,6
1247,茂盛,màoshèng,Tươi tốt,Lush,花园里花草茂盛。,Huāyuán lǐ huācǎo màoshèng.,Hoa cỏ trong vườn tươi tốt.,The flowers and grass in the garden are lush.,6
1248,枚,méi,"Cái, hạt (lượng từ)","The, the grain (quantifier)",他递给我一枚硬币。,Tā dì gěi wǒ yī méi yìngbì.,Anh ấy đưa cho tôi một đồng xu.,He gave me a coin.,6
1249,媒介,méijiè,"Môi giới, trung gian","Broker, intermediary",互联网是重要的媒介。,Hùliánwǎng shì zhòngyào de méijiè.,Internet là phương tiện quan trọng.,The Internet is an important medium.,6
1250,媒体,méitǐ,Phương tiện truyền thông,Media,新闻媒体报道了这个消息。,Xīnwén méitǐ bàodào le zhège xiāoxī.,Các phương tiện truyền thông đưa tin về việc này.,The media reported on this.,6
1251,没辙,méi zhé,"Hết cách, bó tay","No way, give up",我真是没辙了。,Wǒ zhēn shì méizhé le.,Tôi thực sự hết cách rồi.,I'm really at my wits' end.,6
1252,美观,měiguān,Đẹp đẽ,Beautiful,他的设计很美观。,Tā de shèjì hěn měiguān.,Thiết kế của anh ấy rất đẹp mắt.,His designs are very beautiful.,6
1253,美满,měimǎn,"Hạnh phúc, mỹ mãn","Happy, fulfilled",他们的生活很美满。,Tāmen de shēnghuó hěn měimǎn.,Cuộc sống của họ rất viên mãn.,Their life is very fulfilling.,6
1254,美妙,měimiào,Tuyệt vời,Great,这段音乐真是美妙。,Zhè duàn yīnyuè zhēn shì měimiào.,Đoạn nhạc này thật là tuyệt vời.,This music is amazing.,6
1255,门诊,ménzhěn,Khám bệnh,See the doctor,医院有一个门诊部。,Yīyuàn yǒu yī gè ménzhěn bù.,Bệnh viện có một khoa khám bệnh.,The hospital has an outpatient department.,6
1256,蒙,mēng,"Bị lừa, bịp bợm","Fooled, cheated",他蒙着眼睛走路。,Tā méngzhe yǎnjīng zǒulù.,Anh ấy đi bộ bịt mắt.,He walked blindfolded.,6
1257,萌芽,méngyá,"Mầm mống, nảy mầm","germinate, germinate",春天来了，花朵开始萌芽。,"Chūntiān lái le, huāduǒ kāishǐ méngyá.","Mùa xuân đến, hoa bắt đầu đâm chồi.","Spring comes, flowers begin to bud.",6
1258,猛烈,měngliè,Mãnh liệt,Highness,他猛烈地摇晃着树枝。,Tā měngliè de yáohuàng zhe shùzhī.,Anh ấy lắc mạnh cành cây.,He shook the branch vigorously.,6
1259,梦想,mèngxiǎng,"Mộng tưởng, ước mơ",Dream,他的梦想终于实现了。,Tā de mèngxiǎng zhōngyú shíxiàn le.,Ước mơ của anh ấy cuối cùng đã thành hiện thực.,His dream finally came true.,6
1260,眯,mī,Híp mắt,Squint,她眯起眼睛看东西。,Tā mī qǐ yǎnjīng kàn dōngxi.,Cô ấy nheo mắt nhìn đồ vật.,She squinted at the object.,6
1261,弥补,míbǔ,Bù đắp,Compensation,我们需要弥补错误。,Wǒmen xūyào míbǔ cuòwù.,Chúng ta cần sửa chữa lỗi lầm.,We need to correct the mistake.,6
1262,迷惑,míhuò,Mê hoặc,Enchanted,他的解释让我迷惑。,Tā de jiěshì ràng wǒ míhuò.,Lời giải thích của anh ấy khiến tôi bối rối.,His explanation left me confused.,6
1263,弥漫,mímàn,"Lan toả, dâng tràn","Spread, overflow",整个房间弥漫着香气。,Zhěnggè fángjiān mímàn zhe xiāngqì.,Cả căn phòng tràn ngập hương thơm.,The whole room was filled with fragrance.,6
1264,迷人,mírén,Quyến rũ,Charming,她有一双迷人的眼睛。,Tā yǒu yī shuāng mírén de yǎnjīng.,Cô ấy có đôi mắt quyến rũ.,She has captivating eyes.,6
1265,迷失,míshī,Lạc mất,Lost,他在陌生的城市迷失了方向。,Tā zài mòshēng de chéngshì míshī le fāngxiàng.,Anh ấy bị lạc đường trong thành phố xa lạ.,He got lost in the strange city.,6
1266,迷信,míxìn,Mê tín,Superstition,他非常迷信，不敢做坏事。,"Tā fēicháng míxìn, bù gǎn zuò huàishì.","Anh ấy rất mê tín, không dám làm điều xấu.",He is very superstitious and dare not do bad things.,6
1267,密度,mìdù,Mật độ,Density,这座城市的建筑密度很高。,Zhè zuò chéngshì de jiànzhù mìdù hěn gāo.,Mật độ xây dựng của thành phố này rất cao.,The building density of this city is very high.,6
1268,密封,mìfēng,Niêm phong,Seal,我们需要密封这些文件。,Wǒmen xūyào mìfēng zhèxiē wénjiàn.,Chúng ta cần niêm phong những tài liệu này.,We need to seal these documents.,6
1269,免得,miǎnde,"Tránh, khỏi phải","Avoid, must not",请戴上口罩，免得感冒。,"Qǐng dài shàng kǒuzhào, miǎnde gǎnmào.",Vui lòng đeo khẩu trang để tránh cảm lạnh.,Please wear a mask to avoid catching a cold.,6
1270,勉励,miǎnlì,Khuyến khích,Encourage,他勉励学生们努力学习。,Tā miǎnlì xuéshēngmen nǔlì xuéxí.,Anh ấy khuyến khích học sinh học tập chăm chỉ.,He encourages students to study hard.,6
1271,勉强,miǎnqiǎng,"Cố gắng, miễn cưỡng","Try, reluctantly",他勉强同意了我们的建议。,Tā miǎnqiáng tóngyì le wǒmen de jiànyì.,Anh ấy miễn cưỡng đồng ý với đề nghị của chúng tôi.,He reluctantly agreed to our offer.,6
1272,免疫,miǎnyì,Miễn dịch,Immunity,这种病很难免疫。,Zhè zhǒng bìng hěn nán miǎnyì.,Loại bệnh này rất khó để miễn dịch.,This disease is very difficult to get immunity to.,6
1273,面貌,miànmào,"Diện mạo, dung mạo",Appearance,他的面貌变了很多。,Tā de miànmào biàn le hěn duō.,Diện mạo của anh ấy đã thay đổi nhiều.,His appearance has changed a lot.,6
1274,面子,miànzi,Thể diện,Face,他很在意自己的面子。,Tā hěn zàiyì zìjǐ de miànzi.,Anh ấy rất quan tâm đến thể diện của mình.,He is very concerned about his image.,6
1275,描绘,miáohuì,Miêu tả,Describe,他描绘了一幅美丽的画。,Tā miáohuì le yī fú měilì de huà.,Anh ấy vẽ một bức tranh đẹp.,He painted a beautiful picture.,6
1276,渺小,miǎoxiǎo,Nhỏ bé,Small,这个村庄非常渺小。,Zhège cūnzhuāng fēicháng miǎoxiǎo.,Ngôi làng này rất nhỏ bé.,This village is very small.,6
1277,蔑视,mièshì,"Coi thường, khinh miệt",despise,他蔑视别人的意见。,Tā mièshì biérén de yìjiàn.,Anh ấy khinh thường ý kiến của người khác.,He despises other people's opinions.,6
1278,灭亡,mièwáng,Diệt vong,Perish,这个王朝灭亡了。,Zhège wángcháo mièwáng le.,Triều đại này đã diệt vong.,This dynasty has fallen.,6
1279,民间,mínjiān,Dân gian,Folk,民间故事很有趣。,Mínjiān gùshì hěn yǒuqù.,Truyện dân gian rất thú vị.,Folk tales are very interesting.,6
1280,民用,mínyòng,Dân dụng,Civil,这些产品主要是民用的。,Zhèxiē chǎnpǐn zhǔyào shì mínyòng de.,Những sản phẩm này chủ yếu là dân dụng.,These products are mainly for civil use.,6
1281,敏感,mǐngǎn,Nhạy cảm,Sensitive,他对外界非常敏感。,Tā duì wàijiè fēicháng mǐngǎn.,Anh ấy rất nhạy cảm với thế giới bên ngoài.,He is very sensitive to the outside world.,6
1282,敏捷,mǐnjié,Nhanh nhẹn,Agile,她的动作非常敏捷。,Tā de dòngzuò fēicháng mǐnjié.,Động tác của cô ấy rất nhanh nhẹn.,Her movements are very agile.,6
1283,敏锐,mǐnruì,Nhạy bén,Sharp,他的思维非常敏锐。,Tā de sīwéi fēicháng mǐnruì.,Tư duy của anh ấy rất sắc bén.,His mind is very sharp.,6
1284,名次,míngcì,Thứ hạng,Ranking,比赛名次已经公布。,Bǐsài míngcì yǐjīng gōngbù.,Thứ hạng của cuộc thi đã được công bố.,The competition rankings have been announced.,6
1285,名额,míng'é,"Số người, số lượng quy định","Number of people, prescribed number",这个活动有固定的名额。,Zhège huódòng yǒu gùdìng de míng'é.,Hoạt động này có số lượng chỗ cố định.,This activity has a fixed number of seats.,6
1286,名副其实,míngfùqíshí,Danh xứng kỳ thực,True to form,他是名副其实的专家。,Tā shì míngfùqíshí de zhuānjiā.,Anh ấy là chuyên gia thực thụ.,He is a real expert.,6
1287,明明,míngmíng,Rõ ràng,Clear,他明明知道却装作不懂。,Tā míngmíng zhīdào què zhuāngzuò bù dǒng.,Anh ấy rõ ràng biết nhưng lại giả vờ không biết.,He clearly knows but pretends not to know.,6
1288,名誉,míngyù,Danh dự,Honor,他的名誉受到了损害。,Tā de míngyù shòudào le sǔnhài.,Danh tiếng của anh ấy bị tổn hại.,His reputation was damaged.,6
1289,命名,mìngmíng,Đặt tên,Name,我们需要给这个产品命名。,Wǒmen xūyào gěi zhège chǎnpǐn mìngmíng.,Chúng ta cần đặt tên cho sản phẩm này.,We need to name this product.,6
1290,摸索,mōsuǒ,Mò mẫm,groping,他在黑暗中摸索前行。,Tā zài hēi'àn zhōng mōsuǒ qiánxíng.,Anh ấy dò dẫm tiến về phía trước trong bóng tối.,He groped his way forward in the dark.,6
1291,膜,mó,Màng,Membrane,显微镜下可以看到膜。,Xiǎnwéijìng xià kěyǐ kàn dào mó.,Có thể nhìn thấy màng dưới kính hiển vi.,The membrane can be seen under a microscope.,6
1292,摩擦,mócā,"Ma sát, cọ sát","Friction, rubbing",他们之间摩擦不断。,Tāmen zhī jiān mócā bùduàn.,Giữa họ không ngừng có xích mích.,There was constant friction between them.,6
1293,模范,mófàn,Gương mẫu,role model,他是一个模范学生。,Tā shì yī gè mófàn xuéshēng.,Anh ấy là một học sinh gương mẫu.,He is a model student.,6
1294,魔鬼,móguǐ,Ma quỷ,Devil,电影里的魔鬼吓坏了我。,Diànyǐng lǐ de móguǐ xià huài le wǒ.,Con quỷ trong phim khiến tôi sợ hãi.,The demon in the movie scared me.,6
1295,磨合,móhé,"Mài giũa, hoà hợp","Polishing, Harmony",他们需要时间磨合。,Tāmen xūyào shíjiān móhé.,Họ cần thời gian để hòa hợp.,They need time to get along.,6
1296,模式,móshì,"Mô thức, kiểu mẫu","Pattern, model",这种模式很受欢迎。,Zhè zhǒng móshì hěn shòu huānyíng.,Mô hình này rất được ưa chuộng.,This model is very popular.,6
1297,魔术,móshù,Ảo thuật,Magic,他的魔术表演很精彩。,Tā de móshù biǎoyǎn hěn jīngcǎi.,Màn biểu diễn ảo thuật của anh ấy rất xuất sắc.,His magic show was excellent.,6
1298,模型,móxíng,Mô hình,Model,这个模型很逼真。,Zhège móxíng hěn bīzhēn.,Mô hình này rất chân thực.,This model is very realistic.,6
1299,抹杀,mǒshā,"Phủ nhận, xoá bỏ","Deny, delete",他们试图抹杀证据。,Tāmen shìtú mǒshā zhèngjù.,Họ cố gắng xóa bỏ chứng cứ.,They tried to erase the evidence.,6
1300,莫名其妙,mòmíngqímiào,Không thể hiểu nổi,Incomprehensible,他突然莫名其妙地笑了起来。,Tā tūrán mòmíngqímiào de xiào le qǐlái.,Anh ấy đột nhiên cười mà không rõ lý do.,He suddenly laughed for no apparent reason.,6
1301,默默,mòmò,"Lặng lẽ, âm thầm","Quietly, silently",他默默地离开了房间。,Tā mòmò de líkāi le fángjiān.,Anh ấy lặng lẽ rời khỏi phòng.,He left the room quietly.,6
1302,墨水儿,mòshuǐr,Mực viết,Pen and ink,这瓶墨水儿很贵。,Zhè píng mòshuǐr hěn guì.,Lọ mực này rất đắt.,This ink bottle is very expensive.,6
1303,谋求,móuqiú,Mưu cầu,Pursuit,他正在谋求新的工作机会。,Tā zhèngzài móuqiú xīn de gōngzuò jīhuì.,Anh ấy đang tìm kiếm cơ hội công việc mới.,He is looking for new job opportunities.,6
1304,模样,múyàng,"Hình dáng, dáng vẻ","Shape, appearance",她的模样很像她的母亲。,Tā de múyàng hěn xiàng tā de mǔqīn.,Vẻ ngoài của cô ấy rất giống mẹ cô ấy.,She looks very much like her mother.,6
1305,母语,mǔyǔ,Tiếng mẹ đẻ,Mother tongue,他的母语是英语。,Tā de mǔyǔ shì yīngyǔ.,Tiếng mẹ đẻ của anh ấy là tiếng Anh.,His mother tongue is English.,6
1306,目睹,mùdǔ,"Mắt thấy, chứng kiến","See, witness",我亲眼目睹了事故发生。,Wǒ qīnyǎn mùdǔ le shìgù fāshēng.,Tôi đã tận mắt chứng kiến tai nạn xảy ra.,I saw the accident happen with my own eyes.,6
1307,目光,mùguāng,Ánh mắt,Eyes,他目光坚定地看着前方。,Tā mùguāng jiāndìng de kàn zhe qiánfāng.,Anh ấy nhìn chằm chằm về phía trước với ánh mắt kiên định.,He stared straight ahead with a determined gaze.,6
1308,沐浴,mùyù,Tắm gội,Bathing and showering,他喜欢在早晨沐浴阳光。,Tā xǐhuān zài zǎochén mùyù yángguāng.,Anh ấy thích tắm nắng vào buổi sáng.,He likes to sunbathe in the morning.,6
1309,拿手,náshǒu,"Giỏi, sở trường","Good, specialty",她很拿手做蛋糕。,Tā hěn náshǒu zuò dàngāo.,Cô ấy rất giỏi làm bánh.,She is very good at baking.,6
1310,纳闷儿,nàmènr,"Bồn chồn, khó hiểu","Restless, confused",他感到有点纳闷儿。,Tā gǎndào yǒudiǎn nàmènr.,Anh ấy cảm thấy hơi thắc mắc.,He felt a little puzzled.,6
1311,耐用,nàiyòng,"Bền, dùng lâu","Durable, long lasting",这种材料非常耐用。,Zhè zhǒng cáiliào fēicháng nàiyòng.,Loại vật liệu này rất bền.,This material is very durable.,6
1312,难得,nándé,"Khó có được, hiếm có","Hard to get, rare",他难得回家一次。,Tā nándé huíjiā yī cì.,Anh ấy hiếm khi về nhà một lần.,He rarely comes home once.,6
1313,难堪,nánkān,"Khó chịu, khó xử",awkward,他的表现让人难堪。,Tā de biǎoxiàn ràng rén nánkān.,Biểu hiện của anh ấy khiến người ta khó xử.,His expression was awkward.,6
1314,难免,nánmiǎn,"Khó tránh, khó khỏi","Hard to avoid, hard to avoid",犯错误是难免的。,Fàn cuòwù shì nánmiǎn de.,Sai lầm là điều khó tránh khỏi.,Mistakes are inevitable.,6
1315,难能可贵,nánnéngkěguì,Đáng khen ngợi,Commendable,他在这方面的成就难能可贵。,Tā zài zhè fāngmiàn de chéngjiù nánnéngkěguì.,Thành tựu của anh ấy trong lĩnh vực này rất đáng quý.,His achievements in this field are admirable.,6
1316,恼火,nǎohuǒ,"Bực mình, tức giận","Frustrated, angry",他对这件事感到非常恼火。,Tā duì zhè jiàn shì gǎndào fēicháng nǎohuǒ.,Anh ấy rất bực mình về chuyện này.,He was very upset about this.,6
1317,内涵,nèihán,"Nội hàm, hàm súc",Concise,这本书的内涵很深。,Zhè běn shū de nèihán hěn shēn.,Nội hàm của cuốn sách này rất sâu sắc.,The content of this book is very profound.,6
1318,内幕,nèimù,"Bên trong, nội tình","Inside, inside story",我不知道这件事的内幕。,Wǒ bù zhīdào zhè jiàn shì de nèimù.,Tôi không biết nội tình của chuyện này.,I don't know the inside story.,6
1319,内在,nèizài,"Nội tại, bên trong","Inner, inside",她有丰富的内在美。,Tā yǒu fēngfù de nèizài měi.,Cô ấy có vẻ đẹp nội tâm phong phú.,She has rich inner beauty.,6
1320,能量,néngliàng,Năng lượng,Energy,阳光给我们带来了能量。,Yángguāng gěi wǒmen dàilái le néngliàng.,Ánh sáng mặt trời mang lại năng lượng cho chúng ta.,Sunlight gives us energy.,6
1321,嗯,ń,"Ừ, ừm","Yeah, yeah.",嗯，我明白了。,"Ń, wǒ míngbái le.","Ừm, tôi hiểu rồi.","Um, I see.",6
1322,拟定,nǐdìng,"Đề ra, vạch ra",outline,他们正在拟定新计划。,Tāmen zhèngzài nǐdìng xīn jìhuà.,Họ đang lập kế hoạch mới.,They are making new plans.,6
1323,年度,niándù,"Niên độ, hàng năm",Yearly,我们的年度报告很详细。,Wǒmen de niándù bàogào hěn xiángxì.,Báo cáo hàng năm của chúng tôi rất chi tiết.,Our annual report is very detailed.,6
1324,捏,niē,"Nặn, bóp","Knead, squeeze",她捏了一下他的脸。,Tā niē le yīxià tā de liǎn.,Cô ấy véo má anh ấy một cái.,She pinched his cheek.,6
1325,拧,níng,"Vặn, xoay","Twist, turn",他拧开了水龙头。,Tā nǐngkāi le shuǐlóngtóu.,Anh ấy vặn mở vòi nước.,He turned on the faucet.,6
1326,凝固,nínggù,"Đóng băng, đông cứng","Freeze, freeze",水变冷后会凝固。,Shuǐ biàn lěng hòu huì nínggù.,Nước sẽ đông lại khi lạnh.,Water freezes when cold.,6
1327,凝聚,níngjù,Ngưng tụ,Condensation,团队需要凝聚力。,Tuánduì xūyào níngjùlì.,Đội cần sự gắn kết.,Teams need cohesion.,6
1328,凝视,níngshì,Nhìn chằm chằm,Stare,她凝视着远方的山脉。,Tā níngshì zhe yuǎnfāng de shānmài.,Cô ấy nhìn chăm chú vào dãy núi ở xa.,She looked intently at the mountains in the distance.,6
1329,宁肯,nìngkěn,"Thà rằng, thà","rather, rather",我宁肯独自解决问题。,Wǒ níngkěn dúzì jiějué wèntí.,Tôi thà tự mình giải quyết vấn đề.,I'd rather solve the problem myself.,6
1330,宁愿,nìngyuàn,"Thà, thà rằng","rather, rather that",他宁愿放弃也不想继续。,Tā níngyuàn fàngqì yě bùxiǎng jìxù.,Anh ấy thà bỏ cuộc còn hơn tiếp tục.,He would rather give up than continue.,6
1331,纽扣儿,niǔkòur,"Khuy áo, cúc áo",Buttons,他的衬衫纽扣儿掉了。,Tā de chènshān niǔkòur diào le.,Nút áo sơ mi của anh ấy rơi rồi.,His shirt button is undone.,6
1332,扭转,niǔzhuǎn,"Xoay chuyển, xoay ngược","Turn around, turn around",他们正在努力扭转局面。,Tāmen zhèngzài nǔlì niǔzhuǎn júmiàn.,Họ đang cố gắng xoay chuyển tình thế.,They are trying to turn things around.,6
1333,浓厚,nónghòu,"Đậm đặc, sâu đậm","Dense, deep",他对这项工作充满了浓厚的兴趣。,Tā duì zhè xiàng gōngzuò chōngmǎn le nónghòu de xìngqù.,Anh ấy rất hứng thú với công việc này.,He is very interested in this job.,6
1334,农历,nónglì,"Lịch âm, âm lịch","Lunar calendar, lunar calendar",农历新年快到了。,Nónglì xīnnián kuài dào le.,Tết Âm lịch sắp đến rồi.,Lunar New Year is coming.,6
1335,奴隶,núlì,Nô lệ,Slave,他是一个奴隶主。,Tā shì yī gè núlìzhǔ.,Anh ấy là một chủ nô.,He is a slave owner.,6
1336,挪,nuó,"Chuyển, dời","Move, relocate",他把桌子挪到窗边。,Tā bǎ zhuōzi nuó dào chuāng biān.,Anh ấy di chuyển bàn đến cạnh cửa sổ.,He moved the table to the window.,6
1337,虐待,nüèdài,Ngược đãi,Abuse,他被指控虐待动物。,Tā bèi zhǐkòng nüèdài dòngwù.,Anh ấy bị cáo buộc ngược đãi động vật.,He was charged with animal cruelty.,6
1338,哦,ó,"Ồ, a","Oh, ah",哦，我明白了。,"Ò, wǒ míngbái le.","Ồ, tôi hiểu rồi.","Oh, I see.",6
1339,殴打,ōudǎ,Đánh đập,Beat,他被殴打得很严重。,Tā bèi ōudǎ de hěn yánzhòng.,Anh ấy bị đánh rất nghiêm trọng.,He was beaten very badly.,6
1340,欧洲,Ōuzhōu,Châu Âu,Europe,他计划去欧洲旅游。,Tā jìhuà qù Ōuzhōu lǚyóu.,Anh ấy dự định đi du lịch châu Âu.,He plans to travel to Europe.,6
1341,呕吐,ǒutù,Nôn mửa,Vomiting,他吃了不干净的食物后呕吐了。,Tā chī le bù gānjìng de shíwù hòu ǒutù le.,Anh ấy nôn mửa sau khi ăn thức ăn không sạch.,He vomited after eating unclean food.,6
1342,趴,pā,"Nằm sấp, phủ phục",Lying prone,他趴在桌子上睡觉。,Tā pā zài zhuōzi shàng shuìjiào.,Anh ấy nằm bò trên bàn ngủ.,He lay on the table sleeping.,6
1343,排斥,páichì,"Bài xích, loại trừ","Reject, exclude",他总是排斥新的观点。,Tā zǒngshì páichì xīn de guāndiǎn.,Anh ấy luôn bác bỏ những quan điểm mới.,He always rejects new ideas.,6
1344,排除,páichú,"Loại trừ, loại bỏ","Exclude, eliminate",我们必须排除所有可能的风险。,Wǒmen bìxū páichú suǒyǒu kěnéng de fēngxiǎn.,Chúng ta phải loại trừ mọi rủi ro có thể xảy ra.,We must eliminate all possible risks.,6
1345,排放,páifàng,"Thải ra, xả thải",discharge,这家工厂排放大量废气。,Zhè jiā gōngchǎng páifàng dàliàng fèiqì.,Nhà máy này thải ra một lượng lớn khí thải.,This factory emits a large amount of emissions.,6
1346,徘徊,páihuái,"Đi loanh quanh, lưỡng lự","Wandering around, hesitating",他在街上徘徊。,Tā zài jiē shàng páihuái.,Anh ấy đi lại lững thững trên phố.,He walked slowly down the street.,6
1347,派别,pàibié,"Phái, bè phái",faction,他们是不同的派别。,Tāmen shì bùtóng de pàibié.,Họ thuộc các phe phái khác nhau.,They belong to different factions.,6
1348,派遣,pàiqiǎn,"Phái đi, cử đi",send,公司派遣他去国外出差。,Gōngsī pàiqiǎn tā qù guówài chūchāi.,Công ty cử anh ấy đi công tác nước ngoài.,The company sent him on a business trip abroad.,6
1349,攀登,pāndēng,"Leo, trèo","Climb, climb",他喜欢攀登高山。,Tā xǐhuān pāndēng gāoshān.,Anh ấy thích leo núi.,He likes mountain climbing.,6
1350,盘旋,pánxuán,Lượn quanh,Hang around,直升机在空中盘旋。,Zhíshēngjī zài kōngzhōng pánxuán.,Trực thăng bay vòng trên không.,Helicopters circled overhead.,6
1351,畔,pàn,"Bờ, cạnh","shore, edge",小溪在山畔流淌。,Xiǎoxī zài shānpàn liútǎng.,Suối nhỏ chảy dọc theo sườn núi.,A small stream flows along the mountainside.,6
1352,判决,pànjué,Phán quyết,Decision,法院宣布了判决。,Fǎyuàn xuānbù le pànjué.,Tòa án đã tuyên án.,The court has pronounced its verdict.,6
1353,庞大,pángdà,"To lớn, khổng lồ","Huge, giant",这家公司规模庞大。,Zhè jiā gōngsī guīmó pángdà.,Công ty này có quy mô rất lớn.,This company is very large.,6
1354,抛弃,pāoqì,"Vứt bỏ, bỏ rơi","throw away, abandon",他决定抛弃旧习惯。,Tā juédìng pāoqì jiù xíguàn.,Anh ấy quyết định từ bỏ thói quen cũ.,He decided to give up his old habits.,6
1355,泡沫,pàomò,"Bọt, bong bóng","Foam, bubbles",这种泡沫塑料很轻。,Zhè zhǒng pàomò sùliào hěn qīng.,Loại xốp này rất nhẹ.,This foam is very light.,6
1356,培训,péixùn,"Đào tạo, huấn luyện",Training,公司提供员工培训。,Gōngsī tígōng yuángōng péixùn.,Công ty cung cấp đào tạo cho nhân viên.,The company provides training for employees.,6
1357,培育,péiyù,"Bồi dưỡng, nuôi dưỡng","Nurture, nourish",农民们正在培育新作物。,Nóngmín men zhèngzài péiyù xīn zuòwù.,Nông dân đang nuôi trồng cây trồng mới.,Farmers are growing new crops.,6
1358,配备,pèibèi,Trang bị,Equipment,我们需要配备更好的设备。,Wǒmen xūyào pèibèi gèng hǎo de shèbèi.,Chúng ta cần trang bị thiết bị tốt hơn.,We need better equipment.,6
1359,配偶,pèi'ǒu,"Bạn đời, vợ/chồng",spouse,他找到了理想的配偶。,Tā zhǎodào le lǐxiǎng de pèi'ǒu.,Anh ấy đã tìm thấy người bạn đời lý tưởng.,He has found his ideal partner.,6
1360,配套,pèitào,"Đồng bộ, hoàn chỉnh","Synchronous, complete",这个项目已经配套完成。,Zhège xiàngmù yǐjīng pèitào wánchéng.,Dự án này đã hoàn thành toàn bộ.,This project is fully completed.,6
1361,盆地,péndì,Thung lũng,Valley,这个盆地非常肥沃。,Zhège péndì fēicháng féiwò.,Lưu vực này rất màu mỡ.,This basin is very fertile.,6
1362,烹饪,pēngrèn,"Nấu ăn, nấu nướng","Cooking, cooking",她对烹饪很有兴趣。,Tā duì pēngrèn hěn yǒu xìngqù.,Cô ấy rất hứng thú với nấu nướng.,She is very interested in cooking.,6
1363,捧,pěng,"Nâng, bưng","Lift, carry",她捧着一束鲜花。,Tā pěng zhe yī shù xiānhuā.,Cô ấy cầm một bó hoa tươi.,She held a bouquet of fresh flowers.,6
1364,劈,pī,"Chẻ, bổ",Split,他劈开了木头。,Tā pī kāi le mùtóu.,Anh ấy bổ gỗ ra.,He split the wood.,6
1365,批发,pīfā,Bán buôn,Wholesale,他们批发了大量商品。,Tāmen pīfā le dàliàng shāngpǐn.,Họ bán buôn một lượng lớn hàng hóa.,They wholesale a large quantity of goods.,6
1366,批判,pīpàn,"Phê phán, phê bình",Criticism,他的言论受到了批判。,Tā de yánlùn shòudào le pīpàn.,Lời nói của anh ấy bị chỉ trích.,His words were criticized.,6
1367,疲惫,píbèi,"Mệt mỏi, mệt lả","tired, exhausted",工作让他感到疲惫。,Gōngzuò ràng tā gǎndào píbèi.,Công việc khiến anh ấy cảm thấy mệt mỏi.,Work makes him feel tired.,6
1368,皮革,pígé,Da thuộc,Leather,这件皮革制品很贵。,Zhè jiàn pígé zhìpǐn hěn guì.,Sản phẩm làm từ da này rất đắt.,Products made from this leather are very expensive.,6
1369,疲倦,píjuàn,"Mệt mỏi, chán chường","Tired, bored",他看起来很疲倦。,Tā kàn qǐlái hěn píjuàn.,Anh ấy trông rất mệt mỏi.,He looks very tired.,6
1370,脾气,píqi,"Tính tình, tính khí",Temperament,他的脾气很暴躁。,Tā de píqì hěn bàozào.,Anh ấy có tính khí rất nóng nảy.,He has a very hot temper.,6
1371,屁股,pìgu,"Mông, đít",Nates,他摔倒在地上，屁股很痛。,"Tā shuāidǎo zài dìshàng, pìgu hěn tòng.",Anh ấy ngã xuống đất và mông rất đau.,He fell to the ground and his butt hurt so much.,6
1372,譬如,pìrú,Ví dụ như,For example,譬如说，你可以试试这个方法。,"Pìrú shuō, nǐ kěyǐ shì shì zhège fāngfǎ.","Ví dụ như, bạn có thể thử phương pháp này.","For example, you can try this method.",6
1373,偏差,piānchā,"Sai lệch, lệch lạc","Deviation, deviation",这个计划存在偏差。,Zhège jìhuà cúnzài piānchā.,Kế hoạch này có sự sai lệch.,This plan has a deviation.,6
1374,偏见,piānjiàn,"Định kiến, thành kiến","Prejudice, prejudice",他对她有偏见。,Tā duì tā yǒu piānjiàn.,Anh ấy có thành kiến với cô ấy.,He is prejudiced against her.,6
1375,偏僻,piānpì,"Hẻo lánh, xa xôi","Remote, far away",他们住在一个偏僻的村庄。,Tāmen zhù zài yī gè piānpì de cūnzhuāng.,Họ sống ở một ngôi làng hẻo lánh.,They live in a remote village.,6
1376,偏偏,piānpiān,"Cố ý, cố tình",intentionally,他偏偏喜欢这个。,Tā piānpiān xǐhuān zhège.,Anh ấy lại thích cái này.,He likes this one again.,6
1377,片段,piànduàn,"Đoạn, mảnh","Section, piece",这只是故事的一个片段。,Zhè zhǐshì gùshì de yī gè piànduàn.,Đây chỉ là một đoạn của câu chuyện.,This is just a part of the story.,6
1378,片刻,piànkè,Khoảnh khắc,Moment,请等待片刻。,Qǐng děngdài piànkè.,Vui lòng chờ một chút.,Please wait a moment.,6
1379,漂浮,piāofú,"Nổi, lơ lửng","Floating, hovering",小船在湖面上漂浮。,Xiǎo chuán zài húmiàn shàng piāofú.,Chiếc thuyền nhỏ trôi nổi trên mặt hồ.,The small boat floated on the lake.,6
1380,飘扬,piāoyáng,Bay phấp phới,flutter,旗帜在风中飘扬。,Qízhì zài fēng zhōng piāoyáng.,Lá cờ tung bay trong gió.,The flag flutters in the wind.,6
1381,拼搏,pīnbó,"Phấn đấu, nỗ lực","strive, effort",他为了梦想拼搏。,Tā wèile mèngxiǎng pīnbó.,Anh ấy phấn đấu vì ước mơ.,He strives for his dream.,6
1382,拼命,pīnmìng,"Liều mạng, cố hết sức",risk it all,他拼命工作。,Tā pīnmìng gōngzuò.,Anh ấy làm việc hết sức mình.,He works hard.,6
1383,贫乏,pínfá,Nghèo nàn,Poverty,资源贫乏使得发展困难。,Zīyuán pínfá shǐde fāzhǎn kùnnán.,Thiếu tài nguyên khiến việc phát triển khó khăn.,Lack of resources makes development difficult.,6
1384,频繁,pínfán,"Thường xuyên, nhiều lần","Frequently, many times",最近他的活动很频繁。,Zuìjìn tā de huódòng hěn pínfán.,Gần đây các hoạt động của anh ấy rất thường xuyên.,His activities have been very frequent lately.,6
1385,贫困,pínkùn,"Nghèo khổ, nghèo khó","poverty, poverty",这个地区非常贫困。,Zhège dìqū fēicháng pínkùn.,Khu vực này rất nghèo.,This area is very poor.,6
1386,频率,pínlǜ,Tần suất,Frequency,我们需要提高学习的频率。,Wǒmen xūyào tígāo xuéxí de pínlǜ.,Chúng ta cần tăng tần suất học tập.,We need to increase the frequency of learning.,6
1387,品尝,pǐncháng,"Nếm, thưởng thức","Taste, enjoy",他品尝了所有的菜肴。,Tā pǐncháng le suǒyǒu de càiyáo.,Anh ấy đã nếm thử tất cả các món ăn.,He tasted all the dishes.,6
1388,品德,pǐndé,Đức hạnh,Virtue,他是一个有高尚品德的人。,Tā shì yī gè yǒu gāoshàng pǐndé de rén.,Anh ấy là người có phẩm chất cao quý.,He is a man of noble character.,6
1389,品行,pǐnxíng,"Hạnh kiểm, hành vi","Conduct, behavior",他的品行无可挑剔。,Tā de pǐnxíng wúkě tiāotì.,Hành vi của anh ấy không chê vào đâu được.,His conduct was impeccable.,6
1390,品质,pǐnzhì,Chất lượng,Quality,他们的产品品质很好。,Tāmen de chǎnpǐn pǐnzhì hěn hǎo.,Sản phẩm của họ có chất lượng rất tốt.,Their products are of very good quality.,6
1391,平凡,píngfán,Bình thường,Normal,他是一个平凡的人。,Tā shì yī gè píngfán de rén.,Anh ấy là một người bình thường.,He is an ordinary person.,6
1392,评估,pínggū,Đánh giá,Evaluate,我们需要评估这个项目的风险。,Wǒmen xūyào pínggū zhège xiàngmù de fēngxiǎn.,Chúng ta cần đánh giá rủi ro của dự án này.,We need to assess the risks of this project.,6
1393,评论,pínglùn,Bình luận,Comment,他的评论很中肯。,Tā de pínglùn hěn zhōngkěn.,Nhận xét của anh ấy rất thẳng thắn.,His comments were very frank.,6
1394,平面,píngmiàn,Bề mặt phẳng,Flat surface,这是一幅美丽的平面图。,Zhè shì yī fú měilì de píngmiàn tú.,Đây là một bản vẽ phẳng đẹp.,This is a nice flat drawing.,6
1395,平坦,píngtǎn,Bằng phẳng,Flat,这条路很平坦。,Zhè tiáo lù hěn píngtǎn.,Con đường này rất bằng phẳng.,This road is very flat.,6
1396,平行,píngxíng,Song song,Parallel,他们是平行线。,Tāmen shì píngxíng xiàn.,Họ là những đường song song.,They are parallel lines.,6
1397,平原,píngyuán,Đồng bằng,Plain,这个平原很广阔。,Zhège píngyuán hěn guǎngkuò.,Đồng bằng này rất rộng lớn.,This plain is very large.,6
1398,屏障,píngzhàng,"Hàng rào, tường chắn","Fences, retaining walls",树木形成了天然屏障。,Shùmù xíngchéng le tiānrán píngzhàng.,Cây cối tạo thành một rào chắn tự nhiên.,Trees form a natural barrier.,6
1399,坡,pō,"Dốc, sườn dốc","Slope, slope",他们从山坡上滑下来。,Tāmen cóng shānpō shàng huá xiàlái.,Họ trượt xuống từ sườn núi.,They slid down the mountainside.,6
1400,泼,pō,"Té, hắt","fall, sneeze",他把水泼在了地上。,Tā bǎ shuǐ pō zài le dìshàng.,Anh ấy hắt nước xuống đất.,He threw water on the ground.,6
1401,颇,pō,"Khá, hơi","Quite, somewhat",他的观点颇受争议。,Tā de guāndiǎn pō shòu zhēngyì.,Quan điểm của anh ấy khá gây tranh cãi.,His views are quite controversial.,6
1402,迫不及待,pòbùjídài,Không thể chờ được,Can't wait,我迫不及待地想告诉你这个好消息。,Wǒ pòbùjídài de xiǎng gàosù nǐ zhège hǎo xiāoxi.,Tôi không thể chờ đợi để kể cho bạn nghe tin tốt này.,I can't wait to tell you the good news.,6
1403,迫害,pòhài,"Bức hại, đàn áp","Persecution, repression",他因言论而受到迫害。,Tā yīn yánlùn ér shòudào pòhài.,Anh ấy bị đàn áp vì phát ngôn của mình.,He was persecuted for his speech.,6
1404,破例,pòlì,Phá lệ,Exception,这次我们破例允许他参加。,Zhè cì wǒmen pòlì yǔnxǔ tā cānjiā.,Lần này chúng tôi phá lệ cho phép anh ấy tham gia.,This time we made an exception and allowed him to participate.,6
1405,魄力,pòlì,"Quyết đoán, dũng khí","Decisive, courageous",她有很大的魄力。,Tā yǒu hěn dà de pòlì.,Cô ấy có sự quyết đoán lớn.,She has great determination.,6
1406,扑,pū,"Vồ, bổ nhào","Pounce, dive",他扑向了前面的敌人。,Tā pū xiàng le qiánmiàn de dírén.,Anh ấy lao về phía kẻ địch phía trước.,He charged towards the enemy in front.,6
1407,铺,pū,"Trải, bày",Spread,他们在地上铺了一张毯子。,Tāmen zài dìshàng pū le yī zhāng tǎnzi.,Họ trải một tấm thảm trên mặt đất.,They spread a carpet on the ground.,6
1408,普及,pǔjí,Phổ cập,Popular,这本书的内容很普及。,Zhè běn shū de nèiróng hěn pǔjí.,Nội dung của cuốn sách này rất phổ biến.,The content of this book is very popular.,6
1409,朴实,pǔshí,"Chất phác, giản dị","Simple, plain",他的生活非常朴实。,Tā de shēnghuó fēicháng pǔshí.,Cuộc sống của anh ấy rất giản dị.,His life is very simple.,6
1410,瀑布,pùbù,Thác nước,Waterfall,我们去了一个美丽的瀑布。,Wǒmen qù le yī gè měilì de pùbù.,Chúng tôi đã đến thăm một thác nước đẹp.,We visited a beautiful waterfall.,6
1411,欺负,qīfu,"Bắt nạt, ức hiếp",Bullying,他总是欺负弱小。,Tā zǒngshì qīfù ruòxiǎo.,Anh ấy luôn bắt nạt kẻ yếu.,He always bullies the weak.,6
1412,凄凉,qīliáng,"Thê lương, buồn bã","Sad, depressing",这个地方显得很凄凉。,Zhège dìfāng xiǎnde hěn qīliáng.,Nơi này trông rất hoang vắng.,This place looks so deserted.,6
1413,欺骗,qīpiàn,Lừa dối,Cheat,他被朋友欺骗了。,Tā bèi péngyǒu qīpiàn le.,Anh ấy bị bạn bè lừa gạt.,He was deceived by his friends.,6
1414,期望,qīwàng,"Kỳ vọng, mong đợi","Expectation, expectation",我对你的期望很高。,Wǒ duì nǐ de qīwàng hěn gāo.,Tôi có kỳ vọng rất cao về bạn.,I have very high expectations of you.,6
1415,期限,qīxiàn,Thời hạn,Duration,请在期限内完成任务。,Qǐng zài qīxiàn nèi wánchéng rènwù.,Hãy hoàn thành nhiệm vụ trong thời hạn.,Complete the task within the time limit.,6
1416,奇妙,qímiào,Kỳ diệu,Marvelous,这个地方有很多奇妙的事情。,Zhège dìfāng yǒu hěn duō qímiào de shìqíng.,Nơi này có rất nhiều điều kỳ diệu.,This place has so many wonders.,6
1417,旗袍,qípáo,Sườn xám,Cheongsam,她穿了一件漂亮的旗袍。,Tā chuān le yī jiàn piàoliang de qípáo.,Cô ấy mặc một chiếc sườn xám đẹp.,She wore a beautiful cheongsam.,6
1418,齐全,qíquán,"Đầy đủ, trọn vẹn","Full, complete",这个房间设备齐全。,Zhège fángjiān shèbèi qíquán.,Phòng này được trang bị đầy đủ.,This room is fully furnished.,6
1419,歧视,qíshì,Kỳ thị,Stigma,我们必须杜绝歧视。,Wǒmen bìxū dùjué qíshì.,Chúng ta phải loại trừ sự phân biệt đối xử.,We must eliminate discrimination.,6
1420,齐心协力,qíxīnxiélì,Đồng tâm hiệp lực,Unity of mind,大家齐心协力完成了任务。,Dàjiā qíxīnxiélì wánchéng le rènwù.,Mọi người đồng lòng hoàn thành nhiệm vụ.,Everyone agreed to complete the mission.,6
1421,旗帜,qízhì,"Cờ, biểu ngữ","Flags, banners",国旗在空中飘扬。,Guóqí zài kōngzhōng piāoyáng.,Quốc kỳ bay phấp phới trên không.,The national flag flutters in the air.,6
1422,起草,qǐcǎo,Khởi thảo,Elaborate,他负责起草这份文件。,Tā fùzé qǐcǎo zhè fèn wénjiàn.,Anh ấy chịu trách nhiệm soạn thảo văn bản này.,He is responsible for drafting this document.,6
1423,启程,qǐchéng,Khởi hành,Depart,我们明天启程去旅行。,Wǒmen míngtiān qǐchéng qù lǚxíng.,Ngày mai chúng tôi bắt đầu chuyến đi.,We start our trip tomorrow.,6
1424,起初,qǐchū,"Ban đầu, lúc đầu","At first, at first",起初他不太愿意。,Qǐchū tā bù tài yuànyì.,Lúc đầu anh ấy không muốn lắm.,At first he didn't really want to.,6
1425,起伏,qǐfú,"Nhấp nhô, thăng trầm",Ups and downs,这条路起伏不平。,Zhè tiáo lù qǐfú bù píng.,Con đường này gập ghềnh không bằng phẳng.,This road is bumpy and uneven.,6
1426,乞丐,qǐgài,"Ăn mày, ăn xin",Beggar,乞丐在街上乞讨。,Qǐgài zài jiē shàng qǐtǎo.,Người ăn xin xin ăn trên phố.,Beggars begging on the street.,6
1427,起哄,qǐhòng,"Gây rối, quấy phá","Disturbing, harassing",孩子们在起哄。,Háizi men zài qǐhòng.,Trẻ con đang làm ồn.,The children are making noise.,6
1428,起码,qǐmǎ,"Tối thiểu, ít nhất","Minimum, at least",起码你应该道歉。,Qǐmǎ nǐ yīnggāi dàoqiàn.,Ít nhất bạn nên xin lỗi.,At least you should apologize.,6
1429,启示,qǐshì,"Gợi ý, khơi dậy","Suggest, arouse",这件事给了我很大的启示。,Zhè jiàn shì gěi le wǒ hěn dà de qǐshì.,Việc này đã cho tôi một bài học lớn.,This taught me a great lesson.,6
1430,启事,qǐshì,Thông báo,Notification,公告栏上贴了一个启事。,Gōnggàolán shàng tiē le yī gè qǐshì.,Trên bảng thông báo có dán một thông báo.,There is a notice posted on the bulletin board.,6
1431,起义,qǐyì,Khởi nghĩa,Uprising,他们策划了一场起义。,Tāmen cèhuà le yī chǎng qǐyì.,Họ lên kế hoạch cho một cuộc khởi nghĩa.,They planned an uprising.,6
1432,岂有此理,qǐyǒucǐlǐ,Lẽ nào lại thế,How could that be?,这种行为真是岂有此理。,Zhè zhǒng xíngwéi zhēn shì qǐyǒucǐlǐ.,Hành vi này thật là vô lý.,This behavior is absurd.,6
1433,起源,qǐyuán,Nguồn gốc,Source,文化起源于生活。,Wénhuà qǐyuán yú shēnghuó.,Văn hóa bắt nguồn từ cuộc sống.,Culture comes from life.,6
1434,器材,qìcái,"Thiết bị, dụng cụ","Equipment, tools",运动器材已经准备好了。,Yùndòng qìcái yǐjīng zhǔnbèi hǎo le.,Thiết bị thể thao đã sẵn sàng.,Sports equipment is ready.,6
1435,气概,qìgài,Khí phách,Vigor,他有很大的气概。,Tā yǒu hěn dà de qìgài.,Anh ấy có khí chất rất mạnh mẽ.,He has a very strong temperament.,6
1436,气功,qìgōng,Khí công,Qigong,他在练气功。,Tā zài liàn qìgōng.,Anh ấy đang tập khí công.,He is practicing qigong.,6
1437,器官,qìguān,Cơ quan (cơ thể),Organ (body),人体的器官很复杂。,Réntǐ de qìguān hěn fùzá.,Cơ quan của cơ thể người rất phức tạp.,The organs of the human body are very complex.,6
1438,迄今为止,qìjīnwéizhǐ,Cho đến nay,So far,迄今为止，一切顺利。,"Qìjīn wéizhǐ, yīqiè shùnlì.","Cho đến nay, mọi thứ đều suôn sẻ.","So far, everything is going smoothly.",6
1439,气魄,qìpò,"Khí phách, dũng khí",Courage,他的气魄令人敬佩。,Tā de qìpò lìng rén jìngpèi.,Khí phách của anh ấy làm mọi người khâm phục.,His spirit makes everyone admire.,6
1440,气色,qìsè,Thần sắc,Aspect,他的气色很好。,Tā de qìsè hěn hǎo.,Sắc mặt của anh ấy rất tốt.,His complexion is very good.,6
1441,气势,qìshì,Khí thế,Momentum,他的气势很强。,Tā de qìshì hěn qiáng.,Khí thế của anh ấy rất mạnh.,His momentum is very strong.,6
1442,气味,qìwèi,"Mùi hương, mùi vị","Scent, taste",这花闻起来有特殊的气味。,Zhè huā wén qǐlái yǒu tèshū de qìwèi.,Hoa này có mùi đặc biệt khi ngửi.,This flower has a special smell when smelled.,6
1443,气象,qìxiàng,Khí tượng,Meteorology,气象预报说今天有雨。,Qìxiàng yùbào shuō jīntiān yǒu yǔ.,Dự báo thời tiết nói hôm nay có mưa.,The weather forecast says it will rain today.,6
1444,气压,qìyā,Áp suất không khí,Air pressure,我们要考虑气压变化。,Wǒmen yào kǎolǜ qìyā biànhuà.,Chúng ta phải cân nhắc sự thay đổi áp suất không khí.,We have to consider the change in air pressure.,6
1445,掐,qiā,"Véo, ngắt","Pinch, break",她掐了一朵花。,Tā qiā le yī duǒ huā.,Cô ấy ngắt một bông hoa.,She picked a flower.,6
1446,恰当,qiàdàng,"Thích hợp, hợp lý","Suitable, reasonable",这次会议的安排非常恰当。,Zhè cì huìyì de ānpái fēicháng qiàdàng.,Sắp xếp của cuộc họp lần này rất hợp lý.,The arrangement of this meeting is very reasonable.,6
1447,恰到好处,qiàdàohǎochù,"Vừa vặn, đúng chỗ","Fit, in place",他做事总是恰到好处。,Tā zuò shì zǒng shì qià dào hǎochù.,Anh ấy luôn làm mọi việc rất khéo léo.,He always does things very skillfully.,6
1448,恰巧,qiàqiǎo,"Đúng lúc, khéo léo","Right on time, right on target",恰巧我们有相同的兴趣爱好。,Qiàqiǎo wǒmen yǒu xiāngtóng de xìngqù àihào.,Tình cờ chúng ta có cùng sở thích.,We happen to have the same interests.,6
1449,洽谈,qiàtán,"Thảo luận, bàn bạc",Discuss,他们在洽谈合作事宜。,Tāmen zài qiàtán hézuò shìyí.,Họ đang thảo luận về hợp tác.,They are discussing cooperation.,6
1450,牵扯,qiānchě,"Dính líu, liên lụy",Involved,这个问题牵扯到很多人。,Zhège wèntí qiānchě dào hěn duō rén.,Vấn đề này liên quan đến nhiều người.,This issue concerns many people.,6
1451,签订,qiāndìng,Ký kết,Signed,他们签订了合同。,Tāmen qiāndìng le hétóng.,Họ đã ký hợp đồng.,They signed the contract.,6
1452,千方百计,qiānfāngbǎijì,Trăm phương ngàn kế,Hundreds of ways and thousands of plans,我们千方百计地解决问题。,Wǒmen qiānfāng-bǎijì de jiějué wèntí.,Chúng tôi cố gắng hết sức để giải quyết vấn đề.,We try our best to resolve the problem.,6
1453,迁就,qiānjiù,"Nhường nhịn, nhún nhường","yield, yield",他总是迁就别人。,Tā zǒng shì qiānjiù biérén.,Anh ấy luôn nhường nhịn người khác.,He always gives way to others.,6
1454,签署,qiānshǔ,"Ký, phê chuẩn","Sign, approve",双方签署了协议。,Shuāngfāng qiānshǔ le xiéyì.,Hai bên đã ký thỏa thuận.,The two sides signed the agreement.,6
1455,迁徙,qiānxǐ,"Di cư, chuyển chỗ ở","Migration, relocation",动物在季节变化时会迁徙。,Dòngwù zài jìjié biànhuà shí huì qiānxǐ.,Động vật sẽ di cư khi thay đổi mùa.,Animals will migrate when the seasons change.,6
1456,谦逊,qiānxùn,Khiêm tốn,Modest,他很谦逊，从不夸耀。,"Tā hěn qiānxùn, cóng bù kuāyào.","Anh ấy rất khiêm tốn, không bao giờ khoe khoang.","He is very humble, never boastful.",6
1457,牵制,qiānzhì,"Kìm chế, ràng buộc","Restrain, bind",她的发言起到了牵制作用。,Tā de fāyán qǐ dào le qiānzhì zuòyòng.,Phát biểu của cô ấy có tác dụng kiềm chế.,Her statement had a restraining effect.,6
1458,前景,qiánjǐng,Triển vọng,Prospects,公司的前景很光明。,Gōngsī de qiánjǐng hěn guāngmíng.,Triển vọng của công ty rất tươi sáng.,The company's prospects are bright.,6
1459,潜力,qiánlì,Tiềm năng,Potential,他有很大的潜力。,Tā yǒu hěn dà de qiánlì.,Anh ấy có tiềm năng lớn.,He has great potential.,6
1460,潜水,qiánshuǐ,Lặn,Dive,他喜欢潜水。,Tā xǐhuān qiánshuǐ.,Anh ấy thích lặn.,He likes diving.,6
1461,前提,qiántí,Tiền đề,Premise,这是合作的前提。,Zhè shì hézuò de qiántí.,Đây là điều kiện tiên quyết để hợp tác.,This is a prerequisite for cooperation.,6
1462,潜移默化,qiányímòhuà,Thay đổi ngầm,Implicit changes,这种影响是潜移默化的。,Zhè zhǒng yǐngxiǎng shì qiányímòhuà de.,Loại ảnh hưởng này là thầm lặng và từ từ.,This type of influence is silent and gradual.,6
1463,谴责,qiǎnzé,"Khiển trách, lên án","Blame, condemn",他们谴责了这种行为。,Tāmen qiǎnzé le zhè zhǒng xíngwéi.,Họ đã lên án hành động này.,They condemned this action.,6
1464,抢劫,qiǎngjié,Cướp bóc,Pillage,警察阻止了抢劫。,Jǐngchá zǔzhǐ le qiǎngjié.,Cảnh sát đã ngăn chặn vụ cướp.,The police prevented the robbery.,6
1465,强制,qiángzhì,"Ép buộc, cưỡng chế","Force, coercion",法律强制执行。,Fǎlǜ qiángzhì zhíxíng.,Luật pháp được thi hành bắt buộc.,The law is enforced.,6
1466,抢救,qiǎngjiù,"Cứu trợ, cấp cứu","Relief, emergency",他因心脏病被紧急抢救。,Tā yīn xīnzàngbìng bèi jǐnjí qiǎngjiù.,Anh ấy được cấp cứu khẩn cấp vì bệnh tim.,He was rushed to the emergency room for a heart attack.,6
1467,强迫,qiǎngpò,"Ép buộc, cưỡng ép","Forced, coerced",他被迫放弃了梦想。,Tā bèi pò fàngqì le mèngxiǎng.,Anh ấy buộc phải từ bỏ ước mơ.,He was forced to give up his dream.,6
1468,桥梁,qiáoliáng,"Cầu, cầu nối","Bridge, bridge",这座桥梁连接了两地。,Zhè zuò qiáoliáng liánjiē le liǎngdì.,Cây cầu này nối liền hai nơi.,This bridge connects two places.,6
1469,翘,qiào,"Vểnh, nhô lên","Upward, upward",她的睫毛很翘。,Tā de jiémáo hěn qiào.,Lông mi của cô ấy rất cong.,Her eyelashes are very curly.,6
1470,锲而不舍,qiè'érbùshě,Kiên trì không bỏ cuộc,Persistence and never give up,我们要锲而不舍地追求梦想。,Wǒmen yào qiè'érbùshě de zhuīqiú mèngxiǎng.,Chúng ta phải kiên trì theo đuổi ước mơ.,We must persevere in pursuing our dreams.,6
1471,切实,qièshí,"Thiết thực, cụ thể","Practical, specific",我们要采取切实的措施。,Wǒmen yào cǎiqǔ qièshí de cuòshī.,Chúng ta phải thực hiện các biện pháp thiết thực.,We must take practical measures.,6
1472,侵犯,qīnfàn,"Xâm phạm, xâm lấn","Invasion, encroachment",侵犯他人的权利是不对的。,Qīnfàn tārén de quánlì shì bù duì de.,Xâm phạm quyền lợi của người khác là sai trái.,Infringing on the rights of others is wrong.,6
1473,钦佩,qīnpèi,"Kính phục, thán phục","Admire, admire",我钦佩他的勇气。,Wǒ qīnpèi tā de yǒngqì.,Tôi khâm phục sự dũng cảm của anh ấy.,I admire his courage.,6
1474,亲热,qīnrè,"Thân mật, nồng nhiệt","Intimate, warm",他们关系很亲热。,Tāmen guānxì hěn qīnrè.,Họ có mối quan hệ rất thân thiết.,They have a very close relationship.,6
1475,亲身,qīnshēn,"Tự mình, bản thân",By myself,他亲身经历了这件事。,Tā qīnshēn jīnglì le zhè jiàn shì.,Anh ấy đã trực tiếp trải qua chuyện này.,He has experienced this firsthand.,6
1476,勤俭,qínjiǎn,Cần kiệm,Economy,我们要勤俭节约。,Wǒmen yào qínjiǎn jiéyuē.,Chúng ta phải cần kiệm tiết kiệm.,We must be frugal.,6
1477,勤恳,qínkěn,"Chăm chỉ, cần cù","Hardworking, diligent",她做事非常勤恳。,Tā zuò shì fēicháng qínkěn.,Cô ấy làm việc rất chăm chỉ.,She works very hard.,6
1478,氢,qīng,"Khinh, khí hiếm","Light, rare gas",氢是一种轻气体。,Qīng shì yī zhǒng qīng qìtǐ.,Hydro là một loại khí nhẹ.,Hydrogen is a light gas.,6
1479,清澈,qīngchè,Trong suốt,Transparent,湖水清澈见底。,Húshuǐ qīngchè jiàn dǐ.,Nước hồ trong veo đến đáy.,The lake water is crystal clear to the bottom.,6
1480,清晨,qīngchén,Sáng sớm,Morning,清晨的空气很新鲜。,Qīngchén de kōngqì hěn xīnxiān.,Không khí buổi sáng sớm rất trong lành.,The early morning air is very fresh.,6
1481,清除,qīngchú,"Dọn sạch, loại bỏ","Clean up, remove",我们需要清除杂草。,Wǒmen xūyào qīngchú zácǎo.,Chúng ta cần làm sạch cỏ dại.,We need to clear the weeds.,6
1482,轻而易举,qīng'éryìjǔ,"Dễ dàng, dễ như trở bàn tay","Easy, as easy as pie",这个任务轻而易举。,Zhège rènwù qīng'éryìjǔ.,Nhiệm vụ này dễ dàng.,This task is easy.,6
1483,清洁,qīngjié,"Sạch sẽ, vệ sinh","Clean, hygienic",房间需要清洁。,Fángjiān xūyào qīngjié.,Căn phòng cần được dọn dẹp.,The room needs to be cleaned.,6
1484,清理,qīnglǐ,"Dọn dẹp, sắp xếp","Clean up, organize",请清理桌子上的书。,Qǐng qīnglǐ zhuōzi shàng de shū.,Hãy dọn sách trên bàn.,Clear the books on the table.,6
1485,倾听,qīngtīng,Lắng nghe,Listen,他静静地倾听大家的意见。,Tā jìngjìng de qīngtīng dàjiā de yìjiàn.,Anh ấy lắng nghe ý kiến của mọi người một cách yên lặng.,He listened to everyone's opinions quietly.,6
1486,清晰,qīngxī,"Rõ ràng, rõ nét","clear, clear",图片非常清晰。,Túpiàn fēicháng qīngxī.,Hình ảnh rất rõ ràng.,The picture is very clear.,6
1487,倾向,qīngxiàng,"Khuynh hướng, xu hướng","Trend, tendency",他倾向于支持这个提案。,Tā qīngxiàng yú zhīchí zhège tí'àn.,Anh ấy có xu hướng ủng hộ đề xuất này.,He tends to support this proposal.,6
1488,倾斜,qīngxié,"Nghiêng, lệch","Tilt, skew",这栋房子有点倾斜。,Zhè dòng fángzi yǒudiǎn qīngxié.,Ngôi nhà này hơi nghiêng.,This house is slightly tilted.,6
1489,清醒,qīngxǐng,"Tỉnh táo, sáng suốt","Sober, clear-headed",他终于清醒了过来。,Tā zhōngyú qīngxǐng le guòlái.,Anh ấy cuối cùng đã tỉnh lại.,He finally woke up.,6
1490,清真,qīngzhēn,"Hồi giáo, chính giáo","Islam, orthodox",他是一位清真厨师。,Tā shì yī wèi qīngzhēn chúshī.,Anh ấy là một đầu bếp Halal.,He is a Halal chef.,6
1491,情报,qíngbào,"Tình báo, thông tin","Intelligence, information",情报显示敌人正在接近。,Qíngbào xiǎnshì dírén zhèngzài jiējìn.,Thông tin tình báo cho thấy kẻ địch đang tiến gần.,Intelligence indicates that the enemy is approaching.,6
1492,情节,qíngjié,"Tình tiết, chi tiết",Details,这本小说的情节很紧张。,Zhè běn xiǎoshuō de qíngjié hěn jǐnzhāng.,Cốt truyện của cuốn tiểu thuyết này rất căng thẳng.,The plot of this novel is very tense.,6
1493,晴朗,qínglǎng,"Trời quang, trời trong",clear sky,天气晴朗，非常适合出游。,"Tiānqì qínglǎng, fēicháng shìhé chūyóu.","Thời tiết trong lành, rất thích hợp để đi chơi.","The weather is nice, perfect for going out.",6
1494,情理,qínglǐ,"Lý lẽ, đạo lý","Reason, morality",这种行为不符合情理。,Zhè zhǒng xíngwéi bù fúhé qínglǐ.,Hành vi này không hợp lý.,This behavior is unreasonable.,6
1495,情形,qíngxíng,"Tình hình, hoàn cảnh","Situation, circumstance",目前的情形非常复杂。,Mùqián de qíngxíng fēicháng fùzá.,Tình hình hiện tại rất phức tạp.,The current situation is very complicated.,6
1496,请柬,qǐngjiǎn,Thiệp mời,Invitation,我们收到了你的请柬。,Wǒmen shōudào le nǐ de qǐngjiǎn.,Chúng tôi đã nhận được thiệp mời của bạn.,We have received your invitation.,6
1497,请教,qǐngjiào,"Thỉnh giáo, xin ý kiến",Ask for advice,请教我如何使用这个软件。,Qǐngjiào wǒ rúhé shǐyòng zhège ruǎnjiàn.,Hãy chỉ tôi cách sử dụng phần mềm này.,Please show me how to use this software.,6
1498,请示,qǐngshì,"Xin chỉ thị, xin ý kiến","Please give instructions, please give opinions",他向上级请示了这件事。,Tā xiàng shàngjí qǐngshì le zhè jiàn shì.,Anh ấy đã xin phép cấp trên về việc này.,He asked his superiors for permission for this.,6
1499,请帖,qǐngtiě,Thiệp mời,Invitation,我们收到了结婚请帖。,Wǒmen shōudào le jiéhūn qǐngtiě.,Chúng tôi đã nhận được thiệp cưới.,We received the wedding invitation.,6
1500,丘陵,qiūlíng,"Đồi núi, đồi cỏ","hills, grassy hills",丘陵地区非常适合种植葡萄。,Qiūlíng dìqū fēicháng shìhé zhòngzhí pútáo.,Khu vực đồi núi rất thích hợp trồng nho.,The mountainous area is very suitable for growing grapes.,6
1501,区分,qūfēn,"Phân biệt, chia tách","Distinguish, separate",我们需要区分事实和观点。,Wǒmen xūyào qūfēn shìshí hé guāndiǎn.,Chúng ta cần phân biệt giữa sự thật và quan điểm.,We need to distinguish between facts and opinions.,6
1502,屈服,qūfú,"Khuất phục, đầu hàng",Surrender,面对强大的对手，他不得不屈服。,"Miànduì qiángdà de duìshǒu, tā bùdé bù qūfú.","Đối mặt với đối thủ mạnh, anh ta buộc phải khuất phục.","Faced with a strong opponent, he was forced to submit.",6
1503,区域,qūyù,"Khu vực, vùng","Area, region",这个区域禁止吸烟。,Zhège qūyù jìnzhǐ xīyān.,Khu vực này cấm hút thuốc.,This area is non-smoking.,6
1504,曲折,qūzhé,"Quanh co, khúc khuỷu","Winding, tortuous",这条路非常曲折。,Zhè tiáo lù fēicháng qūzhé.,Con đường này rất quanh co.,This road is very winding.,6
1505,驱逐,qūzhú,"Trục xuất, xua đuổi","Exile, banish",他被驱逐出境了。,Tā bèi qūzhú chūjìng le.,Anh ấy đã bị trục xuất ra khỏi đất nước.,He was expelled from the country.,6
1506,渠道,qúdào,"Kênh rạch, kênh","canal, channel",他们正在挖掘新的渠道。,Tāmen zhèngzài wājué xīn de qúdào.,Họ đang đào kênh mới.,They are digging a new canal.,6
1507,取缔,qǔdì,"Cấm đoán, cấm chỉ","Prohibition, prohibition",政府取缔了非法活动。,Zhèngfǔ qǔdì le fēifǎ huódòng.,Chính phủ đã cấm các hoạt động bất hợp pháp.,The government has banned illegal activities.,6
1508,曲子,qǔzi,"Bài hát, bản nhạc","Song, music",这首曲子很动听。,Zhè shǒu qǔzi hěn dòngtīng.,Bài hát này rất hay.,This song is great.,6
1509,趣味,qùwèi,"Hứng thú, thú vị","interesting, fun",他对生活充满了趣味。,Tā duì shēnghuó chōngmǎn le qùwèi.,Anh ấy rất thú vị trong cuộc sống.,He is very interesting in life.,6
1510,圈套,quāntào,"Cái bẫy, cạm bẫy","trap, pitfall",他掉进了对手设的圈套。,Tā diào jìn le duìshǒu shè de quāntào.,Anh ấy đã rơi vào bẫy của đối thủ.,He fell into his opponent's trap.,6
1511,权衡,quánhéng,"Cân nhắc, xem xét","Consider, consider",我们需要权衡利弊。,Wǒmen xūyào quánhéng lìbì.,Chúng ta cần cân nhắc lợi và hại.,We need to weigh the pros and cons.,6
1512,全局,quánjú,Toàn bộ cục diện,The whole picture,公司的全局策略非常成功。,Gōngsī de quánjú cèlüè fēicháng chénggōng.,Chiến lược tổng thể của công ty rất thành công.,The company's overall strategy is very successful.,6
1513,全力以赴,quánlìyǐfù,"Dốc toàn lực, toàn tâm toàn ý",Go all out,我们将全力以赴完成任务。,Wǒmen jiāng quánlì yǐ fù wánchéng rènwù.,Chúng ta sẽ dốc hết sức hoàn thành nhiệm vụ.,We will do our best to complete the mission.,6
1514,拳头,quántou,"Nắm đấm, quyền lực","Fist, power",他的拳头很有力。,Tā de quántóu hěn yǒulì.,Nắm đấm của anh ấy rất mạnh.,His fists are very strong.,6
1515,权威,quánwēi,"Quyền uy, uy tín","Authority, prestige",他是一位权威的学者。,Tā shì yī wèi quánwēi de xuézhě.,Anh ấy là một học giả có uy tín.,He is a prestigious scholar.,6
1516,权益,quányì,Quyền lợi và lợi ích,Rights and benefits,我们必须维护自己的权益。,Wǒmen bìxū wéihù zìjǐ de quányì.,Chúng ta phải bảo vệ quyền lợi của mình.,We must protect our rights.,6
1517,犬,quǎn,"Chó, cẩu","Dog, crane",他养了一只可爱的犬。,Tā yǎng le yī zhǐ kě'ài de quǎn.,Anh ấy nuôi một con chó dễ thương.,He has a cute dog.,6
1518,缺口,quēkǒu,"Chỗ hổng, khe hở","Gap, gap",墙上有一个缺口。,Qiáng shàng yǒu yī gè quēkǒu.,Trên tường có một lỗ hổng.,There is a hole in the wall.,6
1519,缺席,quēxí,"Vắng mặt, không tham dự","Absent, not attending",他因病缺席了会议。,Tā yīn bìng quēxí le huìyì.,Anh ấy vắng mặt trong cuộc họp vì bệnh.,He was absent from the meeting due to illness.,6
1520,缺陷,quēxiàn,"Khiếm khuyết, khuyết điểm","defect, defect",这个机器有一些缺陷。,Zhège jīqì yǒu yīxiē quēxiàn.,Cái máy này có một số khuyết điểm.,This machine has some disadvantages.,6
1521,瘸,qué,"Khập khiễng, què",lame,他摔倒了，腿瘸了。,"Tā shuāi dǎo le, tuǐ quē le.","Anh ấy bị ngã, và chân bị què.","He fell, and his leg was crippled.",6
1522,确保,quèbǎo,"Đảm bảo, bảo đảm","Guarantee, guarantee",我们必须确保安全。,Wǒmen bìxū quèbǎo ānquán.,Chúng ta phải đảm bảo an toàn.,We must ensure safety.,6
1523,确立,quèlì,"Xác lập, thiết lập","Establish, set up",我们确立了新的目标。,Wǒmen quèlì le xīn de mùbiāo.,Chúng ta đã thiết lập mục tiêu mới.,We have set new goals.,6
1524,确切,quèqiè,"Chính xác, xác thực","Accurate, authentic",他的话很确切。,Tā de huà hěn quèqiè.,Lời của anh ấy rất chính xác.,His words are so accurate.,6
1525,确信,quèxìn,"Tin chắc, tin tưởng","Believe, trust",我确信他会成功。,Wǒ quèxìn tā huì chénggōng.,Tôi tin chắc rằng anh ấy sẽ thành công.,I am sure he will succeed.,6
1526,群众,qúnzhòng,"Quần chúng, nhân dân","masses, people",群众对这个政策表示支持。,Qúnzhòng duì zhège zhèngcè biǎoshì zhīchí.,Quần chúng ủng hộ chính sách này.,The masses support this policy.,6
1527,染,rǎn,"Nhuộm, tô điểm","Dyeing, decorating",他染上了坏习惯。,Tā rǎn shàng le huài xíguàn.,Anh ấy mắc phải thói quen xấu.,He has a bad habit.,6
1528,让步,ràngbù,"Nhượng bộ, lùi bước","Concession, retreat",他最终做出了让步。,Tā zuìzhōng zuò chū le ràngbù.,"Cuối cùng, anh ấy đã nhượng bộ.","Finally, he gave in.",6
1529,饶恕,ráoshù,"Tha thứ, tha lỗi","Forgive, forgive",请你饶恕我的错误。,Qǐng nǐ ráoshù wǒ de cuòwù.,Xin hãy tha thứ cho lỗi lầm của tôi.,Please forgive my mistakes.,6
1530,扰乱,rǎoluàn,"Quấy rối, làm loạn","Harassment, disturbance",这个消息扰乱了秩序。,Zhège xiāoxi rǎoluàn le zhìxù.,Tin tức này đã làm rối loạn trật tự.,This news has disturbed the order.,6
1531,惹祸,rěhuò,"Gây họa, gây rắc rối",cause trouble,他的行为惹祸了。,Tā de xíngwéi rěhuò le.,Hành động của anh ấy đã gây ra rắc rối.,His actions caused trouble.,6
1532,热泪盈眶,rèlèiyíngkuàng,Nước mắt đầm đìa,Tears streaming down,听到这个消息，她热泪盈眶。,"Tīngdào zhège xiāoxi, tā rèlèi yíngkuàng.","Nghe tin này, cô ấy rơi nước mắt xúc động.","Hearing this news, she burst into tears of emotion.",6
1533,热门,rèmén,"Phổ biến, thịnh hành","Popular, prevalent",这个话题非常热门。,Zhège huàtí fēicháng rèmén.,Chủ đề này rất hot.,This topic is very hot.,6
1534,仁慈,réncí,"Nhân từ, nhân hậu","Kindness, benevolence",他是一个仁慈的人。,Tā shì yī gè réncí de rén.,Anh ấy là một người nhân từ.,He is a kind person.,6
1535,人道,réndào,Nhân đạo,Humanity,他们提倡人道待遇。,Tāmen tíchàng réndào dàiyù.,Họ khuyến khích đối xử nhân đạo.,They promote humane treatment.,6
1536,人格,réngé,"Nhân cách, phẩm cách","Personality, character",他是一个有尊严的人。,Tā shì yī gè yǒu zūnyán de rén.,Anh ấy là một người có phẩm giá.,He is a man of dignity.,6
1537,人工,réngōng,"Nhân công, lao động",Labor,这种技术需要人工操作。,Zhè zhǒng jìshù xūyào réngōng cāozuò.,Công nghệ này cần thao tác bằng tay.,This technology requires manual operation.,6
1538,人家,rénjiā,"Nhà cửa, gia đình","Home, family",人家都说他很聪明。,Rénjiā dōu shuō tā hěn cōngmíng.,Người ta đều nói anh ấy rất thông minh.,People say he is very smart.,6
1539,人间,rénjiān,"Nhân gian, thế gian",human world,这是人间的天堂。,Zhè shì rénjiān de tiāntáng.,Đây là thiên đường trên trần gian.,This is heaven on earth.,6
1540,人士,rénshì,"Nhân sĩ, người",person,这件事对我们有很大的影响。,Zhè jiàn shì duì wǒmen yǒu hěn dà de yǐngxiǎng.,Việc này có ảnh hưởng lớn đối với chúng tôi.,This has a big impact on us.,6
1541,人为,rénwéi,Do con người làm,Man made,他的成功不是偶然的，而是人为的。,"Tā de chénggōng bù shì ǒurán de, ér shì rénwéi de.",Thành công của anh ấy không phải là ngẫu nhiên mà là do con người tạo ra.,His success is not accidental but man-made.,6
1542,人性,rénxìng,"Nhân tính, bản tính",Human nature,人性有时是复杂的。,Rénxìng yǒushí shì fùzá de.,Tính cách con người đôi khi rất phức tạp.,Human personality is sometimes very complex.,6
1543,人质,rénzhì,"Con tin, người bị bắt","Hostage, captive",绑架者要求人质的家人支付赎金。,Bǎngjià zhě yāoqiú rénzhì de jiārén zhīfù shújīn.,Những kẻ bắt cóc yêu cầu gia đình con tin trả tiền chuộc.,The kidnappers demanded ransom from the hostage's family.,6
1544,忍耐,rěnnài,"Nhẫn nại, chịu đựng","Patience, endurance",你必须学会忍耐。,Nǐ bìxū xuéhuì rěnnài.,Bạn phải học cách kiên nhẫn.,You have to learn to be patient.,6
1545,忍受,rěnshòu,"Chịu đựng, cam chịu","endure, endure",我无法忍受这种痛苦。,Wǒ wúfǎ rěnshòu zhè zhǒng tòngkǔ.,Tôi không thể chịu đựng được nỗi đau này.,I can't stand this pain.,6
1546,认定,rèndìng,"Nhận định, xác định","Assessment, determination",他认定这个计划是可行的。,Tā rèndìng zhège jìhuà shì kěxíng de.,Anh ấy xác định kế hoạch này là khả thi.,He determined that the plan was feasible.,6
1547,认可,rènkě,"Công nhận, phê duyệt","Recognition, approval",他的工作得到了认可。,Tā de gōngzuò dédào le rènkě.,Công việc của anh ấy đã được công nhận.,His work has been recognized.,6
1548,任命,rènmìng,"Bổ nhiệm, cử nhiệm","Appointment, nomination",他被任命为公司经理。,Tā bèi rènmìng wèi gōngsī jīnglǐ.,Anh ấy được bổ nhiệm làm giám đốc công ty.,He was appointed as the director of the company.,6
1549,任性,rènxìng,"Tùy hứng, bướng bỉnh","Stubborn, willful",她有点任性。,Tā yǒudiǎn rènxìng.,Cô ấy hơi bướng bỉnh.,She is a bit stubborn.,6
1550,任意,rènyì,"Tùy ý, tự do","Free, arbitrary",你可以任意选择。,Nǐ kěyǐ rènyì xuǎnzé.,Bạn có thể chọn bất kỳ cái gì.,You can choose anything.,6
1551,任重道远,rènzhòngdàoyuǎn,Trách nhiệm nặng nề và đường dài,Heavy responsibility and long distance,我们的任务任重道远。,Wǒmen de rènwù rènzhòngdàoyuǎn.,Nhiệm vụ của chúng ta còn rất nặng nề và xa xôi.,Our task is still very heavy and far-reaching.,6
1552,仍旧,réngjiù,Vẫn như cũ,Same as before,他仍旧没有改变他的计划。,Tā réngjiù méiyǒu gǎibiàn tā de jìhuà.,Anh ấy vẫn không thay đổi kế hoạch của mình.,He still hasn't changed his plans.,6
1553,日新月异,rìxīnyuèyì,Thay đổi từng ngày,Changing every day,现代科技日新月异。,Xiàndài kējì rì xīn yuè yì.,Khoa học kỹ thuật hiện đại thay đổi từng ngày.,Modern science and technology change every day.,6
1554,日益,rìyì,Ngày càng,More and more,他的英语水平日益提高。,Tā de yīngyǔ shuǐpíng rìyì tígāo.,Trình độ tiếng Anh của anh ấy ngày càng tiến bộ.,His English is improving.,6
1555,溶解,róngjiě,Hòa tan,Dissolve,这种物质可以溶解在水中。,Zhè zhǒng wùzhì kěyǐ róngjiě zài shuǐ zhōng.,Chất này có thể tan trong nước.,This substance is soluble in water.,6
1556,容貌,róngmào,Dung mạo,Face,她的容貌非常美丽。,Tā de róngmào fēicháng měilì.,Vẻ ngoài của cô ấy rất đẹp.,She looks very beautiful.,6
1557,容纳,róngnà,Chứa đựng,Contains,这个房间可以容纳50人。,Zhège fángjiān kěyǐ róngnà 50 rén.,Phòng này có thể chứa được 50 người.,This room can accommodate 50 people.,6
1558,容器,róngqì,"Đồ đựng, dụng cụ chứa",Containers,请把液体倒入这个容器中。,Qǐng bǎ yètǐ dàorù zhège róngqì zhōng.,Xin hãy đổ chất lỏng vào trong vật chứa này.,Please pour liquid into this container.,6
1559,融洽,róngqià,"Hòa hợp, êm thấm","Harmonious, smooth",他们的关系非常融洽。,Tāmen de guānxì fēicháng róngqià.,Mối quan hệ của họ rất hòa hợp.,Their relationship is very harmonious.,6
1560,容忍,róngrěn,"Chịu đựng, nhẫn nhịn","Endure, be patient",我们必须学会容忍不同的意见。,Wǒmen bìxū xuéhuì róngrěn bùtóng de yìjiàn.,Chúng ta phải học cách chịu đựng những ý kiến khác nhau.,We must learn to tolerate different opinions.,6
1561,揉,róu,"Xoa, bóp",Massage,她轻轻地揉了揉眼睛。,Tā qīngqīng de róu le róu yǎnjīng.,Cô ấy nhẹ nhàng xoa mắt.,She rubbed her eyes gently.,6
1562,柔和,róuhé,"Dịu dàng, mềm mại","Gentle, soft",他的声音非常柔和。,Tā de shēngyīn fēicháng róuhé.,Giọng nói của anh ấy rất dịu dàng.,His voice is very gentle.,6
1563,弱点,ruòdiǎn,Điểm yếu,Weaknesses,每个人都有弱点。,Měi gèrén dōu yǒu ruòdiǎn.,Mỗi người đều có điểm yếu.,Everyone has weaknesses.,6
1564,若干,ruògān,"Một vài, bao nhiêu","a few, how many",你可以问我若干问题。,Nǐ kěyǐ wèn wǒ ruògān wèntí.,Bạn có thể hỏi tôi một vài câu hỏi.,You can ask me some questions.,6
1565,撒谎,sāhuǎng,Nói dối,Lie,他撒谎了。,Tā sāhuǎng le.,Anh ấy đã nói dối.,He lied.,6
1566,腮,sāi,"Má, cằm","Cheeks, chin",她的腮很红。,Tā de sāi hěn hóng.,Má của cô ấy rất đỏ.,Her cheeks are very red.,6
1567,三角,sānjiǎo,Tam giác,Triangle,这个三角形有三个角。,Zhège sānjiǎoxíng yǒu sān gè jiǎo.,Hình tam giác này có ba góc.,This triangle has three angles.,6
1568,散文,sǎnwén,Tản văn,Essays,他写了一篇散文。,Tā xiě le yī piān sǎnwén.,Anh ấy đã viết một bài tản văn.,He wrote an essay.,6
1569,散发,sànfā,"Tỏa ra, phát tán","radiate, radiate",这个房间散发着香气。,Zhège fángjiān sànfā zhe xiāngqì.,Phòng này tỏa ra mùi thơm.,This room smells good.,6
1570,丧失,sàngshī,Mất mát,Loss,他丧失了信心。,Tā sàngshī le xìnxīn.,Anh ấy đã mất niềm tin.,He lost faith.,6
1571,嫂子,sǎozi,Chị dâu,Sister in law,她是我的嫂子。,Tā shì wǒ de sǎozi.,Cô ấy là chị dâu của tôi.,She is my sister in law.,6
1572,色彩,sècǎi,Màu sắc,Color,这个画作的色彩非常鲜艳。,Zhège huàzuò de sècǎi fēicháng xiānyàn.,Màu sắc của bức tranh này rất tươi sáng.,The colors of this painting are very bright.,6
1573,刹车,shāchē,"Phanh, thắng","Brake, brake",刹车系统需要检查。,Shāchē xìtǒng xūyào jiǎnchá.,Hệ thống phanh cần được kiểm tra.,The brake system needs to be checked.,6
1574,啥,shá,"Gì (dạng khẩu ngữ của ""什么"")","What (colloquial form of ""什么"")",你在干啥呢？,Nǐ zài gàn shá ne?,Bạn đang làm gì vậy?,What are you doing?,6
1575,筛选,shāixuǎn,"Sàng lọc, tuyển chọn","Screening, selection",我们需要筛选最好的候选人。,Wǒmen xūyào shāixuǎn zuì hǎo de hòuxuǎnrén.,Chúng ta cần chọn lọc ứng viên tốt nhất.,We need to select the best candidates.,6
1576,山脉,shānmài,Dãy núi,Mountain,这座山脉很壮观。,Zhè zuò shānmài hěn zhuàngguān.,Dãy núi này rất hùng vĩ.,This mountain range is majestic.,6
1577,闪烁,shǎnshuò,"Lấp lánh, lung linh","Sparkle, sparkle",星星在天空中闪烁。,Xīngxīng zài tiānkōng zhōng shǎnshuò.,Những ngôi sao lấp lánh trên bầu trời.,The stars twinkle in the sky.,6
1578,擅长,shàncháng,"Giỏi về, sở trường","Good at, specialty",他擅长绘画。,Tā shàncháng huìhuà.,Anh ấy giỏi vẽ tranh.,He is good at drawing.,6
1579,擅自,shànzì,"Tự ý, tự tiện","Arbitrary, arbitrary",不要擅自行动。,Bùyào shànzì xíngdòng.,Đừng hành động tùy tiện.,Don't act rashly.,6
1580,扇子,shànzi,Quạt,Fan,她给我买了一把扇子。,Tā gěi wǒ mǎi le yī bǎ shànzi.,Cô ấy đã mua cho tôi một chiếc quạt.,She bought me a fan.,6
1581,商标,shāngbiāo,Thương hiệu,Trademark,这个商标很有名。,Zhège shāngbiāo hěn yǒumíng.,Thương hiệu này rất nổi tiếng.,This brand is very famous.,6
1582,伤脑筋,shāng nǎojīn,"Đau đầu, khó khăn","Headache, difficulty",这个问题真是伤脑筋。,Zhège wèntí zhēn shì shāng nǎojīn.,Vấn đề này thật đau đầu.,This problem is really a headache.,6
1583,上级,shàngjí,Cấp trên,Superior,你需要向上级汇报。,Nǐ xūyào xiàng shàngjí huìbào.,Bạn cần báo cáo với cấp trên.,You need to report to your superiors.,6
1584,上进心,shàngjìnxīn,Tinh thần cầu tiến,Progressive spirit,他有很强的上进心。,Tā yǒu hěn qiáng de shàngjìn xīn.,Anh ấy có động lực tiến bộ rất mạnh.,He has a very strong drive to improve.,6
1585,上任,shàngrèn,Nhậm chức,Inauguration,新上任的经理很有能力。,Xīn shàngrèn de jīnglǐ hěn yǒu nénglì.,Giám đốc mới nhậm chức rất có năng lực.,The new director is very capable.,6
1586,上瘾,shàngyǐn,Nghiện,Addiction,他对咖啡上瘾了。,Tā duì kāfēi shàngyǐn le.,Anh ấy nghiện cà phê.,He is addicted to coffee.,6
1587,上游,shàngyóu,"Thượng nguồn, phần tiên tiến","Upstream, advanced part",这条河的上游很清澈。,Zhè tiáo hé de shàngyóu hěn qīngchè.,Thượng nguồn của con sông này rất trong sạch.,The upper source of this river is very clean.,6
1588,梢,shāo,"Ngọn, chóp","Top, tip",树梢上有一只鸟。,Shùshāo shàng yǒu yī zhǐ niǎo.,Trên ngọn cây có một con chim.,There is a bird on the tree.,6
1589,捎,shāo,"Mang theo, đưa cho","Bring, give",请把这封信捎给他。,Qǐng bǎ zhè fēng xìn shāo gěi tā.,Hãy mang lá thư này cho anh ấy.,Take this letter to him.,6
1590,哨,shào,"Còi, kèn","whistle, trumpet",哨声响起，比赛开始了。,"Shào shēng xiǎng qǐ, bǐsài kāishǐ le.","Tiếng còi vang lên, trận đấu bắt đầu.",The whistle blew and the game began.,6
1591,奢侈,shēchǐ,Xa xỉ,Luxury,她喜欢奢侈品。,Tā xǐhuān shēchǐ pǐn.,Cô ấy thích hàng xa xỉ.,She likes luxury goods.,6
1592,涉及,shèjí,Liên quan đến,Related to,这件事涉及到很多人。,Zhè jiàn shì shèjí dào hěn duō rén.,Việc này liên quan đến nhiều người.,This involves many people.,6
1593,设立,shèlì,"Thiết lập, thành lập","Set up, establish",我们决定设立一个新项目。,Wǒmen juédìng shèlì yī gè xīn xiàngmù.,Chúng ta quyết định thành lập một dự án mới.,We decided to create a new project.,6
1594,社区,shèqū,"Cộng đồng, khu vực","Community, region",这个社区很安全。,Zhège shèqū hěn ānquán.,Khu vực này rất an toàn.,This area is very safe.,6
1595,摄取,shèqǔ,"Hấp thụ, tiếp thu","Absorb, receive",摄取足够的营养对健康很重要。,Shèqǔ zúgòu de yíngyǎng duì jiànkāng hěn zhòngyào.,Hấp thụ đủ dinh dưỡng rất quan trọng đối với sức khỏe.,Getting adequate nutrition is important for good health.,6
1596,摄氏度,shèshìdù,Độ Celsius,Celsius,水的摄氏度是零度。,Shuǐ de shèshìdù shì língdù.,Nhiệt độ của nước là 0 độ C.,The temperature of the water is 0 degrees Celsius.,6
1597,设想,shèxiǎng,"Dự tính, giả định","Estimate, assumption",我们需要设想未来的发展。,Wǒmen xūyào shèxiǎng wèilái de fāzhǎn.,Chúng ta cần tưởng tượng sự phát triển trong tương lai.,We need to imagine future developments.,6
1598,设置,shèzhì,"Lắp đặt, thiết lập","Installation, setup",这个设备很先进。,Zhège shèbèi hěn xiānjìn.,Thiết bị này rất tiên tiến.,This device is very advanced.,6
1599,深奥,shēn'ào,"Sâu sắc, khó hiểu","Deep, difficult to understand",这个问题非常深奥。,Zhège wèntí fēicháng shēn'ào.,Vấn đề này rất phức tạp.,This issue is very complicated.,6
1600,申报,shēnbào,"Trình báo, khai báo","Report, declare",我们需要申报个人所得税。,Wǒmen xūyào shēnbào gèrén suǒdéshuì.,Chúng ta cần khai báo thuế thu nhập cá nhân.,We need to declare personal income tax.,6
1601,深沉,shēnchén,"Sâu sắc, thâm trầm","Deep, profound",他的声音很深沉。,Tā de shēngyīn hěn shēnchén.,Giọng nói của anh ấy rất trầm.,His voice is very deep.,6
1602,深情厚谊,shēnqíng hòuyì,Tình cảm sâu đậm,deep affection,他们之间有着深情厚谊。,Tāmen zhījiān yǒuzhe shēnqíng hòuyì.,Họ có tình cảm sâu nặng.,They have deep feelings.,6
1603,绅士,shēnshì,"Quý ông, người lịch sự","Gentleman, polite person",他是个绅士。,Tā shì gè shēnshì.,Anh ấy là một quý ông.,He is a gentleman.,6
1604,呻吟,shēnyín,Rên rỉ,Wail,他在床上呻吟。,Tā zài chuáng shàng shēnyín.,Anh ấy rên rỉ trên giường.,He groaned on the bed.,6
1605,神奇,shénqí,Kỳ diệu,Marvelous,这个地方真是神奇。,Zhège dìfāng zhēn shì shénqí.,Nơi này thật kỳ diệu.,This place is magical.,6
1606,神气,shénqì,"Vẻ, dáng vẻ",appearance,他看起来神气十足。,Tā kàn qǐlái shénqì shízú.,Anh ấy trông rất oai phong.,He looks very majestic.,6
1607,神情,shénqíng,"Thần thái, cảm xúc","Demeanor, emotion",她的神情很平静。,Tā de shénqíng hěn píngjìng.,Biểu cảm của cô ấy rất bình tĩnh.,Her expression was calm.,6
1608,神色,shénsè,Thần sắc,Aspect,他的神色很严肃。,Tā de shénsè hěn yánsù.,Vẻ mặt của anh ấy rất nghiêm túc.,His face was very serious.,6
1609,神圣,shénshèng,Thần thánh,Hallow,这是一项神圣的任务。,Zhè shì yī xiàng shénshèng de rènwù.,Đây là một nhiệm vụ thiêng liêng.,This is a sacred duty.,6
1610,神态,shéntài,"Thần thái, dáng vẻ","Demeanor, appearance",他的神态自若。,Tā de shéntài zìruò.,Thái độ của anh ấy rất tự nhiên.,His attitude is very natural.,6
1611,神仙,shénxiān,Thần tiên,Fairy,神仙的故事很有趣。,Shénxiān de gùshì hěn yǒuqù.,Câu chuyện về thần tiên rất thú vị.,The fairy tale is very interesting.,6
1612,审查,shěnchá,Thẩm tra,Examine,我们需要审查这些文件。,Wǒmen xūyào shěnchá zhèxiē wénjiàn.,Chúng ta cần kiểm tra những tài liệu này.,We need to check these documents.,6
1613,审理,shěnlǐ,Xét xử,Trial,法庭开始审理此案。,Fǎtíng kāishǐ shěnlǐ cǐ'àn.,Tòa án bắt đầu xét xử vụ án này.,The court began hearing the case.,6
1614,审美,shěnměi,Thẩm mỹ,Aesthetics,她对审美有独特的见解。,Tā duì shěnměi yǒu dútè de jiànjiě.,Cô ấy có quan điểm độc đáo về thẩm mỹ.,She has a unique perspective on aesthetics.,6
1615,审判,shěnpàn,"Xét xử, phán xét","Trial, judgment",他被判处终身监禁。,Tā bèi pànchǔ zhōngshēn jiānjìn.,Anh ấy bị kết án tù chung thân.,He was sentenced to life in prison.,6
1616,渗透,shèntòu,"Thẩm thấu, thấm vào","Penetrate, permeate",这些信息已经渗透到各个角落。,Zhèxiē xìnxī yǐjīng shèntòu dào gège jiǎoluò.,Những thông tin này đã thấm vào mọi ngóc ngách.,This information has permeated every corner.,6
1617,慎重,shènzhòng,Cẩn trọng,Be careful,我们需要慎重考虑。,Wǒmen xūyào shènzhòng kǎolǜ.,Chúng ta cần cân nhắc thận trọng.,We need to consider carefully.,6
1618,牲畜,shēngchù,Gia súc,Cattle,这个农场有很多牲畜。,Zhège nóngchǎng yǒu hěnduō shēngchù.,Trang trại này có nhiều gia súc.,This farm has a lot of cattle.,6
1619,生存,shēngcún,Sinh tồn,Survival,动物在野外生存很困难。,Dòngwù zài yěwài shēngcún hěn kùnnán.,Động vật sống sót ngoài tự nhiên rất khó khăn.,It is very difficult for animals to survive in the wild.,6
1620,生机,shēngjī,Sức sống,Vitality,春天带来了新的生机。,Chūntiān dàilái le xīn de shēngjī.,Mùa xuân mang đến sức sống mới.,Spring brings new life.,6
1621,生理,shēnglǐ,Sinh lý,Physiologic,生理健康非常重要。,Shēnglǐ jiànkāng fēicháng zhòngyào.,Sức khỏe sinh lý rất quan trọng.,Sexual health is very important.,6
1622,声明,shēngmíng,Tuyên bố,Declare,公司发布了一项重要声明。,Gōngsī fābù le yī xiàng zhòngyào shēngmíng.,Công ty đã đưa ra một thông báo quan trọng.,The company has made an important announcement.,6
1623,声势,shēngshì,Thanh thế,Prestige,他的声势越来越大。,Tā de shēngshì yuè lái yuè dà.,Thanh thế của anh ấy ngày càng lớn.,His prestige is growing.,6
1624,生疏,shēngshū,"Lạ lẫm, không quen thuộc","Strange, unfamiliar",他对新环境感到生疏。,Tā duì xīn huánjìng gǎndào shēngshū.,Anh ấy cảm thấy lạ lẫm với môi trường mới.,He felt strange in the new environment.,6
1625,生态,shēngtài,Sinh thái,Ecology,保护生态环境很重要。,Bǎohù shēngtài huánjìng hěn zhòngyào.,Bảo vệ môi trường sinh thái rất quan trọng.,Protecting the ecological environment is very important.,6
1626,生物,shēngwù,Sinh vật,Creature,生物多样性对生态平衡很重要。,Shēngwù duōyàng xìng duì shēngtài pínghéng hěn zhòngyào.,Đa dạng sinh học rất quan trọng đối với cân bằng sinh thái.,Biodiversity is important for ecological balance.,6
1627,生效,shēngxiào,Có hiệu lực,Effective,这项法律开始生效。,Zhè xiàng fǎlǜ kāishǐ shēngxiào.,Luật này bắt đầu có hiệu lực.,This law comes into effect.,6
1628,生锈,shēngxiù,Bị gỉ sét,Rusted,铁会在潮湿的环境中生锈。,Tiě huì zài cháoshī de huánjìng zhōng shēngxiù.,Sắt sẽ bị rỉ sét trong môi trường ẩm ướt.,Iron will rust in a humid environment.,6
1629,生育,shēngyù,Sinh sản,Reproduction,计划生育政策在中国很普遍。,Jìhuà shēngyù zhèngcè zài Zhōngguó hěn pǔbiàn.,Chính sách kế hoạch hóa gia đình rất phổ biến ở Trung Quốc.,Family planning policies are very popular in China.,6
1630,声誉,shēngyù,Danh tiếng,Reputation,他在国际上享有很高的声誉。,Tā zài guójì shàng xiǎngyǒu hěn gāo de shēngyù.,Anh ấy có danh tiếng cao trên thế giới.,He has a high reputation in the world.,6
1631,省会,shěnghuì,Thủ phủ tỉnh,Provincial capital,省会城市通常是该省的政治中心。,Shěnghuì chéngshì tōngcháng shì gāi shěng de zhèngzhì zhōngxīn.,Thành phố thủ phủ thường là trung tâm chính trị của tỉnh.,The capital city is usually the political center of the province.,6
1632,盛产,shèngchǎn,"Sản xuất nhiều, phong phú","Produce a lot, rich",这个地区盛产水果。,Zhège dìqū shèngchǎn shuǐguǒ.,Khu vực này nổi tiếng về sản xuất trái cây.,This area is famous for fruit production.,6
1633,胜负,shèngfù,Thắng thua,Win or lose,比赛结果取决于胜负。,Bǐsài jiéguǒ qǔjué yú shèngfù.,Kết quả trận đấu phụ thuộc vào thắng thua.,The outcome of the match depends on winning or losing.,6
1634,盛开,shèngkāi,Nở rộ,Bloom,春天，花朵盛开。,"Chūntiān, huāduǒ shèngkāi.","Mùa xuân, hoa nở rộ.","Spring, flowers bloom.",6
1635,盛情,shèngqíng,"Nồng hậu, ân cần","Warm, caring",他对我们表示盛情款待。,Tā duì wǒmen biǎoshì shèngqíng kuǎndài.,Anh ấy đã tiếp đãi chúng tôi rất nồng hậu.,He treated us very warmly.,6
1636,盛行,shèngxíng,Thịnh hành,Prevailing,这种风格在当地盛行。,Zhè zhǒng fēnggé zài dāngdì shèngxíng.,Phong cách này rất phổ biến ở địa phương.,This style is very popular locally.,6
1637,师范,shīfàn,Sư phạm,Pedagogy,他在师范学校学习。,Tā zài shīfàn xuéxiào xuéxí.,Anh ấy học ở trường sư phạm.,He studied at a teacher training college.,6
1638,施加,shījiā,"Áp đặt, tác động","Imposition, impact",我们必须施加压力。,Wǒmen bìxū shījiā yālì.,Chúng ta phải gây áp lực.,We have to put pressure.,6
1639,尸体,shītǐ,Thi thể,Body,他们找到了尸体。,Tāmen zhǎodào le shītǐ.,Họ đã tìm thấy thi thể.,They found the body.,6
1640,失误,shīwù,"Sai lầm, lỗi lầm","mistake, mistake",他的演讲中有几次失误。,Tā de yǎnjiǎng zhōng yǒu jǐ cì shīwù.,Trong bài phát biểu của anh ấy có vài lỗi.,There were some mistakes in his speech.,6
1641,施展,shīzhǎn,"Phát huy, thực hiện","Promote, implement",她在比赛中施展了全部实力。,Tā zài bǐsài zhōng shīzhǎn le quánbù shílì.,Cô ấy đã phô diễn toàn bộ năng lực trong cuộc thi.,She showed her full potential in the competition.,6
1642,狮子,shīzi,Sư tử,Lion,动物园里有一只狮子。,Dòngwùyuán lǐ yǒu yī zhǐ shīzi.,Trong sở thú có một con sư tử.,There is a lion in the zoo.,6
1643,失踪,shīzōng,Mất tích,Missing,他失踪已经三天了。,Tā shīzōng yǐjīng sān tiān le.,Anh ấy đã mất tích ba ngày rồi.,He has been missing for three days.,6
1644,拾,shí,"Nhặt, lượm",Pick up,他在街上捡到了一些钱。,Tā zài jiē shàng jiǎndào le yīxiē qián.,Anh ấy nhặt được một ít tiền trên đường.,He picked up some money on the street.,6
1645,识别,shíbié,"Nhận biết, phân biệt","Recognize, distinguish",这种花很容易识别。,Zhè zhǒng huā hěn róngyì shíbié.,Loại hoa này rất dễ nhận biết.,This flower is very easy to recognize.,6
1646,时差,shíchā,Chênh lệch múi giờ,Time zone difference,由于时差，他感到很累。,"Yóuyú shíchā, tā gǎndào hěn lèi.","Do chênh lệch múi giờ, anh ấy cảm thấy rất mệt.","Because of the time difference, he felt very tired.",6
1647,时常,shícháng,Thường xuyên,Frequent,她时常去健身房锻炼。,Tā shícháng qù jiànshēnfáng duànliàn.,Cô ấy thường xuyên đi tập gym.,She goes to the gym regularly.,6
1648,时而,shí'ér,"Thỉnh thoảng, đôi khi","Sometimes, sometimes",他时而工作，时而休息。,"Tā shí'ér gōngzuò, shí'ér xiūxí.","Anh ấy lúc thì làm việc, lúc thì nghỉ ngơi.",He sometimes works and sometimes rests.,6
1649,时光,shíguāng,Thời gian,Time,时光飞逝，我们已经毕业了。,"Shíguāng fēishì, wǒmen yǐjīng bìyè le.","Thời gian trôi nhanh, chúng ta đã tốt nghiệp rồi.","Time flies, we have graduated.",6
1650,实惠,shíhuì,"Giá trị thực, có lợi ích thực sự","Real value, real benefits",这家餐厅提供实惠的午餐。,Zhè jiā cāntīng tígōng shíhuì de wǔcān.,Nhà hàng này cung cấp bữa trưa giá rẻ.,This restaurant offers cheap lunches.,6
1651,时机,shíjī,"Thời cơ, cơ hội",opportunity,这是一个重要的时机。,Zhè shì yī gè zhòngyào de shíjī.,Đây là một cơ hội quan trọng.,This is an important opportunity.,6
1652,实力,shílì,Thực lực,Strength,他的实力不容小觑。,Tā de shílì bùróng xiǎoqù.,Thực lực của anh ấy không thể coi thường.,His strength cannot be underestimated.,6
1653,实施,shíshī,"Thực thi, thực hiện","Execute, execute",政府计划实施新政策。,Zhèngfǔ jìhuà shíshī xīn zhèngcè.,Chính phủ dự định thực hiện chính sách mới.,The government plans to implement a new policy.,6
1654,时事,shíshì,Thời sự,News,我喜欢阅读有关时事的文章。,Wǒ xǐhuān yuèdú yǒuguān shíshì de wénzhāng.,Tôi thích đọc các bài viết về thời sự.,I like reading articles about current events.,6
1655,实事求是,shíshìqiúshì,Thực sự cầu thị,Really open-minded,我们需要实事求是地看待问题。,Wǒmen xūyào shíshìqiúshì de kàndài wèntí.,Chúng ta cần nhìn nhận vấn đề một cách thực tế.,We need to look at the problem realistically.,6
1656,石油,shíyóu,Dầu mỏ,Oil,石油是重要的能源资源。,Shíyóu shì zhòngyào de néngyuán zīyuán.,Dầu mỏ là nguồn năng lượng quan trọng.,Petroleum is an important source of energy.,6
1657,实质,shízhì,Thực chất,In fact,我们需要理解事物的实质。,Wǒmen xūyào lǐjiě shìwù de shízhì.,Chúng ta cần hiểu rõ bản chất của sự việc.,We need to understand the nature of things.,6
1658,时装,shízhuāng,Thời trang,Fashion,她喜欢穿时装。,Tā xǐhuān chuān shízhuāng.,Cô ấy thích mặc trang phục thời trang.,She likes to wear fashionable clothes.,6
1659,十足,shízú,"Đầy đủ, hoàn toàn","Full, complete",他的解释十足有力。,Tā de jiěshì shízú yǒulì.,Lời giải thích của anh ấy rất thuyết phục.,His explanation was convincing.,6
1660,使命,shǐmìng,Sứ mệnh,Mission,我们的使命是保护环境。,Wǒmen de shǐmìng shì bǎohù huánjìng.,Sứ mệnh của chúng tôi là bảo vệ môi trường.,Our mission is to protect the environment.,6
1661,势必,shìbì,Chắc chắn,Sure,他势必会成功。,Tā shìbì huì chénggōng.,Anh ấy chắc chắn sẽ thành công.,He will definitely succeed.,6
1662,世代,shìdài,Thế hệ,Generation,这个传统世代相传。,Zhège chuántǒng shìdài xiāngchuán.,Truyền thống này được truyền từ thế hệ này sang thế hệ khác.,This tradition is passed down from generation to generation.,6
1663,示范,shìfàn,"Làm mẫu, mô phỏng","Modeling, simulation",老师示范了如何解决这个问题。,Lǎoshī shìfàn le rúhé jiějué zhège wèntí.,Giáo viên đã làm mẫu cách giải quyết vấn đề này.,The teacher demonstrated how to solve this problem.,6
1664,释放,shìfàng,Giải phóng,Free,他被释放了。,Tā bèi shìfàng le.,Anh ấy đã được thả.,He was released.,6
1665,是非,shìfēi,"Đúng sai, thị phi","Right and wrong, right and wrong",我们需要分辨是非。,Wǒmen xūyào fēnbiàn shìfēi.,Chúng ta cần phân biệt đúng sai.,We need to distinguish right from wrong.,6
1666,事故,shìgù,Sự cố,Problem,事故发生后，交通被封闭了。,"Shìgù fāshēng hòu, jiāotōng bèi fēngbì le.","Sau khi tai nạn xảy ra, giao thông đã bị phong tỏa.","After the accident, traffic was blocked.",6
1667,事迹,shìjì,"Sự tích, hành động đáng chú ý",Notable events and actions,他的事迹激励了很多人。,Tā de shìjì jīlì le hěn duō rén.,Thành tích của anh ấy đã truyền cảm hứng cho nhiều người.,His achievements have inspired many people.,6
1668,事件,shìjiàn,Sự kiện,Event,这次事件引起了广泛关注。,Zhè cì shìjiàn yǐnqǐ le guǎngfàn guānzhù.,Sự kiện này đã thu hút sự quan tâm rộng rãi.,This event attracted widespread attention.,6
1669,世界观,shìjièguān,Thế giới quan,World view,每个人都有不同的世界观。,Měi gèrén dōu yǒu bùtóng de shìjièguān.,Mỗi người có một thế giới quan khác nhau.,Each person has a different world view.,6
1670,视力,shìlì,Thị lực,Vision,他的视力很好。,Tā de shìlì hěn hǎo.,Thị lực của anh ấy rất tốt.,His eyesight is very good.,6
1671,势力,shìlì,Thế lực,Power,他的势力遍布全国。,Tā de shìlì biànbù quánguó.,Thế lực của anh ấy lan rộng khắp cả nước.,His influence spread throughout the country.,6
1672,逝世,shìshì,Qua đời,Passed away,他的逝世让大家很悲伤。,Tā de shìshì ràng dàjiā hěn bēishāng.,Sự qua đời của anh ấy khiến mọi người rất buồn.,His death left everyone very sad.,6
1673,事态,shìtài,Tình hình,Situation,我们需要关注事态的发展。,Wǒmen xūyào guānzhù shìtài de fāzhǎn.,Chúng ta cần theo dõi diễn biến tình hình.,We need to monitor the situation.,6
1674,试图,shìtú,"Thử, cố gắng","Try, try",他试图解决这个问题。,Tā shìtú jiějué zhège wèntí.,Anh ấy cố gắng giải quyết vấn đề này.,He tried to solve this problem.,6
1675,示威,shìwēi,Biểu tình,Protest,他们正在示威抗议。,Tāmen zhèngzài shìwēi kàngyì.,Họ đang biểu tình phản đối.,They are protesting.,6
1676,事务,shìwù,Công việc,Job,他负责管理日常事务。,Tā fùzé guǎnlǐ rìcháng shìwù.,Anh ấy phụ trách quản lý công việc hàng ngày.,He is in charge of day-to-day management.,6
1677,视线,shìxiàn,Tầm nhìn,Vision,他的视线集中在屏幕上。,Tā de shìxiàn jízhōng zài píngmù shàng.,Ánh mắt của anh ấy tập trung vào màn hình.,His eyes were focused on the screen.,6
1678,事项,shìxiàng,"Hạng mục, vấn đề","Category, issue",请填写这些事项。,Qǐng tiánxiě zhèxiē shìxiàng.,Vui lòng điền vào các mục này.,Please fill in these fields.,6
1679,试验,shìyàn,Thí nghiệm,Experiment,这个新药正在试验中。,Zhège xīnyào zhèngzài shìyàn zhōng.,Loại thuốc mới này đang được thử nghiệm.,This new drug is being tested.,6
1680,视野,shìyě,Tầm nhìn,Vision,他的视野很开阔。,Tā de shìyě hěn kāikuò.,Tầm nhìn của anh ấy rất rộng.,His vision is very broad.,6
1681,事业,shìyè,Sự nghiệp,Career,他在事业上取得了成功。,Tā zài shìyè shàng qǔdé le chénggōng.,Anh ấy đã thành công trong sự nghiệp.,He has been successful in his career.,6
1682,适宜,shìyí,Thích hợp,Fit,这里的气候非常适宜。,Zhèlǐ de qìhòu fēicháng shìyí.,Khí hậu ở đây rất phù hợp.,The climate here is very suitable.,6
1683,示意,shìyì,Ra hiệu,Signal,他向我示意继续前进。,Tā xiàng wǒ shìyì jìxù qiánjìn.,Anh ấy ra hiệu cho tôi tiếp tục tiến lên.,He signaled me to keep going.,6
1684,收藏,shōucáng,"Thu thập, sưu tầm","Collect, collect",她喜欢收藏古董。,Tā xǐhuān shōucáng gǔdǒng.,Cô ấy thích sưu tầm đồ cổ.,She likes collecting antiques.,6
1685,收缩,shōusuō,Co lại,Shrank,我们需要收缩开支。,Wǒmen xūyào shōusuō kāizhī.,Chúng ta cần giảm chi tiêu.,We need to cut spending.,6
1686,收益,shōuyì,Lợi nhuận,Profit,新项目的收益很高。,Xīn xiàngmù de shōuyì hěn gāo.,Lợi nhuận từ dự án mới rất cao.,The profit from the new project is very high.,6
1687,收音机,shōuyīnjī,Đài radio,Radio,他喜欢听收音机。,Tā xǐhuān tīng shōuyīnjī.,Anh ấy thích nghe radio.,He likes listening to the radio.,6
1688,手法,shǒufǎ,"Phương pháp, thủ pháp","Method, technique",他的手法很熟练。,Tā de shǒufǎ hěn shúliàn.,Kỹ thuật của anh ấy rất thành thạo.,His technique is very proficient.,6
1689,守护,shǒuhù,"Bảo vệ, canh giữ","Protect, guard",她守护着病床上的孩子。,Tā shǒuhù zhe bìngchuáng shàng de háizi.,Cô ấy bảo vệ đứa con nằm trên giường bệnh.,She protected her child lying on the hospital bed.,6
1690,手势,shǒushì,"Cử chỉ, động tác tay","Gestures, hand movements",他用手势表示同意。,Tā yòng shǒushì biǎoshì tóngyì.,Anh ấy ra dấu hiệu đồng ý.,He made a sign of agreement.,6
1691,首要,shǒuyào,Quan trọng nhất,Most important,这是一个首要任务。,Zhè shì yī gè shǒuyào rènwù.,Đây là một nhiệm vụ hàng đầu.,This is a top priority.,6
1692,手艺,shǒuyì,Tay nghề,Skill,她的手艺非常精湛。,Tā de shǒuyì fēicháng jīngzhàn.,Tay nghề của cô ấy rất tinh xảo.,Her craftsmanship is exquisite.,6
1693,授予,shòuyǔ,Trao tặng,Give,她被授予了杰出贡献奖。,Tā bèi shòuyǔ le jiéchū gòngxiàn jiǎng.,Cô ấy được trao giải cống hiến xuất sắc.,She was awarded the outstanding contribution award.,6
1694,受罪,shòuzuì,"Chịu tội, khổ sở","Suffering, suffering",他因为贪污受罪了。,Tā yīnwèi tānwū shòuzuì le.,Anh ấy phải chịu tội vì tham nhũng.,He was convicted of corruption.,6
1695,舒畅,shūchàng,Thoải mái,Comfortable,这次旅行让我感到非常舒畅。,Zhè cì lǚxíng ràng wǒ gǎndào fēicháng shūchàng.,Chuyến đi này làm tôi cảm thấy rất thoải mái.,This trip made me feel very comfortable.,6
1696,书法,shūfǎ,Thư pháp,Calligraphy,他的书法作品非常出色。,Tā de shūfǎ zuòpǐn fēicháng chūsè.,Tác phẩm thư pháp của anh ấy rất xuất sắc.,His calligraphy work is excellent.,6
1697,疏忽,shūhū,Sơ suất,Negligence,因为疏忽，他忘记了重要的会议。,"Yīnwèi shūhū, tā wàngjì le zhòngyào de huìyì.","Vì sơ suất, anh ấy quên mất cuộc họp quan trọng.","Due to carelessness, he forgot about the important meeting.",6
1698,书籍,shūjí,Sách vở,Books,我非常喜欢阅读各种书籍。,Wǒ fēicháng xǐhuān yuèdú gèzhǒng shūjí.,Tôi rất thích đọc các loại sách.,I love reading all kinds of books.,6
1699,书记,shūji,Bí thư,Secretary,公司的书记记录了会议纪要。,Gōngsī de shūjì jìlù le huìyì jìyào.,Thư ký của công ty đã ghi chép lại biên bản cuộc họp.,The company secretary took notes of the meeting.,6
1700,书面,shūmiàn,Văn bản,Document,请提交书面报告。,Qǐng tíjiāo shūmiàn bàogào.,Xin vui lòng nộp báo cáo bằng văn bản.,Please submit your report in writing.,6
1701,数,shǔ,"Đếm, số lượng","Count, quantity",这本书的读者数量很多。,Zhè běn shū de dúzhě shùliàng hěn duō.,Cuốn sách này có rất nhiều độc giả.,This book has a wide readership.,6
1702,竖,shù,Dựng đứng,Erect,他在墙上挂了一幅竖画。,Tā zài qiáng shàng guà le yī fú shù huà.,Anh ấy treo một bức tranh dọc trên tường.,He hung a picture vertically on the wall.,6
1703,束,shù,"Bó, gói","Bundle, package",她送了一束花给妈妈。,Tā sòng le yī shù huā gěi māmā.,Cô ấy tặng một bó hoa cho mẹ.,She gave a bouquet of flowers to her mother.,6
1704,数额,shù'é,Số lượng,Quantity,这个项目的资金数额很大。,Zhège xiàngmù de zījīn shù'é hěn dà.,Số tiền đầu tư cho dự án này rất lớn.,The investment for this project is huge.,6
1705,束缚,shùfù,Ràng buộc,Constraints,传统观念束缚了他的思想。,Chuántǒng guānniàn shùfù le tā de sīxiǎng.,Quan niệm truyền thống ràng buộc tư tưởng của anh ấy.,Traditional concepts bound his thinking.,6
1706,树立,shùlì,"Xây dựng, thiết lập","Build, set up",我们应该树立正确的价值观。,Wǒmen yīnggāi shùlì zhèngquè de jiàzhíguān.,Chúng ta nên thiết lập giá trị quan đúng đắn.,We should establish the right values.,6
1707,数目,shùmù,Số lượng,Quantity,这篇文章的字数目有点多。,Zhè piān wénzhāng de zì shùmù yǒudiǎn duō.,Số lượng chữ trong bài viết này hơi nhiều.,The number of words in this article is a bit large.,6
1708,耍,shuǎ,"Chơi đùa, giỡn","play, joke",小孩子喜欢耍玩具。,Xiǎo háizi xǐhuān shuǎ wánjù.,Trẻ con thích chơi đồ chơi.,Children love to play with toys.,6
1709,衰老,shuāilǎo,Già yếu,old and weak,他感觉身体开始衰老。,Tā gǎnjué shēntǐ kāishǐ shuāilǎo.,Anh ấy cảm thấy cơ thể bắt đầu lão hóa.,He felt his body starting to age.,6
1710,衰退,shuāituì,Suy thoái,recession,经济衰退影响了很多企业。,Jīngjì shuāituì yǐngxiǎng le hěn duō qǐyè.,Suy thoái kinh tế ảnh hưởng đến nhiều doanh nghiệp.,The economic recession affected many businesses.,6
1711,率领,shuàilǐng,"Lãnh đạo, dẫn dắt",Leadership,他率领团队完成了任务。,Tā shuàilǐng tuánduì wánchéng le rènwù.,Anh ấy dẫn dắt đội ngũ hoàn thành nhiệm vụ.,He leads the team to complete the mission.,6
1712,涮火锅,shuàn huǒguō,Nhúng lẩu,Hot pot,我们晚上去涮火锅吧。,Wǒmen wǎnshàng qù shuàn huǒguō ba.,Tối nay chúng ta đi ăn lẩu nhé.,Let's go eat hot pot tonight.,6
1713,双胞胎,shuāngbāotāi,Sinh đôi,Twin,他们是一对双胞胎。,Tāmen shì yī duì shuāngbāotāi.,Họ là một cặp song sinh.,They are twins.,6
1714,爽快,shuǎngkuài,Sảng khoái,Refreshing,她的性格非常爽快。,Tā de xìnggé fēicháng shuǎngkuài.,Tính cách của cô ấy rất sảng khoái.,Her personality is very refreshing.,6
1715,水利,shuǐlì,Thủy lợi,Irrigation,这个地方的水利工程很发达。,Zhège dìfāng de shuǐlì gōngchéng hěn fādá.,Công trình thủy lợi ở nơi này rất phát triển.,Irrigation works in this place are very developed.,6
1716,水龙头,shuǐlóngtóu,Vòi nước,Water tap,请关紧水龙头。,Qǐng guān jǐn shuǐlóngtóu.,Vui lòng vặn chặt vòi nước.,Please tighten the faucet.,6
1717,水泥,shuǐní,Xi măng,Cement,他们用水泥建造了这座桥。,Tāmen yòng shuǐní jiànzào le zhè zuò qiáo.,Họ đã dùng xi măng xây dựng cây cầu này.,They used cement to build this bridge.,6
1718,司法,sīfǎ,Tư pháp,Justice,司法系统需要改革。,Sīfǎ xìtǒng xūyào gǎigé.,Hệ thống tư pháp cần được cải cách.,The judicial system needs reform.,6
1719,司令,sīlìng,Tư lệnh,Commander,他是军队的司令。,Tā shì jūnduì de sīlìng.,Anh ấy là tư lệnh của quân đội.,He is the commander of the army.,6
1720,思念,sīniàn,Nhớ nhung,Missing,她每天晚上都思念家人。,Tā měitiān wǎnshàng dōu sīniàn jiārén.,Cô ấy nhớ gia đình mỗi tối.,She misses her family every night.,6
1721,思索,sīsuǒ,"Suy nghĩ, suy xét","Think, consider",他在思索如何解决这个问题。,Tā zài sīsuǒ rúhé jiějué zhège wèntí.,Anh ấy đang suy nghĩ cách giải quyết vấn đề này.,He is thinking of ways to solve this problem.,6
1722,思维,sīwéi,Tư duy,Thinking,他的思维方式很独特。,Tā de sīwéi fāngshì hěn dútè.,Cách tư duy của anh ấy rất độc đáo.,His way of thinking is very unique.,6
1723,斯文,sīwén,"Lịch sự, nhã nhặn","Polite, courteous",他是个斯文的绅士。,Tā shì gè sīwén de shēnshì.,Anh ấy là một quý ông lịch lãm.,He is a gentleman.,6
1724,思绪,sīxù,"Tâm tư, suy nghĩ",Thoughts,她的思绪非常混乱。,Tā de sīxù fēicháng hùnluàn.,Suy nghĩ của cô ấy rất hỗn loạn.,Her thoughts were in turmoil.,6
1725,私自,sīzì,Tự tiện,Arbitrary,他私自离开了工作岗位。,Tā sīzì líkāi le gōngzuò gǎngwèi.,Anh ấy tự ý rời khỏi vị trí công việc.,He left his job voluntarily.,6
1726,死亡,sǐwáng,Tử vong,Death,事故导致两人死亡。,Shìgù dǎozhì liǎng rén sǐwáng.,Tai nạn khiến hai người tử vong.,The accident killed two people.,6
1727,肆无忌惮,sìwújìdàn,"Không kiêng nể, không kiêng dè","No reserve, no reserve",他的行为肆无忌惮。,Tā de xíngwéi sìwújìdàn.,Hành vi của anh ấy không kiêng dè gì.,His behavior is unscrupulous.,6
1728,饲养,sìyǎng,Chăn nuôi,Animal husbandry,她喜欢饲养小动物。,Tā xǐhuān sìyǎng xiǎo dòngwù.,Cô ấy thích nuôi dưỡng động vật nhỏ.,She enjoys raising small animals.,6
1729,四肢,sìzhī,Tứ chi,Limbs,他的四肢非常灵活。,Tā de sìzhī fēicháng línghuó.,Tứ chi của anh ấy rất linh hoạt.,His limbs are very flexible.,6
1730,耸,sǒng,"Cao vút, thẳng đứng","Tall, vertical",他耸了耸肩表示无奈。,Tā sǒng le sǒng jiān biǎoshì wúnài.,Anh ấy nhún vai tỏ ra bất lực.,He shrugged helplessly.,6
1731,艘,sōu,"Chiếc (thuyền, tàu)","The (boat, ship)",港口停靠了几艘大船。,Gǎngkǒu tíngkào le jǐ sōu dàchuán.,Cảng có vài chiếc tàu lớn đang neo đậu.,There are several large ships anchored in the port.,6
1732,搜索,sōusuǒ,Tìm kiếm,Search,我们需要搜索更多的信息。,Wǒmen xūyào sōusuǒ gèng duō de xìnxī.,Chúng ta cần tìm kiếm thêm thông tin.,We need to find more information.,6
1733,苏醒,sūxǐng,"Tỉnh lại, hồi sinh","Wake up, revive",病人已经苏醒了。,Bìngrén yǐjīng sūxǐng le.,Bệnh nhân đã tỉnh lại rồi.,The patient has regained consciousness.,6
1734,俗话,súhuà,Tục ngữ,Byword,俗话说，实践出真知。,"Súhuà shuō, shíjiàn chū zhēnzhī.","Tục ngữ có câu, thực tiễn mới biết rõ.","As the saying goes, practice makes perfect.",6
1735,素食主义,sùshízhǔyì,Chủ nghĩa ăn chay,Vegetarianism,他是一个素食主义者。,Tā shì yī gè sùshí zhǔyì zhě.,Anh ấy là một người theo chủ nghĩa ăn chay.,He is a vegetarian.,6
1736,诉讼,sùsòng,Kiện tụng,Litigation,他们之间的诉讼已经结束了。,Tāmen zhījiān de sùsòng yǐjīng jiéshù le.,Vụ kiện giữa họ đã kết thúc rồi.,The case between them is over.,6
1737,塑造,sùzào,"Tạo hình, hình thành","Form, form",这本书塑造了一个经典人物形象。,Zhè běn shū sùzào le yī gè jīngdiǎn rénwù xíngxiàng.,Cuốn sách này tạo dựng hình tượng một nhân vật kinh điển.,This book creates a classic character.,6
1738,素质,sùzhì,Tố chất,Qualities,她的素质非常高。,Tā de sùzhì fēicháng gāo.,Chất lượng của cô ấy rất cao.,Her quality is very high.,6
1739,算了,suànle,"Bỏ qua, thôi đi","Forget it, let it go.",这次的事情就算了吧。,Zhè cì de shìqíng jiù suànle ba.,Chuyện lần này thôi bỏ qua đi.,Let's forget about this this time.,6
1740,算数,suànshù,"Đếm, tính toán","Count, calculate",我们班的数学考试成绩很好。,Wǒmen bān de shùxué kǎoshì chéngjī hěn hǎo.,Điểm thi toán của lớp chúng tôi rất tốt.,Our class's math test scores were very good.,6
1741,随即,suíjí,Ngay lập tức,Right away,她随即做出了决定。,Tā suíjí zuòchū le juédìng.,Cô ấy lập tức đưa ra quyết định.,She made a decision immediately.,6
1742,随身,suíshēn,Mang theo người,Carry on,她随身带着一本笔记本。,Tā suíshēn dài zhe yī běn bǐjìběn.,Cô ấy mang theo một cuốn sổ ghi chú bên mình.,She carries a notebook with her.,6
1743,随手,suíshǒu,Thuận tay,Handed,他随手把垃圾扔进垃圾桶。,Tā suíshǒu bǎ lājī rēng jìn lājītǒng.,Anh ấy tiện tay vứt rác vào thùng rác.,He casually threw the trash into the trash can.,6
1744,随意,suíyì,Tùy ý,Optional,你可以随意选择菜品。,Nǐ kěyǐ suíyì xuǎnzé càipǐn.,Bạn có thể chọn món ăn tùy ý.,You can choose the dish as you like.,6
1745,隧道,suìdào,Đường hầm,Tunnel,隧道里没有信号。,Suìdào lǐ méiyǒu xìnhào.,Trong đường hầm không có tín hiệu.,There is no signal in the tunnel.,6
1746,岁月,suìyuè,Năm tháng,Years,岁月不饶人。,Suìyuè bù ráo rén.,Thời gian không tha cho ai.,Time spares no one.,6
1747,损坏,sǔnhuài,Hư hỏng,Damage,使用不当会导致设备损坏。,Shǐyòng bùdàng huì dǎozhì shèbèi sǔnhuài.,Sử dụng không đúng cách sẽ dẫn đến thiết bị bị hỏng.,Improper use will result in damage to the device.,6
1748,索赔,suǒpéi,Yêu cầu bồi thường,Claims,他向公司索赔损失。,Tā xiàng gōngsī suǒpéi sǔnshī.,Anh ấy yêu cầu công ty bồi thường thiệt hại.,He asked the company to pay damages.,6
1749,索性,suǒxìng,Dứt khoát,Definitely,他索性不去了。,Tā suǒxìng bù qù le.,Anh ấy thà không đi nữa.,He would rather not go.,6
1750,塌,tā,"Sập, đổ",Collapse,房子倒塌了。,Fángzi dǎotā le.,Ngôi nhà đã đổ sập.,The house collapsed.,6
1751,踏实,tāshi,"Yên tâm, thoải mái","Peace of mind, comfort",他踏实地完成了工作。,Tā tàshi de wánchéng le gōngzuò.,Anh ấy hoàn thành công việc một cách ổn thỏa.,He did the job well.,6
1752,台风,táifēng,Bão tố,Storm,台风将要来袭。,Táifēng jiāngyào láixí.,Bão sẽ đến.,The storm is coming.,6
1753,泰斗,tàidǒu,"Người giỏi nhất, đại thụ","The best, the great",他是学术界的泰斗。,Tā shì xuéshù jiè de tàidǒu.,Anh ấy là cây đại thụ trong giới học thuật.,He is a giant in academia.,6
1754,太空,tàikōng,Không gian,Space,太空探索充满了挑战。,Tàikōng tànsuǒ chōngmǎn le tiǎozhàn.,Khám phá không gian đầy thách thức.,Explore challenging space.,6
1755,瘫痪,tānhuàn,Bại liệt,Paralysis,他的腿因瘫痪而不能行动。,Tā de tuǐ yīn tānhuàn ér bùnéng xíngdòng.,Chân của anh ấy không thể cử động do bị liệt.,His legs cannot move due to paralysis.,6
1756,贪婪,tānlán,Tham lam,Greed,他表现出贪婪的本性。,Tā biǎoxiàn chū tānlán de běnxìng.,Anh ấy thể hiện bản chất tham lam.,He shows greedy nature.,6
1757,摊儿,tānr,Quầy hàng,Counter,我们去街上买摊儿的东西吧。,Wǒmen qù jiē shàng mǎi tān er de dōngxi ba.,Chúng ta ra phố mua đồ ở quầy hàng đi.,Let's go out and buy something at the stall.,6
1758,贪污,tānwū,Tham nhũng,Corruption,他因贪污而被判刑。,Tā yīn tānwū ér bèi pànxíng.,Anh ấy bị kết án vì tham nhũng.,He was convicted of corruption.,6
1759,弹性,tánxìng,Tính đàn hồi,Elasticity,这种材料具有很好的弹性。,Zhè zhǒng cáiliào jùyǒu hěn hǎo de tánxìng.,Loại vật liệu này có độ đàn hồi rất tốt.,This material has very good elasticity.,6
1760,坦白,tǎnbái,"Thẳng thắn, thành thật","Frank, honest",请坦白地告诉我真相。,Qǐng tǎnbái de gàosù wǒ zhēnxiàng.,Xin hãy nói thật cho tôi biết sự thật.,Please tell me the truth.,6
1761,探测,tàncè,Thăm dò,Probe,科学家们正在探测火星的环境。,Kēxuéjiāmen zhèngzài tàncè huǒxīng de huánjìng.,Các nhà khoa học đang thăm dò môi trường của sao Hỏa.,Scientists are exploring the environment of Mars.,6
1762,叹气,tànqì,Thở dài,Sigh,她叹气说，她很累。,"Tā tànqì shuō, tā hěn lèi.",Cô ấy thở dài nói rằng cô ấy rất mệt.,She sighed and said she was very tired.,6
1763,探索,tànsuǒ,Khám phá,Discover,我们一起探索新领域吧。,Wǒmen yīqǐ tànsuǒ xīn lǐngyù ba.,Chúng ta cùng khám phá lĩnh vực mới nhé.,Let's explore new fields.,6
1764,探讨,tàntǎo,Thảo luận,Discuss,我们需要探讨这个问题的解决办法。,Wǒmen xūyào tàntǎo zhège wèntí de jiějué bànfǎ.,Chúng ta cần thảo luận về cách giải quyết vấn đề này.,We need to discuss how to solve this problem.,6
1765,探望,tànwàng,Thăm viếng,Visit,他每周末探望父母。,Tā měi zhōumò tànwàng fùmǔ.,Anh ấy thăm bố mẹ mỗi cuối tuần.,He visits his parents every weekend.,6
1766,糖葫芦,tánghúlu,Kẹo hồ lô,Candied fruit,我喜欢吃糖葫芦。,Wǒ xǐhuān chī tánghúlu.,Tôi thích ăn kẹo hồ lô.,I like to eat candied fruit.,6
1767,掏,tāo,"Móc, lấy ra","Hook, take out",他把垃圾掏出来扔掉了。,Tā bǎ lājī tāo chūlái rēng diào le.,Anh ấy lấy rác ra và vứt đi.,He took out the trash and threw it away.,6
1768,滔滔不绝,tāotāobùjué,"Nói liên tục, không ngừng","Talk continuously, non-stop",他滔滔不绝地讲述着他的故事。,Tā tāotāo bù jué de jiǎngshù zhe tā de gùshì.,Anh ấy kể câu chuyện của mình không ngừng nghỉ.,He told his story without stopping.,6
1769,陶瓷,táocí,Gốm sứ,Ceramic,这些陶瓷工艺品很精美。,Zhèxiē táocí gōngyìpǐn hěn jīngměi.,Những đồ gốm sứ này rất tinh xảo.,These ceramics are very delicate.,6
1770,淘气,táoqì,Nghịch ngợm,Naughty,孩子们有时候会很淘气。,Háizimen yǒu shíhòu huì hěn táoqì.,Trẻ con đôi khi rất nghịch ngợm.,Children are sometimes very naughty.,6
1771,淘汰,táotài,Loại bỏ,Remove,他在比赛中被淘汰了。,Tā zài bǐsài zhōng bèi táotài le.,Anh ấy bị loại trong cuộc thi.,He was eliminated in the competition.,6
1772,讨价还价,tǎojiàhuánjià,Mặc cả,Bargain,他们在市场上讨价还价。,Tāmen zài shìchǎng shàng tǎojiàhuánjià.,Họ mặc cả giá cả tại chợ.,They bargained over prices at the market.,6
1773,特长,tècháng,Sở trường,Forte,他的特长是唱歌。,Tā de tècháng shì chànggē.,Sở trường của anh ấy là hát.,His forte is singing.,6
1774,特定,tèdìng,"Cụ thể, nhất định","Specifically, definitely",这项任务需要特定的技能。,Zhè xiàng rènwù xūyào tèdìng de jìnéng.,Nhiệm vụ này cần kỹ năng đặc biệt.,This task requires special skills.,6
1775,特色,tèsè,Đặc sắc,Featured,这家餐厅有很多特色菜。,Zhè jiā cāntīng yǒu hěnduō tèsè cài.,Nhà hàng này có nhiều món ăn đặc sắc.,This restaurant has many special dishes.,6
1776,提拔,tíbá,Thăng chức,Promote,老板决定提拔他为经理。,Lǎobǎn juédìng tíbá tā wèi jīnglǐ.,Ông chủ quyết định thăng chức anh ấy lên làm quản lý.,The boss decided to promote him to manager.,6
1777,题材,tícái,Đề tài,Topic,这部电影的题材很独特。,Zhè bù diànyǐng de tícái hěn dútè.,Chủ đề của bộ phim này rất độc đáo.,The theme of this movie is very unique.,6
1778,提炼,tíliàn,Tinh luyện,Refined,我们需要提炼出问题的关键点。,Wǒmen xūyào tíliàn chū wèntí de guānjiàn diǎn.,Chúng ta cần rút ra điểm mấu chốt của vấn đề.,We need to get to the heart of the matter.,6
1779,提示,tíshì,Gợi ý,Suggest,老师提示我们要认真复习。,Lǎoshī tíshì wǒmen yào rènzhēn fùxí.,Giáo viên nhắc nhở chúng tôi phải ôn tập chăm chỉ.,The teacher reminded us to study hard.,6
1780,提议,tíyì,Đề nghị,Suggestion,他的提议得到了大家的支持。,Tā de tíyì dédào le dàjiā de zhīchí.,Đề nghị của anh ấy được mọi người ủng hộ.,His proposal was supported by everyone.,6
1781,体谅,tǐliàng,Thông cảm,Sympathize,你需要体谅他的处境。,Nǐ xūyào tǐliàng tā de chǔjìng.,Bạn cần thông cảm cho hoàn cảnh của anh ấy.,You need to sympathize with his situation.,6
1782,体面,tǐmiàn,"Thể diện, diện mạo","Face, appearance",他在公司里很有面子。,Tā zài gōngsī lǐ hěn yǒu miànzi.,Anh ấy rất có thể diện trong công ty.,He is very presentable in the company.,6
1783,体系,tǐxì,Hệ thống,System,这个组织的体系很完善。,Zhège zǔzhī de tǐxì hěn wánshàn.,Hệ thống của tổ chức này rất hoàn chỉnh.,The system of this organization is very complete.,6
1784,天才,tiāncái,Thiên tài,Genius,他是一个天才的音乐家。,Tā shì yī gè tiāncái de yīnyuè jiā.,Anh ấy là một nhạc sĩ thiên tài.,He is a genius musician.,6
1785,天伦之乐,tiānlún zhī lè,Niềm vui gia đình,Family joy,他喜欢与家人共享天伦之乐。,Tā xǐhuān yǔ jiārén gòngxiǎng tiānlún zhī lè.,Anh ấy thích tận hưởng niềm vui gia đình cùng gia đình mình.,He enjoys family fun with his family.,6
1786,天然气,tiānránqì,Khí thiên nhiên,Natural gas,天然气是一种重要的能源。,Tiānránqì shì yī zhǒng zhòngyào de néngyuán.,Khí tự nhiên là một nguồn năng lượng quan trọng.,Natural gas is an important energy source.,6
1787,天生,tiānshēng,Bẩm sinh,Natural,他天生就有音乐才能。,Tā tiānshēng jiù yǒu yīnyuè cáinéng.,Anh ấy bẩm sinh đã có tài năng âm nhạc.,He was born with musical talent.,6
1788,天堂,tiāntáng,Thiên đường,Heaven,天堂是一个充满美好幻想的地方。,Tiāntáng shì yī gè chōngmǎn měihǎo huànxiǎng de dìfāng.,Thiên đường là một nơi đầy những ảo tưởng đẹp đẽ.,Heaven is a place full of beautiful illusions.,6
1789,天文,tiānwén,Thiên văn,Astronomy,他对天文学充满了兴趣。,Tā duì tiānwénxué chōngmǎn le xìngqù.,Anh ấy rất đam mê thiên văn học.,He is very passionate about astronomy.,6
1790,田径,tiánjìng,Điền kinh,Athletics,他参加了全国田径比赛。,Tā cānjiā le quánguó tiánjìng bǐsài.,Anh ấy đã tham gia cuộc thi điền kinh toàn quốc.,He participated in the national athletics competition.,6
1791,舔,tiǎn,Liếm,Lick,小猫喜欢舔它的毛。,Xiǎo māo xǐhuān tiǎn tā de máo.,Con mèo con thích liếm lông của nó.,The kitten likes to lick its fur.,6
1792,挑剔,tiāoti,"Kỹ tính, soi mói",meticulous,她对食物非常挑剔。,Tā duì shíwù fēicháng tiāotì.,Cô ấy rất kén chọn thức ăn.,She is very picky about food.,6
1793,调和,tiáohé,Điều hòa,Air conditioning,他们的关系很调和。,Tāmen de guānxì hěn tiáohé.,Mối quan hệ của họ rất hòa hợp.,Their relationship is very harmonious.,6
1794,调剂,tiáojì,Điều chỉnh,Adjust,他每周调剂一次药品。,Tā měi zhōu tiáojì yīcì yàopǐn.,Anh ấy phân chia thuốc một lần mỗi tuần.,He dispenses the medication once a week.,6
1795,调节,tiáojié,Điều chỉnh,Adjust,我们需要调节室内温度。,Wǒmen xūyào tiáojié shìnèi wēndù.,Chúng ta cần điều chỉnh nhiệt độ trong phòng.,We need to adjust the temperature in the room.,6
1796,调解,tiáojiě,Hòa giải,Reconcile,双方通过调解达成了协议。,Shuāngfāng tōngguò tiáojiě dáchéng le xiéyì.,Hai bên đã đạt được thỏa thuận thông qua hòa giải.,The two sides reached an agreement through conciliation.,6
1797,条款,tiáokuǎn,Điều khoản,Clause,合同的条款需要详细阅读。,Hétóng de tiáokuǎn xūyào xiángxì yuèdú.,Các điều khoản của hợp đồng cần được đọc kỹ lưỡng.,The terms of the contract should be read carefully.,6
1798,条理,tiáolǐ,Trình tự,Sequence,他工作很有条理。,Tā gōngzuò hěn yǒu tiáolǐ.,Anh ấy làm việc rất có tổ chức.,He is very organized at work.,6
1799,调料,tiáoliào,Gia vị,Spice,我们需要购买一些调料。,Wǒmen xūyào gòumǎi yīxiē tiáoliào.,Chúng ta cần mua một số gia vị.,We need to buy some spices.,6
1800,条约,tiáoyuē,Hiệp ước,Pact,两国签署了和平条约。,Liǎng guó qiānshǔ le hépíng tiáoyuē.,Hai nước đã ký kết hiệp ước hòa bình.,The two countries signed a peace treaty.,6
1801,挑拨,tiǎobō,Khiêu khích,Provocative,他在背后挑拨离间。,Tā zài bèihòu tiǎobó líjiàn.,Anh ấy xúi giục và chia rẽ ở phía sau.,He instigated and divided behind the scenes.,6
1802,挑衅,tiǎoxìn,Khiêu chiến,Challenge,他们在边界挑衅。,Tāmen zài biānjiè tiǎoxìn.,Họ đang khiêu khích ở biên giới.,They are provocative at the border.,6
1803,跳跃,tiàoyuè,Nhảy vọt,Leap Forward,小鹿在草地上跳跃。,Xiǎolù zài cǎodì shàng tiàoyuè.,Con nai con nhảy nhót trên cánh đồng cỏ.,The fawn was skipping across the meadow.,6
1804,停泊,tíngbó,Cập bến,Dock,他们的船停泊在港口。,Tāmen de chuán tíngbó zài gǎngkǒu.,Thuyền của họ neo đậu ở cảng.,Their boat is anchored in the harbor.,6
1805,停顿,tíngdùn,Tạm dừng,Pause,他的演讲中有几次停顿。,Tā de yǎnjiǎng zhōng yǒu jǐ cì tíngdùn.,Trong bài phát biểu của anh ấy có vài lần ngừng lại.,There were several pauses in his speech.,6
1806,停滞,tíngzhì,Đình trệ,Stagnant,生产进度停滞不前。,Shēngchǎn jìndù tíngzhì bù qián.,Tiến độ sản xuất bị đình trệ.,Production progress is stalled.,6
1807,亭子,tíngzi,"Đình, chòi","Pavilion, hut",我们在公园里看到了一个亭子。,Wǒmen zài gōngyuán lǐ kàn dào le yī gè tíngzi.,Chúng tôi đã thấy một cái đình trong công viên.,We saw a pavilion in the park.,6
1808,挺拔,tǐngbá,"Cao ráo, thẳng đứng","Tall, straight",他身材挺拔，气质非凡。,"Tā shēncái tǐngbá, qìzhì fēifán.",Anh ấy cao ráo và có khí chất phi phàm.,He is tall and has an extraordinary temperament.,6
1809,通货膨胀,tōnghuò péngzhàng,Lạm phát,Inflationary,通货膨胀导致物价上涨。,Tōnghuò péngzhàng dǎozhì wùjià shàngzhǎng.,Lạm phát dẫn đến giá cả tăng cao.,Inflation leads to rising prices.,6
1810,通俗,tōngsú,Thông thường,Normally,这本书用通俗易懂的语言写成。,Zhè běn shū yòng tōngsú yì dǒng de yǔyán xiě chéng.,Cuốn sách này được viết bằng ngôn ngữ dễ hiểu.,This book is written in easy to understand language.,6
1811,通用,tōngyòng,Phổ biến,Popular,英语是一种通用语言。,Yīngyǔ shì yī zhǒng tōngyòng yǔyán.,Tiếng Anh là một ngôn ngữ phổ biến.,English is a common language.,6
1812,同胞,tóngbāo,Đồng bào,fellow countrymen,他们是亲密的同胞兄弟。,Tāmen shì qīnmì de tóngbāo xiōngdì.,Họ là anh em ruột thân thiết.,They are close brothers.,6
1813,童话,tónghuà,Truyện cổ tích,Fairy tales,童话故事充满了幻想。,Tónghuà gùshì chōngmǎn le huànxiǎng.,Truyện cổ tích đầy sự tưởng tượng.,Fairy tales are full of imagination.,6
1814,铜矿,tóngkuàng,Quặng đồng,Copper ore,这座山有丰富的铜矿资源。,Zhè zuò shān yǒu fēngfù de tóngkuàng zīyuán.,Ngọn núi này có tài nguyên đồng phong phú.,This mountain has rich copper resources.,6
1815,同志,tóngzhì,Đồng chí,Comrade,他是一个热心的同志。,Tā shì yī gè rèxīn de tóngzhì.,Anh ấy là một đồng chí nhiệt tình.,He is an enthusiastic comrade.,6
1816,统筹兼顾,tǒngchóu jiāngù,Tổng thể và toàn diện,Overall and comprehensive,我们要统筹兼顾，全面发展。,"Wǒmen yào tǒngchóu jiāngù, quánmiàn fāzhǎn.",Chúng ta cần phối hợp và phát triển toàn diện.,We need to coordinate and develop comprehensively.,6
1817,统计,tǒngjì,Thống kê,Statistical,统计数据显示，经济在增长。,"Tǒngjì shùjù xiǎnshì, jīngjì zài zēngzhǎng.",Dữ liệu thống kê cho thấy kinh tế đang tăng trưởng.,Statistics show that the economy is growing.,6
1818,统统,tǒngtǒng,Toàn bộ,All,这些问题我统统解决了。,Zhèxiē wèntí wǒ tǒngtǒng jiějué le.,Tôi đã giải quyết tất cả các vấn đề này.,I have solved all these problems.,6
1819,投机,tóujī,"Đầu cơ, cơ hội","Speculation, opportunity",他的做法非常投机。,Tā de zuòfǎ fēicháng tóujī.,Cách làm của anh ấy rất cơ hội.,His approach is very opportunistic.,6
1820,投票,tóupiào,Bỏ phiếu,Vote,我们在投票中支持他。,Wǒmen zài tóupiào zhōng zhīchí tā.,Chúng tôi ủng hộ anh ấy trong cuộc bỏ phiếu.,We support him in the vote.,6
1821,投降,tóuxiáng,Đầu hàng,Surrender,战争结束后，他们被迫投降。,"Zhànzhēng jiéshù hòu, tāmen bèi pò tóuxiáng.","Sau khi chiến tranh kết thúc, họ bị buộc phải đầu hàng.","After the war ended, they were forced to surrender.",6
1822,投掷,tóuzhì,"Ném, quăng","Throw, toss",他用力投掷了石头。,Tā yònglì tóuzhì le shítou.,Anh ấy ném hòn đá rất mạnh.,He threw the rock very hard.,6
1823,秃,tū,Hói,Bald,他的头发开始秃了。,Tā de tóufà kāishǐ tū le.,Tóc của anh ấy bắt đầu rụng.,His hair started falling out.,6
1824,突破,tūpò,Đột phá,Breakthrough,我们需要突破瓶颈。,Wǒmen xūyào tūpò píngjǐng.,Chúng ta cần đột phá khỏi điểm nghẽn.,We need to break through the bottleneck.,6
1825,图案,tú'àn,Họa tiết,Pattern,这个图案非常漂亮。,Zhège tú'àn fēicháng piàoliang.,Hoa văn này rất đẹp.,This pattern is very beautiful.,6
1826,徒弟,túdì,Đệ tử,Disciple,他是我的徒弟。,Tā shì wǒ de túdì.,Anh ấy là đồ đệ của tôi.,He is my disciple.,6
1827,途径,tújìng,"Con đường, cách thức","The way, the way",我们找到了一条新的途径。,Wǒmen zhǎodào le yī tiáo xīn de tújìng.,Chúng tôi đã tìm ra một con đường mới.,We found a new way.,6
1828,涂抹,túmǒ,"Bôi, quét","Smear, sweep",请不要在墙上涂抹。,Qǐng bùyào zài qiáng shàng túmǒ.,Xin đừng bôi bẩn lên tường.,Please do not smear on the wall.,6
1829,土壤,tǔrǎng,Đất đai,Land,土壤中含有丰富的养分。,Tǔrǎng zhōng hányǒu fēngfù de yǎngfèn.,Đất chứa nhiều chất dinh dưỡng.,The soil contains many nutrients.,6
1830,团结,tuánjié,Đoàn kết,Unite,团结就是力量。,Tuánjié jiùshì lìliàng.,Đoàn kết là sức mạnh.,Unity is strength.,6
1831,团体,tuántǐ,Tập thể,Collective,这个团体非常活跃。,Zhège tuántǐ fēicháng huóyuè.,Nhóm này rất năng động.,This group is very active.,6
1832,团员,tuányuán,Đoàn viên,Member,她是团员。,Tā shì tuányuán.,Cô ấy là thành viên của đoàn.,She is a member of the troupe.,6
1833,推测,tuīcè,Suy đoán,Speculation,我们推测他可能在家。,Wǒmen tuīcè tā kěnéng zài jiā.,Chúng tôi đoán rằng anh ấy có thể đang ở nhà.,We guess he might be at home.,6
1834,推翻,tuīfān,Lật đổ,Overthrow,他们的政府被推翻了。,Tāmen de zhèngfǔ bèi tuīfān le.,Chính phủ của họ đã bị lật đổ.,Their government was overthrown.,6
1835,推理,tuīlǐ,Suy luận,Deduce,他的推理很有道理。,Tā de tuīlǐ hěn yǒu dàolǐ.,Lập luận của anh ấy rất hợp lý.,His argument is very logical.,6
1836,推论,tuīlùn,Suy luận,Deduce,这本书的推论很深刻。,Zhè běn shū de tuīlùn hěn shēnkè.,Những lập luận trong cuốn sách này rất sâu sắc.,The arguments in this book are profound.,6
1837,推销,tuīxiāo,Tiếp thị,Marketing,他在推销他的产品。,Tā zài tuīxiāo tā de chǎnpǐn.,Anh ấy đang tiếp thị sản phẩm của mình.,He is marketing his product.,6
1838,吞咽,tūnyàn,Nuốt,Swallow,他很难吞咽食物。,Tā hěn nán tūnyàn shíwù.,Anh ấy khó nuốt thức ăn.,He has difficulty swallowing food.,6
1839,脱离,tuōlí,Thoát ly,Escape,我们不能脱离实际。,Wǒmen bùnéng tuōlí shíjì.,Chúng ta không thể xa rời thực tế.,We cannot be further from reality.,6
1840,拖延,tuōyán,"Kéo dài, trì hoãn","Prolong, delay",请不要拖延时间。,Qǐng bùyào tuōyán shíjiān.,Xin đừng kéo dài thời gian.,Please do not prolong the time.,6
1841,托运,tuōyùn,Ký gửi,Consignment,行李已经托运了。,Xínglǐ yǐjīng tuōyùn le.,Hành lý đã được gửi đi.,The luggage has been sent.,6
1842,妥当,tuǒdàng,Thỏa đáng,Satisfactory,这个计划很妥当。,Zhège jìhuà hěn tuǒdàng.,Kế hoạch này rất thỏa đáng.,This plan is very satisfactory.,6
1843,妥善,tuǒshàn,Thỏa đáng,Satisfactory,我们需要找到妥善的解决办法。,Wǒmen xūyào zhǎodào tuǒshàn de jiějué bànfǎ.,Chúng ta cần tìm ra cách giải quyết hợp lý.,We need to find a reasonable solution.,6
1844,妥协,tuǒxié,Thỏa hiệp,Compromise,双方达成了妥协。,Shuāngfāng dáchéng le tuǒxié.,Hai bên đã đạt được thỏa hiệp.,The two sides reached a compromise.,6
1845,椭圆,tuǒyuán,Hình elip,Ellipse,地球不是一个完美的椭圆。,Dìqiú bù shì yī gè wánměi de tuǒyuán.,Trái đất không phải là một hình elip hoàn hảo.,The Earth is not a perfect ellipse.,6
1846,唾沫,tuòmò,Nước bọt,Saliva,他说话时总是带着唾沫。,Tā shuōhuà shí zǒng shì dàizhe tuòmò.,Anh ấy luôn nói chuyện với nước bọt bay tứ tung.,He always talks with spit flying everywhere.,6
1847,挖掘,wājué,Đào bới,Dig,工人们正在挖掘隧道。,Gōngrénmen zhèngzài wājué suìdào.,Công nhân đang đào hầm.,Workers are digging a tunnel.,6
1848,娃娃,wáwa,"Búp bê, em bé","Doll, baby",她的女儿喜欢玩娃娃。,Tā de nǚ'ér xǐhuān wán wáwa.,Con gái của cô ấy thích chơi búp bê.,Her daughter likes playing with dolls.,6
1849,瓦解,wǎjiě,Tan rã,Disintegration,他们的计划瓦解了。,Tāmen de jìhuà wǎjiě le.,Kế hoạch của họ đã tan rã.,Their plans fell apart.,6
1850,哇,wā,Wow (thán từ),Wow (interjection),哇，你看那个！,"Wa, nǐ kàn nàge!","Oa, nhìn kìa!","Wow, look!",6
1851,歪曲,wāiqū,Xuyên tạc,Distort,他故意歪曲事实。,Tā gùyì wāiqū shìshí.,Anh ấy cố tình bóp méo sự thật.,He deliberately distorted the truth.,6
1852,外表,wàibiǎo,Ngoại hình,Appearance,她的外表很漂亮。,Tā de wàibiǎo hěn piàoliang.,Vẻ bề ngoài của cô ấy rất đẹp.,She is very beautiful in appearance.,6
1853,外行,wàiháng,Ngoại đạo,pagan,他是一个外行。,Tā shì yī gè wàiháng.,Anh ấy là người không chuyên nghiệp.,He is unprofessional.,6
1854,外界,wàijiè,Thế giới bên ngoài,The outside world,这个消息在外界传开了。,Zhège xiāoxi zài wàijiè chuán kāi le.,Tin tức này đã lan ra bên ngoài.,This news has spread outside.,6
1855,外向,wàixiàng,Hướng ngoại,Extrovert,他性格外向。,Tā xìnggé wàixiàng.,Anh ấy là người hướng ngoại.,He is an extrovert.,6
1856,丸,wán,"Viên, hoàn","Pill, complete",他吃了一个小药丸。,Tā chī le yī gè xiǎo yàowán.,Anh ấy đã uống một viên thuốc nhỏ.,He took a small pill.,6
1857,完备,wánbèi,"Hoàn bị, đầy đủ","Complete, full",系统已经完备。,Xìtǒng yǐjīng wánbèi.,Hệ thống đã hoàn thiện.,The system is complete.,6
1858,完毕,wánbì,Kết thúc,End,任务已经完毕。,Rènwu yǐjīng wánbì.,Nhiệm vụ đã hoàn thành.,Mission accomplished.,6
1859,顽固,wángù,Ngoan cố,Recalcitrant,他非常顽固，不愿意改变。,"Tā fēicháng wángù, bù yuànyì gǎibiàn.",Anh ấy rất cố chấp và không chịu thay đổi.,He is very stubborn and refuses to change.,6
1860,玩弄,wánnòng,Trêu chọc,Teasing,她喜欢玩弄别人的感情。,Tā xǐhuān wánnòng biéren de gǎnqíng.,Cô ấy thích đùa giỡn với tình cảm của người khác.,She likes to toy with other people's feelings.,6
1861,顽强,wánqiáng,Ngoan cường,tenacious,他表现得很顽强。,Tā biǎoxiàn de hěn wánqiáng.,Anh ấy thể hiện rất kiên cường.,He showed great resilience.,6
1862,玩意儿,wányìr,"Đồ chơi, món đồ","Toy, item",这是一个新玩意儿。,Zhè shì yī gè xīn wányìr.,Đây là một món đồ chơi mới.,This is a new toy.,6
1863,挽回,wǎnhuí,Cứu vãn,Salvage,我们必须挽回损失。,Wǒmen bìxū wǎnhuí sǔnshī.,Chúng ta phải cứu vãn thiệt hại.,We must repair the damage.,6
1864,挽救,wǎnjiù,Cứu chữa,Cure,医生成功地挽救了病人的生命。,Yīshēng chénggōng de wǎnjiù le bìngrén de shēngmìng.,Bác sĩ đã cứu sống thành công bệnh nhân.,The doctor successfully saved the patient's life.,6
1865,惋惜,wǎnxī,Tiếc nuối,Regret,我对他的去世感到非常惋惜。,Wǒ duì tā de qùshì gǎndào fēicháng wǎnxī.,Tôi rất tiếc về sự ra đi của anh ấy.,I am sorry for his passing.,6
1866,万分,wànfēn,Vô cùng,Extremely,我们对他的帮助万分感激。,Wǒmen duì tā de bāngzhù wànfēn gǎnjī.,Chúng tôi rất biết ơn sự giúp đỡ của anh ấy.,We are very grateful for his help.,6
1867,往常,wǎngcháng,Thường ngày,Daily,他和往常一样，早早地起床了。,"Tā hé wǎngcháng yīyàng, zǎozǎo de qǐchuáng le.",Anh ấy thức dậy sớm như thường lệ.,He woke up early as usual.,6
1868,网络,wǎngluò,Mạng lưới,Network,网络让人们更方便地获取信息。,Wǎngluò ràng rénmen gèng fāngbiàn de huòqǔ xìnxī.,Internet giúp mọi người lấy thông tin dễ dàng hơn.,The Internet makes it easier for people to get information.,6
1869,往事,wǎngshì,Chuyện cũ,Old story,往事历历在目。,Wǎngshì lìlì zài mù.,Những chuyện cũ vẫn còn rõ ràng trong tâm trí.,The old stories are still clear in mind.,6
1870,妄想,wàngxiǎng,Ảo tưởng,Illusion,他总是妄想自己能中头奖。,Tā zǒngshì wàngxiǎng zìjǐ néng zhòng tóujiǎng.,Anh ấy luôn ảo tưởng rằng mình sẽ trúng giải độc đắc.,He always had the illusion that he would win the jackpot.,6
1871,微不足道,wēibùzúdào,Không đáng kể,Trivial,这个问题微不足道。,Zhège wèntí wēibùzúdào.,Vấn đề này không đáng kể.,This problem is minor.,6
1872,威风,wēifēng,Uy phong,majestic,他的举动非常威风。,Tā de jǔdòng fēicháng wēifēng.,Hành động của anh ấy rất oai phong.,His actions are very majestic.,6
1873,微观,wēiguān,Vi mô,Micro,我们需要从微观角度分析问题。,Wǒmen xūyào cóng wēiguān jiǎodù fēnxī wèntí.,Chúng ta cần phân tích vấn đề từ góc độ vi mô.,We need to analyze the problem from a micro perspective.,6
1874,危机,wēijī,Khủng hoảng,Crisis,公司正面临财务危机。,Gōngsī zhèng miànlín cáiwù wēijī.,Công ty đang đối mặt với khủng hoảng tài chính.,The company is facing financial crisis.,6
1875,威力,wēilì,Uy lực,Power,他的威力不容小觑。,Tā de wēilì bùróng xiǎo qù.,Sức mạnh của anh ấy không thể xem nhẹ.,His strength is not to be underestimated.,6
1876,威望,wēiwàng,Uy tín,Reputation,他在公司中享有很高的威望。,Tā zài gōngsī zhōng xiǎngyǒu hěn gāo de wēiwàng.,Anh ấy có uy tín rất cao trong công ty.,He has a very high reputation in the company.,6
1877,威信,wēixìn,Uy tín,Reputation,他在团队中有很高的威信。,Tā zài tuánduì zhōng yǒu hěn gāo de wēixìn.,Anh ấy có uy tín rất cao trong đội.,He has a very high reputation in the team.,6
1878,违背,wéibèi,Trái ngược,Contradictory,他的行为违背了公司的规定。,Tā de xíngwéi wéibèi le gōngsī de guīdìng.,Hành vi của anh ấy đã vi phạm quy định của công ty.,His behavior violated company regulations.,6
1879,维持,wéichí,Duy trì,Maintain,我们需要维持现状。,Wǒmen xūyào wéichí xiànzhuàng.,Chúng ta cần duy trì hiện trạng.,We need to maintain the status quo.,6
1880,唯独,wéidú,"Chỉ có, duy nhất","Only, only",唯独你能理解我。,Wéidú nǐ néng lǐjiě wǒ.,Chỉ có bạn mới hiểu được tôi.,Only you can understand me.,6
1881,为难,wéinán,Khó xử,awkward,他感到非常为难。,Tā gǎndào fēicháng wéinán.,Anh ấy cảm thấy rất khó xử.,He felt very awkward.,6
1882,为期,wéiqī,Kỳ hạn,Term,这个项目为期三个月。,Zhège xiàngmù wéiqí sān gè yuè.,Dự án này kéo dài ba tháng.,This project lasted three months.,6
1883,维生素,wéishēngsù,Vitamin,Vitamin,多吃水果可以补充维生素。,Duō chī shuǐguǒ kěyǐ bǔchōng wéishēngsù.,Ăn nhiều trái cây có thể bổ sung vitamin.,Eating lots of fruit can supplement vitamins.,6
1884,为首,wéishǒu,Đứng đầu,Head,他是这次活动的为首人物。,Tā shì zhè cì huódòng de wéishǒu rénwù.,Anh ấy là người đứng đầu của sự kiện lần này.,He is the head of this event.,6
1885,维修,wéixiū,Bảo dưỡng,Maintenance,我们需要定期维修设备。,Wǒmen xūyào dìngqī wéixiū shèbèi.,Chúng ta cần bảo trì thiết bị định kỳ.,We need to maintain the equipment periodically.,6
1886,委员,wěiyuán,Ủy viên,Commissioner,他是委员会的成员。,Tā shì wěiyuánhuì de chéngyuán.,Anh ấy là thành viên của ủy ban.,He is a member of the committee.,6
1887,伪造,wěizào,Làm giả,Fake,他被指控伪造文件。,Tā bèi zhǐkòng wěizào wénjiàn.,Anh ấy bị cáo buộc làm giả tài liệu.,He was accused of falsifying documents.,6
1888,畏惧,wèijù,Sợ hãi,Scared,他对未知的事物感到畏惧。,Tā duì wèizhī de shìwù gǎndào wèijù.,Anh ấy sợ những điều chưa biết.,He is afraid of the unknown.,6
1889,胃口,wèikǒu,Khẩu vị,Taste,他没有胃口吃饭。,Tā méiyǒu wèikǒu chīfàn.,Anh ấy không có cảm giác thèm ăn.,He has no appetite.,6
1890,未免,wèimiǎn,"Quả là, hơi bị","Really, a bit.",这件事未免有些夸张。,Zhè jiàn shì wèimiǎn yǒuxiē kuāzhāng.,Việc này hơi phóng đại.,This is a bit of an exaggeration.,6
1891,慰问,wèiwèn,Thăm hỏi,Visit,我们向灾区人民表示慰问。,Wǒmen xiàng zāiqū rénmín biǎoshì wèiwèn.,Chúng tôi gửi lời thăm hỏi đến người dân vùng thiên tai.,We send our condolences to the people of the disaster area.,6
1892,卫星,wèixīng,Vệ tinh,Satellite,他们正在发射卫星。,Tāmen zhèngzài fāshè wèixīng.,Họ đang phóng vệ tinh.,They are launching satellites.,6
1893,位于,wèiyú,Nằm ở,Located at,公司位于市中心。,Gōngsī wèiyú shì zhōngxīn.,Công ty nằm ở trung tâm thành phố.,The company is located in the city center.,6
1894,温带,wēndài,Vùng ôn đới,Temperate zone,这个地区属于温带气候。,Zhège dìqū shǔyú wēndài qìhòu.,Khu vực này thuộc khí hậu ôn đới.,This area has a temperate climate.,6
1895,温和,wēnhé,Ôn hòa,Mild,他性格温和，很容易相处。,"Tā xìnggé wēnhé, hěn róngyì xiāngchǔ.","Anh ấy có tính cách hiền hòa, rất dễ gần.",He has a gentle personality and is very approachable.,6
1896,文凭,wénpíng,Văn bằng,Diploma,他有博士文凭。,Tā yǒu bóshì wénpíng.,Anh ấy có bằng tiến sĩ.,He has a Ph.D.,6
1897,文物,wénwù,Văn vật,Cultural relics,博物馆里展示了很多文物。,Bówùguǎn lǐ zhǎnshì le hěn duō wénwù.,Bảo tàng trưng bày rất nhiều hiện vật.,The museum displays many artifacts.,6
1898,文献,wénxiàn,Tư liệu,Documents,这篇文章有很高的学术价值。,Zhè piān wénzhāng yǒu hěn gāo de xuéshù jiàzhí.,Bài viết này có giá trị học thuật cao.,This article is of high academic value.,6
1899,文雅,wényǎ,Văn nhã,Elegant,他的行为很文雅。,Tā de xíngwéi hěn wényǎ.,Hành động của anh ấy rất nhã nhặn.,His actions were very polite.,6
1900,文艺,wényì,Văn nghệ,Arts,这个文艺活动很受欢迎。,Zhège wényì huódòng hěn shòu huānyíng.,Hoạt động nghệ thuật này rất được ưa chuộng.,This art activity is very popular.,6
1901,问世,wènshì,Ra đời,Born,新书问世了。,Xīnshū wènshì le.,Quyển sách mới đã ra mắt.,The new book is out.,6
1902,窝,wō,"Tổ, ổ",Nest,小猫在窝里睡觉。,Xiǎomāo zài wō lǐ shuìjiào.,Con mèo nhỏ đang ngủ trong ổ.,The kitten is sleeping in the nest.,6
1903,乌黑,wūhēi,Đen như mực,Black as ink,她有一头乌黑的长发。,Tā yǒu yītóu wūhēi de chángfà.,Cô ấy có mái tóc dài đen tuyền.,She has long jet black hair.,6
1904,污蔑,wūmiè,Vu khống,Slander,他被人污蔑了。,Tā bèi rén wūmiè le.,Anh ấy đã bị vu khống.,He was framed.,6
1905,诬陷,wūxiàn,Vu cáo,Slander,他被同事诬陷了。,Tā bèi tóngshì wūxiàn le.,Anh ấy bị đồng nghiệp hãm hại.,He was harmed by his colleague.,6
1906,无比,wúbǐ,Vô cùng,Extremely,我无比高兴。,Wǒ wúbǐ gāoxìng.,Tôi vô cùng vui mừng.,I am so happy.,6
1907,无偿,wúcháng,Không bồi thường,No compensation,这项服务是无偿的。,Zhè xiàng fúwù shì wúcháng de.,Dịch vụ này là miễn phí.,This service is free.,6
1908,无耻,wúchǐ,Vô liêm sỉ,Brazen,他的行为真无耻。,Tā de xíngwéi zhēn wúchǐ.,Hành vi của anh ấy thật vô liêm sỉ.,His behavior is shameless.,6
1909,无从,wúcóng,Không thể nào,No way,我对此无从下手。,Wǒ duì cǐ wúcóng xiàshǒu.,Tôi không biết bắt đầu từ đâu với việc này.,I don't know where to start with this.,6
1910,无动于衷,wúdòngyúzhōng,Không chút động lòng,No emotion,他对这件事无动于衷。,Tā duì zhè jiàn shì wúdòngyúzhōng.,Anh ấy thờ ơ với việc này.,He is indifferent to this.,6
1911,无非,wúfēi,"Chỉ là, chẳng qua là","Just, just that",这无非是个误会。,Zhè wúfēi shì gè wùhuì.,Đây chẳng qua chỉ là một sự hiểu lầm.,This is just a misunderstanding.,6
1912,无精打采,wújīng dǎcǎi,Không có sức sống,lifeless,他今天无精打采的。,Tā jīntiān wújīngdǎcǎi de.,Hôm nay anh ấy không có chút sức sống nào.,He is out of shape today.,6
1913,无可奉告,wúkě fènggào,Không có gì để nói,Nothing to say,我无可奉告。,Wǒ wúkěfènggào.,Tôi không có gì để nói.,I have nothing to say.,6
1914,无可奈何,wúkě nàihé,Không còn cách nào khác,There is no other way,他们感到无可奈何。,Tāmen gǎndào wúkěnàihé.,Họ cảm thấy bất lực.,They feel helpless.,6
1915,无赖,wúlài,Vô lại,Rascally,他是个无赖。,Tā shì gè wúlài.,Anh ấy là một kẻ vô lại.,He is a scoundrel.,6
1916,无理取闹,wúlǐ qǔnào,Gây sự vô lý,cause nonsense,他无理取闹。,Tā wúlǐ qǔnào.,Anh ấy gây rối vô lý.,He is making a fuss.,6
1917,无能为力,wúnéng wéilì,Bất lực,Impotent,我对此无能为力。,Wǒ duì cǐ wúnéngwéilì.,Tôi không thể làm gì về việc này.,There is nothing I can do about this.,6
1918,无穷无尽,wúqióng wújìn,Vô cùng vô tận,Infinitely infinite,这本书的内容无穷无尽。,Zhè běn shū de nèiróng wúqióngwújìn.,Nội dung của cuốn sách này vô tận.,The content of this book is endless.,6
1919,无微不至,wúwēi bùzhì,"Tận tình, chu đáo","Attentive, thoughtful",她对他无微不至地关怀。,Tā duì tā wúwēibùzhì de guānhuái.,Cô ấy chăm sóc anh ấy từng chút một.,She took care of him every bit.,6
1920,无忧无虑,wúyōu wúlǜ,Vô lo vô nghĩ,Carefree,小孩子应该无忧无虑地成长。,Xiǎo háizi yīnggāi wúyōuwúlǜ de chéngzhǎng.,Trẻ con nên lớn lên mà không phải lo lắng gì.,Children should grow up without any worries.,6
1921,无知,wúzhī,Vô tri,Senseless,他的无知让人吃惊。,Tā de wúzhī ràng rén chījīng.,Sự thiếu hiểu biết của anh ấy làm người ta ngạc nhiên.,His ignorance is surprising.,6
1922,舞蹈,wǔdǎo,Vũ đạo,Choreography,她跳舞跳得很好。,Tā tiàowǔ tiào de hěn hǎo.,Cô ấy nhảy rất đẹp.,She dances very beautifully.,6
1923,侮辱,wǔrǔ,Sỉ nhục,Insult,他说的话侮辱了我。,Tā shuō de huà wǔrǔ le wǒ.,Những lời anh ấy nói đã xúc phạm tôi.,What he said offended me.,6
1924,武侠,wǔxiá,Võ hiệp,Martial arts,他喜欢看武侠小说。,Tā xǐhuān kàn wǔxiá xiǎoshuō.,Anh ấy thích đọc tiểu thuyết võ hiệp.,He likes reading martial arts novels.,6
1925,武装,wǔzhuāng,Trang bị vũ khí,Weapon equipment,士兵们武装起来。,Shìbīngmen wǔzhuāng qǐlái.,Các binh sĩ đã trang bị vũ khí.,The soldiers were armed.,6
1926,勿,wù,"Đừng, chớ","Don't, don't.",请勿吸烟。,Qǐng wù xīyān.,Vui lòng không hút thuốc.,Please do not smoke.,6
1927,务必,wùbì,Nhất thiết phải,Must,务必按时到达。,Wùbì ànshí dàodá.,Nhất định phải đến đúng giờ.,Be on time.,6
1928,误差,wùchā,Sai số,Error,这只是个小误差。,Zhè zhǐ shì gè xiǎo wùchā.,Đây chỉ là một sai lệch nhỏ.,This is just a small deviation.,6
1929,误解,wùjiě,Hiểu lầm,Misread,我们之间有误解。,Wǒmen zhī jiān yǒu wùjiě.,Giữa chúng tôi có sự hiểu lầm.,There is a misunderstanding between us.,6
1930,物美价廉,wùměi jiàlián,Hàng tốt giá rẻ,"Good product, cheap price",这些商品物美价廉。,Zhèxiē shāngpǐn wùměijiàlián.,Những sản phẩm này vừa tốt vừa rẻ.,These products are both good and cheap.,6
1931,务实,wùshí,Thực tế,Reality,他是个务实的人。,Tā shì gè wùshí de rén.,Anh ấy là một người thực tế.,He is a practical person.,6
1932,物资,wùzī,Vật tư,Materials,他们需要更多的物资。,Tāmen xūyào gèng duō de wùzī.,Họ cần thêm vật tư.,They need more supplies.,6
1933,溪,xī,Suối,Stream,小溪的水很清澈。,Xiǎo xī de shuǐ hěn qīngchè.,Nước của dòng suối rất trong.,The water of the stream is very clear.,6
1934,膝盖,xīgài,Đầu gối,Knee,我的膝盖受伤了。,Wǒ de xīgài shòushāng le.,Đầu gối của tôi bị thương rồi.,My knee is injured.,6
1935,熄灭,xīmiè,Tắt,Turn off,火熄灭了。,Huǒ xīmiè le.,Lửa đã tắt.,The fire is out.,6
1936,吸取,xīqǔ,Hấp thu,Absorption,我从这本书中吸取了很多知识。,Wǒ cóng zhè běn shū zhōng xīqǔ le hěnduō zhīshi.,Tôi đã học được rất nhiều kiến thức từ cuốn sách này.,I learned a lot of knowledge from this book.,6
1937,昔日,xīrì,Ngày xưa,Once upon a time,他昔日是个大人物。,Tā xīrì shì gè dàrénwù.,Ngày trước anh ấy là một người quan trọng.,He was an important person in the past.,6
1938,牺牲,xīshēng,Hy sinh,Sacrifice,他为国家牺牲了。,Tā wèi guójiā xīshēng le.,Anh ấy đã hy sinh vì đất nước.,He sacrificed for his country.,6
1939,夕阳,xīyáng,Hoàng hôn,Sunset,我喜欢看夕阳。,Wǒ xǐhuān kàn xīyáng.,Tôi thích ngắm hoàng hôn.,I like watching the sunset.,6
1940,媳妇,xífù,Con dâu,daughter in law,她是我的媳妇。,Tā shì wǒ de xífù.,Cô ấy là con dâu của tôi.,She is my daughter in law.,6
1941,袭击,xíjī,Tập kích,Raid,敌人突然袭击了我们。,Dírén tūrán xíjī le wǒmen.,Kẻ địch bất ngờ tấn công chúng tôi.,The enemy suddenly attacked us.,6
1942,习俗,xísú,Tập tục,Practice,每个国家都有自己的习俗。,Měi gè guójiā dōu yǒu zìjǐ de xísú.,Mỗi quốc gia đều có phong tục riêng.,Every country has its own customs.,6
1943,喜闻乐见,xǐwén lèjiàn,"Yêu thích, ưa chuộng","Favorite, favorite",这部电影让人喜闻乐见。,Zhè bù diànyǐng ràng rén xǐwénlèjiàn.,Bộ phim này được mọi người yêu thích.,This movie is loved by everyone.,6
1944,喜悦,xǐyuè,Vui vẻ,Happy,这个消息让他非常喜悦。,Zhège xiāoxi ràng tā fēicháng xǐyuè.,Tin tức này làm anh ấy rất vui.,This news made him very happy.,6
1945,细胞,xìbāo,Tế bào,Cell,细胞是生物的基本单位。,Xìbāo shì shēngwù de jīběn dānwèi.,Tế bào là đơn vị cơ bản của sinh vật.,Cells are the basic units of living things.,6
1946,细菌,xìjūn,Vi khuẩn,Bacteria,细菌会引起疾病。,Xìjūn huì yǐnqǐ jíbìng.,Vi khuẩn có thể gây ra bệnh tật.,Bacteria can cause disease.,6
1947,系列,xìliè,"Loạt, chuỗi","Series, series",这是一系列的活动。,Zhè shì yī xìliè de huódòng.,Đây là một loạt các hoạt động.,This is a series of activities.,6
1948,细致,xìzhì,Tỉ mỉ,Meticulous,这个工作需要非常细致。,Zhège gōngzuò xūyào fēicháng xìzhì.,Công việc này cần phải rất tỉ mỉ.,This work requires great care.,6
1949,霞,xiá,"Ráng, hoàng hôn",sunset,傍晚的天空满是霞光。,Bàngwǎn de tiānkōng mǎn shì xiáguāng.,Trời chiều đầy ánh hoàng hôn.,The afternoon sky is full of sunset.,6
1950,狭隘,xiá'ài,Hẹp hòi,Narrow,他思想很狭隘。,Tā sīxiǎng hěn xiá'ài.,Suy nghĩ của anh ấy rất hẹp hòi.,His thinking is very narrow.,6
1951,峡谷,xiágǔ,Hẻm núi,Canyon,我们去探险峡谷。,Wǒmen qù tànxiǎn xiágǔ.,Chúng tôi đi thám hiểm hẻm núi.,We went canyoning.,6
1952,狭窄,xiázhǎi,Hẹp,Narrow,这条路很狭窄。,Zhè tiáo lù hěn xiázhǎi.,Con đường này rất hẹp.,This road is very narrow.,6
1953,夏令营,xiàlìngyíng,Trại hè,Summer camp,夏令营活动丰富多彩。,Xiàlìngyíng huódòng fēngfù duōcǎi.,Hoạt động trại hè rất phong phú và đa dạng.,Summer camp activities are rich and varied.,6
1954,下属,xiàshǔ,Cấp dưới,Inferior,他是我的下属。,Tā shì wǒ de xiàshǔ.,Anh ấy là cấp dưới của tôi.,He is my subordinate.,6
1955,先进,xiānjìn,Tiên tiến,Advanced,这是一项先进的技术。,Zhè shì yī xiàng xiānjìn de jìshù.,Đây là một công nghệ tiên tiến.,This is an advanced technology.,6
1956,鲜明,xiānmíng,"Rõ ràng, sắc nét","Clear, sharp",他的观点很鲜明。,Tā de guāndiǎn hěn xiānmíng.,Quan điểm của anh ấy rất rõ ràng.,His point is clear.,6
1957,掀起,xiānqǐ,"Khởi động, bắt đầu","Start, start",他掀起了一场革命。,Tā xiānqǐ le yī chǎng gémìng.,Anh ấy đã khởi xướng một cuộc cách mạng.,He started a revolution.,6
1958,先前,xiānqián,Trước kia,Formerly,先前的计划需要修改。,Xiānqián de jìhuà xūyào xiūgǎi.,Kế hoạch trước đây cần được chỉnh sửa.,The previous plan needs to be revised.,6
1959,纤维,xiānwéi,Sợi,Fiber,蔬菜中含有丰富的纤维。,Shūcài zhōng hányǒu fēngfù de xiānwéi.,Rau chứa nhiều chất xơ.,Vegetables are high in fiber.,6
1960,弦,xián,Dây đàn,String,吉他有六根弦。,Jítā yǒu liù gēn xián.,Đàn guitar có sáu dây.,The guitar has six strings.,6
1961,嫌,xián,Ghét,Hate,我对他的行为感到很嫌。,Wǒ duì tā de xíngwéi gǎndào hěn xián.,Tôi cảm thấy rất ghét hành vi của anh ấy.,I feel very disgusted by his behavior.,6
1962,闲话,xiánhuà,"Lời đồn, chuyện tào lao","Rumors, nonsense",闲话少说，开始工作吧。,"Xiánhuà shǎo shuō, kāishǐ gōngzuò ba.","Đừng nói nhiều, bắt đầu làm việc đi.",Stop talking and get to work.,6
1963,贤惠,xiánhuì,"Hiền lành, đức hạnh","Kind, virtuous",她是个贤惠的妻子。,Tā shì gè xiánhuì de qīzi.,Cô ấy là một người vợ hiền lành.,She is a gentle wife.,6
1964,衔接,xiánjiē,Nối tiếp,Serial,这两段代码需要衔接。,Zhè liǎng duàn dàimǎ xūyào xiánjiē.,Hai đoạn mã này cần được kết nối.,These two pieces of code need to be connected.,6
1965,嫌疑,xiányí,Nghi ngờ,Suspect,他有嫌疑。,Tā yǒu xiányí.,Anh ấy có nghi ngờ.,He has doubts.,6
1966,显著,xiǎnzhù,Rõ rệt,Obvious,这个词语在文章中显得很显著。,Zhège cíyǔ zài wénzhāng zhōng xiǎnde hěn xiǎnzhù.,Từ này nổi bật trong bài viết.,This word stands out in the article.,6
1967,现场,xiànchǎng,Hiện trường,Scene,这个地方是事故现场。,Zhège dìfāng shì shìgù xiànchǎng.,Đây là hiện trường của vụ tai nạn.,This is the scene of the accident.,6
1968,现成,xiànchéng,Có sẵn,Available,这个方案已经现成了。,Zhège fāng'àn yǐjīng xiànchéng le.,Kế hoạch này đã sẵn sàng.,This plan is ready.,6
1969,宪法,xiànfǎ,Hiến pháp,Constitution,我们必须遵守宪法。,Wǒmen bìxū zūnshǒu xiànfǎ.,Chúng ta phải tuân thủ hiến pháp.,We must obey the constitution.,6
1970,陷害,xiànhài,Hãm hại,Harm,他被人陷害了。,Tā bèi rén xiànhài le.,Anh ấy đã bị người khác hãm hại.,He was harmed by someone else.,6
1971,馅儿,xiànr,Nhân (bánh),Filling (cake),我喜欢吃馅儿饼。,Wǒ xǐhuān chī xiànr bǐng.,Tôi thích ăn bánh nhân.,I like to eat pie.,6
1972,陷入,xiànrù,Rơi vào,Fall into,她陷入了困境。,Tā xiànrù le kùnjìng.,Cô ấy rơi vào hoàn cảnh khó khăn.,She fell into a difficult situation.,6
1973,线索,xiànsuǒ,Manh mối,Clue,我们找到了一些线索。,Wǒmen zhǎodào le yīxiē xiànsuǒ.,Chúng tôi đã tìm thấy một số manh mối.,We found some clues.,6
1974,现状,xiànzhuàng,Tình hình hiện tại,Current situation,我们需要了解现状。,Wǒmen xūyào liǎojiě xiànzhuàng.,Chúng tôi cần hiểu rõ tình hình hiện tại.,We need to understand the current situation.,6
1975,相差,xiāngchà,Chênh lệch,Difference,他们之间的相差很大。,Tāmen zhī jiān de xiāngchā hěn dà.,Giữa họ có sự chênh lệch rất lớn.,There is a huge difference between them.,6
1976,相等,xiāngděng,Tương đương,Equivalent,他们两个人相等。,Tāmen liǎng gè rén xiāngděng.,Hai người họ ngang nhau.,They are on equal footing.,6
1977,相辅相成,xiāngfǔ xiāngchéng,Bổ trợ lẫn nhau,Complementary,理论和实践应该相辅相成。,Lǐlùn hé shíjiàn yīnggāi xiāngfǔxiāngchéng.,Lý thuyết và thực hành nên bổ trợ cho nhau.,Theory and practice should complement each other.,6
1978,镶嵌,xiāngqiàn,Khảm nạm,Inlay,墙上镶嵌着美丽的瓷砖。,Qiáng shàng xiāngqiàn zhe měilì de cízhuān.,Trên tường có gắn những viên gạch men đẹp.,There are beautiful ceramic tiles on the wall.,6
1979,相应,xiāngyìng,Tương ứng,Corresponding,我们需要采取相应的措施。,Wǒmen xūyào cǎiqǔ xiāngyìng de cuòshī.,Chúng ta cần áp dụng các biện pháp tương ứng.,We need to take corresponding measures.,6
1980,乡镇,xiāngzhèn,Thị trấn,Town,他来自一个小乡镇。,Tā láizì yī gè xiǎo xiāngzhèn.,Anh ấy đến từ một thị trấn nhỏ.,He comes from a small town.,6
1981,想方设法,xiǎngfāng shèfǎ,Tìm mọi cách,Find every way,我们需要想方设法解决问题。,Wǒmen xūyào xiǎngfāngshèfǎ jiějué wèntí.,Chúng ta cần tìm mọi cách để giải quyết vấn đề.,We need to find ways to solve the problem.,6
1982,响亮,xiǎngliàng,Vang dội,Reverberate,他的声音很响亮。,Tā de shēngyīn hěn xiǎngliàng.,Giọng của anh ấy rất to và rõ.,His voice is loud and clear.,6
1983,响应,xiǎngyìng,Ứng đáp,Response,我们要积极响应号召。,Wǒmen yào jījí xiǎngyìng hàozhào.,Chúng ta phải tích cực hưởng ứng lời kêu gọi.,We must actively respond to the call.,6
1984,巷,xiàng,Hẻm,Alley,这条巷子很窄。,Zhè tiáo xiàngzi hěn zhǎi.,Con hẻm này rất hẹp.,This alley is very narrow.,6
1985,项,xiàng,Hạng mục,Category,这个项链很漂亮。,Zhège xiàngliàn hěn piàoliang.,Chiếc vòng cổ này rất đẹp.,This necklace is very beautiful.,6
1986,向导,xiàngdǎo,Hướng dẫn viên,Tour guide,他是我们的向导。,Tā shì wǒmen de xiàngdǎo.,Anh ấy là người hướng dẫn của chúng tôi.,He is our guide.,6
1987,向来,xiànglái,Từ trước đến nay,From past to present,他向来很守时。,Tā xiànglái hěn shǒushí.,Anh ấy luôn luôn đúng giờ.,He is always on time.,6
1988,向往,xiàngwǎng,"Hướng về, khao khát","Towards, longing for",她向往自由的生活。,Tā xiàngwǎng zìyóu de shēnghuó.,Cô ấy mong ước một cuộc sống tự do.,She longs for a life of freedom.,6
1989,消除,xiāochú,Loại bỏ,Remove,我们需要消除误解。,Wǒmen xūyào xiāochú wùjiě.,Chúng ta cần xóa bỏ hiểu lầm.,We need to clear up the misunderstanding.,6
1990,消毒,xiāodú,Khử trùng,Sterilize,他在消毒伤口。,Tā zài xiāodú shāngkǒu.,Anh ấy đang khử trùng vết thương.,He is disinfecting the wound.,6
1991,消防,xiāofáng,Phòng cháy chữa cháy,Fire protection and prevention,他们在进行消防演习。,Tāmen zài jìnxíng xiāofáng yǎnxí.,Họ đang tiến hành diễn tập cứu hỏa.,They are conducting a fire drill.,6
1992,消耗,xiāohào,Tiêu hao,Consumption,这个机器消耗很多电。,Zhège jīqì xiāohào hěnduō diàn.,Cái máy này tiêu thụ rất nhiều điện.,This machine consumes a lot of electricity.,6
1993,销毁,xiāohuǐ,Tiêu hủy,Destroy,这份文件已经被销毁了。,Zhè fèn wénjiàn yǐjīng bèi xiāohuǐ le.,Tài liệu này đã bị hủy.,This document has been destroyed.,6
1994,消极,xiāojí,Tiêu cực,Negative,他对生活感到消极。,Tā duì shēnghuó gǎndào xiāojí.,Anh ấy cảm thấy tiêu cực về cuộc sống.,He feels negative about life.,6
1995,小气,xiǎoqì,Keo kiệt,Stingy,他很小气，从不请客。,"Tā hěn xiǎoqì, cóng bù qǐngkè.","Anh ấy rất keo kiệt, chưa bao giờ mời ai.","He is very stingy, never invites anyone.",6
1996,小心翼翼,xiǎoxīn yìyì,Cẩn thận từng chút,Be careful with every detail,她做事总是小心翼翼。,Tā zuòshì zǒng shì xiǎoxīnyìyì.,Cô ấy luôn làm việc rất cẩn thận.,She always works very carefully.,6
1997,孝顺,xiàoshùn,Hiếu thảo,Pious,孝顺是中华民族的传统美德。,Xiàoshùn shì Zhōnghuá mínzú de chuántǒng měidé.,Hiếu thảo là đức tính truyền thống của dân tộc Trung Hoa.,Filial piety is a traditional virtue of the Chinese people.,6
1998,肖像,xiàoxiàng,Chân dung,Portrait,这是一幅肖像画。,Zhè shì yī fú xiàoxiàng huà.,Đây là một bức tranh chân dung.,This is a portrait.,6
1999,效益,xiàoyì,Hiệu quả và lợi ích,Efficiency and benefits,这个项目的效益很好。,Zhège xiàngmù de xiàoyì hěn hǎo.,Hiệu quả của dự án này rất tốt.,The effectiveness of this project is very good.,6
2000,携带,xiédài,Mang theo,Bring,请随身携带护照。,Qǐng suíshēn xiédài hùzhào.,Vui lòng mang theo hộ chiếu.,Please bring your passport.,6
2001,协会,xiéhuì,Hiệp hội,Association,他是这个协会的成员。,Tā shì zhège xiéhuì de chéngyuán.,Anh ấy là thành viên của hiệp hội này.,He is a member of this association.,6
2002,协商,xiéshāng,Hiệp thương,Negotiation,我们需要协商解决这个问题。,Wǒmen xūyào xiéshāng jiějué zhège wèntí.,Chúng ta cần thỏa thuận để giải quyết vấn đề này.,We need to reach an agreement to resolve this issue.,6
2003,协议,xiéyì,Thỏa thuận,Agree,双方签署了协议。,Shuāngfāng qiānshǔ le xiéyì.,Hai bên đã ký kết thỏa thuận.,The two sides have signed the agreement.,6
2004,协助,xiézhù,Hỗ trợ,Support,他协助我们完成了任务。,Tā xiézhù wǒmen wánchéng le rènwù.,Anh ấy đã giúp đỡ chúng tôi hoàn thành nhiệm vụ.,He helped us complete the mission.,6
2005,写作,xiězuò,Viết văn,Writing,她喜欢写作。,Tā xǐhuān xiězuò.,Cô ấy thích viết lách.,She likes writing.,6
2006,屑,xiè,Mảnh vụn,Debris,这点小事不值一提，真是鸡毛蒜皮的屑事。,"Zhè diǎn xiǎoshì bù zhí yī tí, zhēn shì jīmáosuànpí de xièshì.","Chuyện nhỏ này không đáng nhắc tới, thực sự chỉ là chuyện vặt vãnh.","This little thing is not worth mentioning, it is really just a trivial matter.",6
2007,谢绝,xièjué,Từ chối,Refuse,谢绝推销。,Xièjué tuīxiāo.,Từ chối tiếp thị.,Opt out of marketing.,6
2008,泄露,xièlòu,Rò rỉ,Leak,请不要泄露秘密。,Qǐng bùyào xièlòu mìmì.,Xin đừng tiết lộ bí mật.,Please do not reveal the secret.,6
2009,泄气,xièqì,Mất tinh thần,lose spirit,他遇到困难时不泄气。,Tā yùdào kùnnán shí bù xièqì.,Anh ấy không nản chí khi gặp khó khăn.,He is not discouraged when faced with difficulties.,6
2010,新陈代谢,xīnchéndàixiè,Sự trao đổi chất,Metabolism,新陈代谢对健康很重要。,Xīnchéndàixiè duì jiànkāng hěn zhòngyào.,Quá trình trao đổi chất rất quan trọng đối với sức khỏe.,Metabolism is very important for health.,6
2011,心得,xīndé,Điều tâm đắc,Favorite thing,我写了一篇关于教学心得的文章。,Wǒ xiě le yī piān guānyú jiàoxué xīndé de wénzhāng.,Tôi đã viết một bài về kinh nghiệm giảng dạy.,I wrote an article about my teaching experience.,6
2012,新郎,xīnláng,Chú rể,Groom,新郎和新娘站在一起。,Xīnláng hé xīnniáng zhàn zài yīqǐ.,Chú rể và cô dâu đứng cạnh nhau.,The groom and the bride stand next to each other.,6
2013,心灵,xīnlíng,Tâm hồn,Soul,他的心灵非常纯洁。,Tā de xīnlíng fēicháng chúnjié.,Tâm hồn của anh ấy rất thuần khiết.,His soul is very pure.,6
2014,新娘,xīnniáng,Cô dâu,Bride,新娘穿着美丽的婚纱。,Xīnniáng chuānzhuó měilì de hūnshā.,Cô dâu mặc chiếc váy cưới đẹp,The bride wears a beautiful wedding dress,6
2015,辛勤,xīnqín,Chăm chỉ,Hard-working,辛勤劳动换来好收成。,Xīnqín láodòng huàn lái hǎo shōuchéng.,Lao động chăm chỉ đem lại thu hoạch tốt.,Hard work brings good harvest.,6
2016,薪水,xīnshuǐ,Lương,Wage,公司每月发放薪水。,Gōngsī měi yuè fāfàng xīnshuǐ.,Công ty phát lương hàng tháng.,The company pays monthly salaries.,6
2017,心态,xīntài,Tâm lý,Mentality,保持积极的心态很重要。,Bǎochí jījí de xīntài hěn zhòngyào.,Giữ thái độ tích cực rất quan trọng.,It is important to keep a positive attitude.,6
2018,心疼,xīnténg,Thương xót,Mercy,看到孩子受伤，他心疼不已。,"Kàn dào háizi shòushāng, tā xīnténg bùyǐ.","Nhìn thấy con bị thương, anh ấy đau lòng không ngừng.","Seeing his child injured, he was heartbroken.",6
2019,欣慰,xīnwèi,Vui mừng và an ủi,Joy and comfort,他对此结果感到欣慰。,Tā duì cǐ jiéguǒ gǎndào xīnwèi.,Anh ấy cảm thấy hài lòng với kết quả này.,He felt satisfied with the result.,6
2020,欣欣向荣,xīnxīn xiàngróng,"Thịnh vượng, phát triển mạnh","Prosperous, thriving",社会经济欣欣向荣。,Shèhuì jīngjì xīnxīnxiàngróng.,Nền kinh tế xã hội phát triển mạnh mẽ.,The socio-economic background is developing strongly.,6
2021,心血,xīnxuè,Tâm huyết,Passionate,他为这个项目投入了很多心血。,Tā wèi zhège xiàngmù tóurù le hěnduō xīnxuè.,Anh ấy đã đổ nhiều tâm huyết vào dự án này.,He put a lot of heart and soul into this project.,6
2022,心眼儿,xīnyǎnr,"Tâm ý, tấm lòng","mind, heart",他心眼儿好，总是帮助别人。,"Tā xīnyǎnr hǎo, zǒng shì bāngzhù biérén.","Anh ấy tốt bụng, luôn giúp đỡ người khác.",He is kind and always helps others.,6
2023,新颖,xīnyǐng,Mới mẻ,New,这件设计非常新颖。,Zhè jiàn shèjì fēicháng xīnyǐng.,Thiết kế này rất mới mẻ.,This design is very fresh.,6
2024,信赖,xìnlài,Tin cậy,Trust,我非常信赖他的能力。,Wǒ fēicháng xìnlài tā de nénglì.,Tôi rất tin tưởng vào khả năng của anh ấy.,I have great confidence in his abilities.,6
2025,信念,xìnniàn,Niềm tin,Faith,信念是人生的支柱。,Xìnniàn shì rénshēng de zhīzhù.,Niềm tin là trụ cột của cuộc sống.,Faith is the pillar of life.,6
2026,信仰,xìnyǎng,Tín ngưỡng,Belief,他信仰基督教。,Tā xìnyǎng Jīdūjiào.,Anh ấy theo đạo Thiên Chúa.,He is Catholic.,6
2027,信誉,xìnyù,Uy tín,Reputation,这个品牌的信誉很好。,Zhège pǐnpái de xìnyù hěn hǎo.,Uy tín của thương hiệu này rất tốt.,The reputation of this brand is very good.,6
2028,腥,xīng,Tanh,Fishy,鱼的腥味很重。,Yú de xīngwèi hěn zhòng.,Mùi tanh của cá rất nặng.,The fish smell is very strong.,6
2029,兴高采烈,xìnggāo cǎiliè,Phấn khởi,Exciting,孩子们兴高采烈地玩耍。,Háizimen xìnggāocǎiliè de wánshuǎ.,Lũ trẻ chơi đùa vui vẻ.,The children played happily.,6
2030,兴隆,xīnglóng,Thịnh vượng,Prosperous,这个市场非常兴隆。,Zhège shìchǎng fēicháng xīnglóng.,Chợ này rất phồn thịnh.,This market is very prosperous.,6
2031,兴旺,xīngwàng,Phát đạt,Thrive,他经营的生意非常兴旺。,Tā jīngyíng de shēngyì fēicháng xīngwàng.,Việc kinh doanh của anh ấy rất thịnh vượng.,His business is very prosperous.,6
2032,刑事,xíngshì,Hình sự,Criminal,他因刑事犯罪被判刑。,Tā yīn xíngshì fànzuì bèi pànxíng.,Anh ấy bị kết án vì tội hình sự.,He was convicted of a criminal offence.,6
2033,形态,xíngtài,Hình thái,Morphology,这种植物有独特的形态。,Zhè zhǒng zhíwù yǒu dútè de xíngtài.,Loại cây này có hình thái độc đáo.,This plant has a unique morphology.,6
2034,行政,xíngzhèng,Hành chính,Administration,他在行政部门工作。,Tā zài xíngzhèng bùmén gōngzuò.,Anh ấy làm việc trong bộ phận hành chính.,He works in the administrative department.,6
2035,性感,xìnggǎn,Gợi cảm,Sexy,这位明星很性感。,Zhè wèi míngxīng hěn xìnggǎn.,Ngôi sao này rất quyến rũ.,This star is very attractive.,6
2036,幸好,xìnghǎo,May thay,Fortunately,幸好他及时赶到。,Xìnghǎo tā jíshí gǎndào.,May mắn là anh ấy đã đến kịp thời.,Luckily he arrived in time.,6
2037,性命,xìngmìng,Tính mạng,Life,他的性命得到了挽救。,Tā de xìngmìng dédào le wǎnjiù.,Mạng sống của anh ấy đã được cứu.,His life was saved.,6
2038,性能,xìngnéng,Tính năng,Features,这台机器的性能很好。,Zhè tái jīqì de xìngnéng hěn hǎo.,Hiệu suất của máy này rất tốt.,The performance of this machine is very good.,6
2039,性情,xìngqíng,Tính tình,Temperament,他的性情很温和。,Tā de xìngqíng hěn wēnhé.,Tính cách của anh ấy rất hiền lành.,His personality is very gentle.,6
2040,兴致勃勃,xìngzhì bóbó,"Hăng hái, say mê","Enthusiastic, passionate",他对这个活动兴致勃勃。,Tā duì zhège huódòng xìngzhìbóbó.,Anh ấy rất hào hứng với hoạt động này.,He was very excited about this activity.,6
2041,凶恶,xiōng'è,Hung ác,Cruel,他的眼神很凶恶。,Tā de yǎnshén hěn xiōng'è.,Ánh mắt của anh ấy rất dữ tợn.,His eyes were fierce.,6
2042,胸怀,xiōnghuái,"Lòng dạ, tâm hồn","heart, soul",他有宽广的胸怀。,Tā yǒu kuānguǎng de xiōnghuái.,Anh ấy có tấm lòng rộng rãi.,He has a generous heart.,6
2043,凶手,xiōngshǒu,Hung thủ,The killer,警察抓住了凶手。,Jǐngchá zhuāzhù le xiōngshǒu.,Cảnh sát đã bắt được kẻ giết người.,The police caught the murderer.,6
2044,胸膛,xiōngtáng,Ngực,Chest,他挺起了胸膛。,Tā tǐngqǐ le xiōngtáng.,Anh ấy ưỡn ngực lên.,He puffed out his chest.,6
2045,雄厚,xiónghòu,Hùng hậu,Majestic,公司的资金雄厚。,Gōngsī de zījīn xiónghòu.,Vốn của công ty rất dồi dào.,The company's capital is abundant.,6
2046,羞耻,xiūchǐ,Xấu hổ,Shy,他感到非常羞耻。,Tā gǎndào fēicháng xiūchǐ.,Anh ấy cảm thấy rất xấu hổ.,He felt so ashamed.,6
2047,修复,xiūfù,"Sửa chữa, phục hồi","Repair, restore",这座古建筑得到了修复。,Zhè zuò gǔ jiànzhú dédào le xiūfù.,Công trình kiến trúc cổ này đã được tu sửa.,This ancient structure has been restored.,6
2048,修建,xiūjiàn,Xây dựng,Build,他们在修建新学校。,Tāmen zài xiūjiàn xīn xuéxiào.,Họ đang xây dựng trường học mới.,They are building a new school.,6
2049,修理,xiūlǐ,Sửa chữa,Repair,我的自行车需要修理。,Wǒ de zìxíngchē xūyào xiūlǐ.,Xe đạp của tôi cần sửa chữa.,My bike needs repair.,6
2050,修养,xiūyǎng,Tu dưỡng,Cultivation,他很注重自己的修养。,Tā hěn zhùzhòng zìjǐ de xiūyǎng.,Anh ấy rất chú trọng tu dưỡng bản thân.,He pays great attention to self-cultivation.,6
2051,绣,xiù,Thêu,Embroidery,她在手帕上绣了花。,Tā zài shǒupà shàng xiù le huā.,Cô ấy đã thêu hoa lên chiếc khăn tay.,She embroidered flowers on the handkerchief.,6
2052,嗅觉,xiùjué,Khứu giác,Smell,狗的嗅觉非常灵敏。,Gǒu de xiùjué fēicháng língmǐn.,Khứu giác của chó rất nhạy bén.,Dogs have a very keen sense of smell.,6
2053,虚假,xūjiǎ,Giả dối,False,这个故事有些虚假。,Zhège gùshì yǒuxiē xūjiǎ.,Câu chuyện này có phần giả dối.,This story is somewhat false.,6
2054,需求,xūqiú,Nhu cầu,Demand,公司的需求不断增加。,Gōngsī de xūqiú bùduàn zēngjiā.,Nhu cầu của công ty không ngừng tăng lên.,The company's needs are constantly increasing.,6
2055,虚荣,xūróng,Hư vinh,Vainglory,他有点虚荣。,Tā yǒudiǎn xūróng.,Anh ấy hơi phù phiếm.,He is a bit vain.,6
2056,虚伪,xūwěi,Giả tạo,Fake,我讨厌虚伪的人。,Wǒ tǎoyàn xūwěi de rén.,Tôi ghét những người giả dối.,I hate fake people.,6
2057,须知,xūzhī,Cần biết,Need to know,申请表上有须知。,Shēnqǐng biǎo shàng yǒu xūzhī.,Trên mẫu đơn có hướng dẫn.,Instructions are on the form.,6
2058,许可,xǔkě,Cho phép,Allow,这个活动需要得到许可。,Zhège huódòng xūyào dédào xǔkě.,Hoạt động này cần được cấp phép.,This activity requires a license.,6
2059,酗酒,xùjiǔ,Nghiện rượu,Alcoholism,他酗酒成性。,Tā xùjiǔ chéng xìng.,Anh ấy nghiện rượu.,He is an alcoholic.,6
2060,畜牧,xùmù,Chăn nuôi,Animal husbandry,这个地区以畜牧业为主。,Zhège dìqū yǐ xùmùyè wéi zhǔ.,Khu vực này chủ yếu là chăn nuôi.,This area is mainly livestock farming.,6
2061,序言,xùyán,Lời nói đầu,Preface,序言部分很重要。,Xùyán bùfèn hěn zhòngyào.,Phần lời tựa rất quan trọng.,The preface is very important.,6
2062,宣誓,xuānshì,Tuyên thệ,Oath,他在法庭上宣誓。,Tā zài fǎtíng shàng xuānshì.,Anh ấy tuyên thệ tại tòa án.,He was sworn in court.,6
2063,宣扬,xuānyáng,Tuyên truyền,Propagate,他们在宣扬新政策。,Tāmen zài xuānyáng xīn zhèngcè.,Họ đang tuyên truyền chính sách mới.,They are promoting new policies.,6
2064,悬挂,xuánguà,Treo,Hang,我在墙上悬挂了一幅画。,Wǒ zài qiáng shàng xuánguà le yī fú huà.,Tôi đã treo một bức tranh lên tường.,I hung a picture on the wall.,6
2065,旋律,xuánlǜ,Giai điệu,Melody,这首歌的旋律很优美。,Zhè shǒu gē de xuánlǜ hěn yōuměi.,Giai điệu của bài hát này rất đẹp.,The melody of this song is very beautiful.,6
2066,悬念,xuánniàn,Lo lắng,Worry,他一直在悬念结局。,Tā yīzhí zài xuánniàn jiéjú.,Anh ấy luôn hồi hộp về kết cục.,He was always nervous about the outcome.,6
2067,悬崖峭壁,xuányá qiàobì,Vách đá cheo leo,cliff,山峰悬崖峭壁。,Shānfēng xuányá qiàobì.,Đỉnh núi cheo leo hiểm trở.,The mountain top is steep and dangerous.,6
2068,旋转,xuánzhuǎn,"Quay, xoay","Turn, turn",这个玩具可以旋转。,Zhège wánjù kěyǐ xuánzhuǎn.,Đồ chơi này có thể xoay.,This toy can rotate.,6
2069,选拔,xuǎnbá,Tuyển chọn,Selection,我们正在选拔人才。,Wǒmen zhèngzài xuǎnbá réncái.,Chúng tôi đang tuyển chọn nhân tài.,We are recruiting.,6
2070,选手,xuǎnshǒu,Tuyển thủ,Player,他是一位优秀的选手。,Tā shì yī wèi yōuxiù de xuǎnshǒu.,Anh ấy là một vận động viên xuất sắc.,He is an excellent athlete.,6
2071,削弱,xuēruò,Suy yếu,Weaken,他们的力量被削弱了。,Tāmen de lìliàng bèi xuēruò le.,Sức mạnh của họ đã bị suy yếu.,Their power has been weakened.,6
2072,学历,xuélì,Trình độ học vấn,Education level,她的学历很高。,Tā de xuélì hěn gāo.,Trình độ học vấn của cô ấy rất cao.,Her education is very high.,6
2073,学说,xuéshuō,Học thuyết,Doctrine,这是一个新的学说。,Zhè shì yī gè xīn de xuéshuō.,Đây là một học thuyết mới.,This is a new theory.,6
2074,学位,xuéwèi,Học vị,Degree,他获得了硕士学位。,Tā huòdé le shuòshì xuéwèi.,Anh ấy đã nhận được bằng thạc sĩ.,He received his master's degree.,6
2075,雪上加霜,xuěshàng jiāshuāng,Tuyết trên sương,Snow on the mist,他的情况真是雪上加霜。,Tā de qíngkuàng zhēn shì xuěshàngjiāshuāng.,Tình trạng của anh ấy thực sự là khó khăn chồng chất.,His condition is really a difficult one.,6
2076,血压,xuèyā,Huyết áp,Blood pressure,他的血压很高。,Tā de xuèyā hěn gāo.,Huyết áp của anh ấy rất cao.,His blood pressure is very high.,6
2077,熏陶,xūntáo,"Đào tạo, hun đúc","Training, nurturing",孩子们在家长的熏陶下成长。,Háizimen zài jiāzhǎng de xūntáo xià chéngzhǎng.,Trẻ em lớn lên dưới sự dạy dỗ của cha mẹ.,Children grow up under the guidance of their parents.,6
2078,循环,xúnhuán,Tuần hoàn,Cyclic,这个过程是一个循环。,Zhège guòchéng shì yī gè xúnhuán.,Quá trình này là một chu trình.,This process is a cycle.,6
2079,巡逻,xúnluó,Tuần tra,Patrol,警察正在巡逻。,Jǐngchá zhèngzài xúnluó.,Cảnh sát đang tuần tra.,The police are on patrol.,6
2080,寻觅,xúnmì,Tìm kiếm,Search,他正在寻觅新的机会。,Tā zhèngzài xúnmì xīn de jīhuì.,Anh ấy đang tìm kiếm cơ hội mới.,He is looking for new opportunities.,6
2081,循序渐进,xúnxù jiànjìn,Tiến hành tuần tự,Proceed sequentially,学习需要循序渐进。,Xuéxí xūyào xúnxùjiànjìn.,Việc học cần tiến bộ từng bước.,Learning requires gradual progress.,6
2082,押金,yājīn,Tiền đặt cọc,Deposit,交房时需要交押金。,Jiāo fáng shí xūyào jiāo yājīn.,Khi nhận nhà cần đặt cọc.,Deposit required when receiving house.,6
2083,压迫,yāpò,Áp bức,Oppressive,他感到受到压迫。,Tā gǎndào shòudào yāpò.,Anh ấy cảm thấy bị áp bức.,He felt oppressed.,6
2084,压岁钱,yāsuìqián,Tiền lì xì,Lucky money,过年时孩子们会收到压岁钱。,Guònián shí háizimen huì shōudào yāsuìqián.,Trẻ em sẽ nhận được tiền mừng tuổi vào dịp Tết.,Children will receive lucky money on Tet holiday.,6
2085,压缩,yāsuō,Nén,Compression,我们需要压缩文件大小。,Wǒmen xūyào yāsuō wénjiàn dàxiǎo.,Chúng ta cần nén kích thước tệp tin.,We need to compress the file size.,6
2086,压抑,yāyì,Ức chế,Inhibition,他感到非常压抑。,Tā gǎndào fēicháng yāyì.,Anh ấy cảm thấy rất bị đè nén.,He felt very oppressed.,6
2087,压榨,yāzhà,"Ép, bóc lột","Force, exploit",我们不能压榨员工。,Wǒmen bùnéng yāzhà yuángōng.,Chúng ta không thể bóc lột nhân viên.,We cannot exploit our employees.,6
2088,压制,yāzhì,Kìm hãm,Restraint,他被压制住了。,Tā bèi yāzhì zhù le.,Anh ấy đã bị đàn áp.,He was oppressed.,6
2089,亚军,yàjūn,Á quân,Runner-up,她赢得了亚军。,Tā yíngdé le yàjūn.,Cô ấy đã giành được giải á quân.,She won the runner-up prize.,6
2090,烟花爆竹,yānhuā bàozhú,Pháo hoa,Firework,过年时，我们喜欢放烟花爆竹。,"Guònián shí, wǒmen xǐhuān fàng yānhuā bàozhú.","Vào dịp Tết, chúng tôi thích đốt pháo hoa.","On Tet holiday, we like to set off fireworks.",6
2091,淹没,yānmò,Nhấn chìm,Submerge,洪水淹没了村庄。,Hóngshuǐ yānmò le cūnzhuāng.,Lũ lụt đã nhấn chìm ngôi làng.,The flood submerged the village.,6
2092,沿海,yánhǎi,Ven biển,Coastal,这个城市沿海。,Zhège chéngshì yánhǎi.,Thành phố này ven biển.,This city is by the sea.,6
2093,严寒,yánhán,Lạnh giá,Cold,这里的冬天非常严寒。,Zhèlǐ de dōngtiān fēicháng yánhán.,Mùa đông ở đây rất lạnh.,Winter here is very cold.,6
2094,严禁,yánjìn,Cấm tuyệt đối,Absolutely forbidden,严禁吸烟。,Yánjìn xīyān.,Cấm hút thuốc.,No smoking.,6
2095,严峻,yánjùn,Nghiêm trọng,Serious,他面临严峻的挑战。,Tā miànlín yánjùn de tiǎozhàn.,Anh ấy đối mặt với thử thách nghiêm trọng.,He faces a serious challenge.,6
2096,严厉,yánlì,Nghiêm khắc,Strict,老师对学生非常严厉。,Lǎoshī duì xuéshēng fēicháng yánlì.,Giáo viên rất nghiêm khắc với học sinh.,The teacher is very strict with the students.,6
2097,言论,yánlùn,Ngôn luận,Speech,我们要尊重言论自由。,Wǒmen yào zūnzhòng yánlùn zìyóu.,Chúng ta phải tôn trọng tự do ngôn luận.,We must respect freedom of speech.,6
2098,严密,yánmì,Kín đáo,Discreet,我们需要对这个问题进行严密分析。,Wǒmen xūyào duì zhège wèntí jìnxíng yánmì fēnxī.,Chúng ta cần phân tích kỹ lưỡng vấn đề này.,We need to analyze this issue carefully.,6
2099,延期,yánqī,Gia hạn,Extend,会议延期了。,Huìyì yánqī le.,Cuộc họp đã bị hoãn lại.,The meeting was adjourned.,6
2100,炎热,yánrè,Nóng bức,Hot,炎热的夏天让人难以忍受。,Yánrè de xiàtiān ràng rén nányǐ rěnshòu.,Mùa hè nóng bức làm cho con người khó chịu nổi.,The hot summer makes people uncomfortable.,6
2101,延伸,yánshēn,Mở rộng,Extend,河流延伸到远方。,Héliú yánshēn dào yuǎnfāng.,Con sông kéo dài đến phương xa.,The river stretches into the distance.,6
2102,岩石,yánshí,Đá,Stone,岩石非常坚硬。,Yánshí fēicháng jiānyìng.,Đá rất cứng.,The rock is very hard.,6
2103,延续,yánxù,Tiếp tục,Continue,这个传统延续了几百年。,Zhège chuántǒng yánxùle jǐ bǎi nián.,Truyền thống này đã được duy trì trong vài trăm năm.,This tradition has been maintained for several hundred years.,6
2104,演变,yǎnbiàn,Diễn biến,Development,动物的形态会随着时间演变。,Dòngwù de xíngtài huì suízhe shíjiān yǎnbiàn.,Hình thái của động vật sẽ thay đổi theo thời gian.,Animal morphology will change over time.,6
2105,掩盖,yǎngài,Che đậy,Cover,他试图掩盖自己的错误。,Tā shìtú yǎngài zìjǐ de cuòwù.,Anh ta cố gắng che đậy lỗi lầm của mình.,He tried to cover up his mistake.,6
2106,眼光,yǎnguāng,Ánh mắt,Eyes,她的眼光非常独到。,Tā de yǎnguāng fēicháng dúdào.,Ánh mắt của cô ấy rất độc đáo.,Her eyes are very unique.,6
2107,掩护,yǎnhù,Che chở,Protect,士兵们互相掩护。,Shìbīngmen hùxiāng yǎnhù.,Các binh sĩ bảo vệ lẫn nhau.,Soldiers protect each other.,6
2108,演讲,yǎnjiǎng,Diễn thuyết,Speech,他的演讲非常精彩。,Tā de yǎnjiǎng fēicháng jīngcǎi.,Bài diễn thuyết của anh ấy rất xuất sắc.,His speech was excellent.,6
2109,眼色,yǎnsè,"Ánh mắt, ý tứ","Eyes, meaning",她给了他一个眼色。,Tā gěile tā yī gè yǎnsè.,Cô ấy đã ra hiệu cho anh ta bằng ánh mắt.,She signaled him with her eyes.,6
2110,眼神,yǎnshén,Thần thái ánh mắt,Eye expression,他的眼神透露出悲伤。,Tā de yǎnshén tòulù chū bēishāng.,Ánh mắt của anh ấy bộc lộ nỗi buồn.,His eyes revealed sadness.,6
2111,掩饰,yǎnshì,Che giấu,Hide,她努力掩饰自己的情绪。,Tā nǔlì yǎnshì zìjǐ de qíngxù.,Cô ấy cố gắng che giấu cảm xúc của mình.,She tried to hide her feelings.,6
2112,演习,yǎnxí,Diễn tập,Rehearsal,他们正在进行军事演习。,Tāmen zhèngzài jìnxíng jūnshì yǎnxí.,Họ đang tiến hành diễn tập quân sự.,They are conducting military exercises.,6
2113,眼下,yǎnxià,Trước mắt,For now,眼下我们需要一个计划。,Yǎnxià wǒmen xūyào yī gè jìhuà.,Hiện tại chúng ta cần một kế hoạch.,We need a plan now.,6
2114,演绎,yǎnyì,Diễn giải,Interpretation,他把小说演绎得非常精彩。,Tā bǎ xiǎoshuō yǎnyì dé fēicháng jīngcǎi.,Anh ta diễn giải tiểu thuyết một cách rất hay.,He interprets the novel very well.,6
2115,演奏,yǎnzòu,Diễn tấu,Performance,她在钢琴上演奏了一首优美的曲子。,Tā zài gāngqín shàng yǎnzòule yī shǒu yōuměi de qǔzi.,Cô ấy chơi một bản nhạc đẹp trên piano.,She played a beautiful piece of music on the piano.,6
2116,验收,yànshōu,Kiểm tra và nhận,Check and receive,这个产品已经通过了验收。,Zhège chǎnpǐn yǐjīng tōngguòle yànshōu.,Sản phẩm này đã qua kiểm tra nghiệm thu.,This product has passed acceptance testing.,6
2117,厌恶,yànwù,Ghét,Hate,他对这种行为感到厌恶。,Tā duì zhè zhǒng xíngwéi gǎndào yànwù.,Anh ta cảm thấy ghê tởm với hành vi này.,He felt disgusted by this behavior.,6
2118,验证,yànzhèng,Xác minh,Verify,这个方法需要进一步验证。,Zhège fāngfǎ xūyào jìnyībù yànzhèng.,Phương pháp này cần được kiểm chứng thêm.,This method needs further validation.,6
2119,氧气,yǎngqì,Oxy,Oxygen,植物需要氧气才能生长。,Zhíwù xūyào yǎngqì cáinéng shēngzhǎng.,Thực vật cần oxy để phát triển.,Plants need oxygen to grow.,6
2120,样品,yàngpǐn,Mẫu hàng,Product sample,实验室里有很多样品。,Shíyànshì lǐ yǒu hěnduō yàngpǐn.,Trong phòng thí nghiệm có nhiều mẫu vật.,There are many specimens in the laboratory.,6
2121,摇摆,yáobǎi,Đung đưa,Swing,树枝在风中摇摆。,Shùzhī zài fēng zhōng yáobǎi.,Cành cây đung đưa trong gió.,The tree branches swayed in the wind.,6
2122,摇滚,yáogǔn,Nhạc rock,Rock music,我喜欢听摇滚音乐。,Wǒ xǐhuān tīng yáogǔn yīnyuè.,Tôi thích nghe nhạc rock.,I like listening to rock music.,6
2123,摇晃,yáohuàng,Lắc lư,Shake,地震使房屋摇晃。,Dìzhèn shǐ fángwū yáohuǎng.,Động đất làm nhà cửa rung lắc.,The earthquake made the houses shake.,6
2124,遥控,yáokòng,Điều khiển từ xa,Remote control,他们用遥控器操作电视。,Tāmen yòng yáokòngqì cāozuò diànshì.,Họ dùng điều khiển từ xa để điều khiển TV.,They use the remote control to control the TV.,6
2125,谣言,yáoyán,Tin đồn,Rumor,不要相信那些谣言。,Bùyào xiāngxìn nàxiē yáoyán.,Đừng tin vào những tin đồn đó.,Don't believe those rumors.,6
2126,遥远,yáoyuǎn,Xa xôi,Remote,她住在一个遥远的村庄。,Tā zhù zài yīgè yáoyuǎn de cūnzhuāng.,Cô ấy sống ở một ngôi làng xa xôi.,She lives in a remote village.,6
2127,咬牙切齿,yǎoyá qièchǐ,Nghiến răng kèn kẹt,Grinding teeth,他咬牙切齿地说出了真相。,Tā yǎoyá qièchǐ de shuōchūle zhēnxiàng.,Anh ta nghiến răng nghiến lợi nói ra sự thật.,He gritted his teeth and told the truth.,6
2128,要不然,yàobùrán,Nếu không thì,Otherwise,我们需要快点走，要不然就迟到了。,"Wǒmen xūyào kuài diǎn zǒu, yàobùrán jiù chídàole.","Chúng ta cần đi nhanh lên, nếu không sẽ trễ.","We need to hurry, or we will be late.",6
2129,要点,yàodiǎn,Điểm quan trọng,Key Points,他解释了几个要点。,Tā jiěshìle jǐ gè yàodiǎn.,Anh ta đã giải thích một vài điểm chính.,He explained a few key points.,6
2130,要命,yàomìng,Chết người,Deadly,这种情况要命。,Zhè zhǒng qíngkuàng yàomìng.,Tình huống này thật chết người.,This situation is deadly.,6
2131,要素,yàosù,Yếu tố,Element,这是一个成功的要素。,Zhè shì yīgè chénggōng de yàosù.,Đây là một yếu tố thành công.,This is a success factor.,6
2132,耀眼,yàoyǎn,Chói mắt,dazzling,太阳光芒耀眼。,Tàiyáng guāngmáng yàoyǎn.,Ánh mặt trời chói mắt.,The sun is shining.,6
2133,野蛮,yěmán,Man rợ,barbaric,他的行为非常野蛮。,Tā de xíngwéi fēicháng yěmán.,Hành vi của anh ta rất man rợ.,His behavior was barbaric.,6
2134,野心,yěxīn,Tham vọng,Ambition,他有很大的野心。,Tā yǒu hěn dà de yěxīn.,Anh ta có tham vọng lớn.,He has great ambitions.,6
2135,依次,yīcì,Lần lượt,In turn,我们依次进入房间。,Wǒmen yīcì jìnrù fángjiān.,Chúng tôi lần lượt vào phòng.,We entered the room one by one.,6
2136,一度,yīdù,Đã từng,Used to,我们一度认为他会成功。,Wǒmen yīdù rènwéi tā huì chénggōng.,Chúng tôi từng nghĩ rằng anh ta sẽ thành công.,We thought he would succeed.,6
2137,一帆风顺,yīfān fēngshùn,Thuận buồm xuôi gió,Smooth sailing,他希望自己的一生一帆风顺。,Tā xīwàng zìjǐ de yīshēng yīfān fēngshùn.,Anh ấy hy vọng cuộc đời mình sẽ thuận buồm xuôi gió.,He hopes his life will be smooth sailing.,6
2138,一贯,yīguàn,Trước sau như một,Consistent,他一贯都很努力。,Tā yīguàn dōu hěn nǔlì.,Anh ấy luôn luôn rất chăm chỉ.,He is always very hard working.,6
2139,依旧,yījiù,Vẫn như cũ,Same as before,她依旧美丽。,Tā yījiù měilì.,Cô ấy vẫn xinh đẹp như xưa.,She is still as beautiful as ever.,6
2140,一举两得,yījǔ liǎngdé,Một công đôi việc,Kill two birds with one stone,我们可以一举两得。,Wǒmen kěyǐ yījǔliǎngdé.,Chúng ta có thể một công đôi việc.,We can kill two birds with one stone.,6
2141,依据,yījù,Căn cứ vào,Based on,我们依据法律行事。,Wǒmen yījù fǎlǜ xíngshì.,Chúng tôi hành động theo pháp luật.,We act according to the law.,6
2142,依靠,yīkào,Dựa vào,Based on,他依靠家人的支持。,Tā yīkào jiārén de zhīchí.,Anh ta dựa vào sự ủng hộ của gia đình.,He relied on his family for support.,6
2143,依赖,yīlài,Ỷ lại,Rely on,他对科技很依赖。,Tā duì kējì hěn yīlài.,Anh ấy rất phụ thuộc vào công nghệ.,He is very dependent on technology.,6
2144,一流,yīliú,Hàng đầu,Top,这所大学是一流的。,Zhè suǒ dàxué shì yīliú de.,Trường đại học này là hạng nhất.,This university is first class.,6
2145,一律,yīlǜ,Đồng nhất,Uniformity,所有学生一律要遵守校规。,Suǒyǒu xuéshēng yīlǜ yào zūnshǒu xiàoguī.,Tất cả học sinh đều phải tuân thủ quy định của trường.,All students must comply with school rules.,6
2146,一目了然,yīmù liǎorán,Rõ ràng trong nháy mắt,Clear at a glance,这个问题一目了然。,Zhège wèntí yīmùliǎorán.,Vấn đề này rõ ràng ngay lập tức.,This problem is immediately apparent.,6
2147,一如既往,yīrú jìwǎng,Như trước đây,As before,他一如既往地支持我们。,Tā yīrújìwǎng de zhīchí wǒmen.,Anh ấy luôn ủng hộ chúng tôi như trước.,He always supported us as before.,6
2148,衣裳,yīshang,Quần áo,Clothes,她的衣裳非常漂亮。,Tā de yīshang fēicháng piàoliang.,Quần áo của cô ấy rất đẹp.,Her clothes are very nice.,6
2149,一丝不苟,yīsī bùgǒu,Tỉ mỉ cẩn thận,Careful,他做事一丝不苟。,Tā zuòshì yīsībùgǒu.,Anh ấy làm việc rất cẩn thận.,He works very carefully.,6
2150,依托,yītuō,Dựa vào,Based on,这个项目依托于先进的技术。,Zhège xiàngmù yītuō yú xiānjìn de jìshù.,Dự án này dựa vào công nghệ tiên tiến.,This project is based on advanced technology.,6
2151,一向,yīxiàng,Luôn luôn,Always,他一向很守时。,Tā yīxiàng hěn shǒushí.,Anh ấy luôn đúng giờ.,He is always on time.,6
2152,一再,yīzài,Nhiều lần,Many times,我一再强调这个问题的重要性。,Wǒ yīzài qiángdiào zhège wèntí de zhòngyào xìng.,Tôi đã nhiều lần nhấn mạnh tầm quan trọng của vấn đề này.,I have repeatedly stressed the importance of this issue.,6
2153,遗产,yíchǎn,Di sản,Heritage,他的遗产分配不均。,Tā de yíchǎn fēnpèi bù jūn.,Di sản của anh ta được phân chia không đều.,His estate was divided unevenly.,6
2154,遗传,yíchuán,Di truyền,Hereditary,这种疾病具有遗传性。,Zhè zhǒng jíbìng jùyǒu yíchuán xìng.,Căn bệnh này có tính di truyền.,This disease is genetic.,6
2155,疑惑,yíhuò,Nghi ngờ,Suspect,她的回答让我感到疑惑。,Tā de huídá ràng wǒ gǎndào yíhuò.,Câu trả lời của cô ấy khiến tôi bối rối.,Her answer left me confused.,6
2156,遗留,yíliú,Để lại,Leave,这片土地遗留了许多历史遗迹。,Zhè piàn tǔdì yíliúle xǔduō lìshǐ yíjì.,Mảnh đất này để lại nhiều di tích lịch sử.,This land leaves many historical relics.,6
2157,仪器,yíqì,Dụng cụ,Tool,这个实验需要精密的仪器。,Zhège shíyàn xūyào jīngmì de yíqì.,Thí nghiệm này cần các dụng cụ chính xác.,This experiment requires precision instruments.,6
2158,遗失,yíshī,Mất mát,Loss,我遗失了我的钥匙。,Wǒ yíshīle wǒ de yàoshi.,Tôi đã làm mất chìa khóa của mình.,I lost my keys.,6
2159,仪式,yíshì,Nghi thức,Ritual,婚礼上有很多传统仪式。,Hūnlǐ shàng yǒu hěnduō chuántǒng yíshì.,Có nhiều nghi lễ truyền thống trong đám cưới.,There are many traditional rituals in weddings.,6
2160,以便,yǐbiàn,Để tiện,For convenience,请尽快回复，以便我们安排下一步。,"Qǐng jǐnkuài huífù, yǐbiàn wǒmen ānpái xià yībù.",Vui lòng trả lời sớm để chúng tôi có thể sắp xếp bước tiếp theo.,Please reply soon so we can arrange the next step.,6
2161,以免,yǐmiǎn,Để tránh,To avoid,请小心驾驶，以免发生事故。,"Qǐng xiǎoxīn jiàshǐ, yǐmiǎn fāshēng shìgù.",Vui lòng lái xe cẩn thận để tránh tai nạn.,Please drive carefully to avoid accidents.,6
2162,以往,yǐwǎng,Trước đây,Before,以往我们总是一起去旅行。,Yǐwǎng wǒmen zǒng shì yīqǐ qù lǚxíng.,Trước đây chúng tôi luôn đi du lịch cùng nhau.,We used to travel together all the time.,6
2163,以至,yǐzhì,Đến mức,To the extent,他努力工作，以至于忘记了吃饭。,"Tā nǔlì gōngzuò, yǐzhì yú wàngjìle chīfàn.",Anh ấy làm việc chăm chỉ đến mức quên ăn.,He worked so hard that he forgot to eat.,6
2164,以致,yǐzhì,Kết quả là,The result is,天气冷得以致无法出门。,Tiānqì lěng dé yǐzhì wúfǎ chūmén.,Trời lạnh đến mức không thể ra ngoài.,It's so cold that I can't go out.,6
2165,亦,yì,Cũng,Also,他的意见很有道理，我亦同意。,"Tā de yìjiàn hěn yǒu dàolǐ, wǒ yì tóngyì.","Ý kiến của anh ấy rất có lý, tôi cũng đồng ý.","His opinion is very reasonable, I agree.",6
2166,翼,yì,Cánh,Wing,鸟儿展开了它的翼。,Niǎo er zhǎnkāile tā de yì.,Con chim dang rộng đôi cánh của nó.,The bird spread its wings.,6
2167,异常,yìcháng,Bất thường,Abnormal,他的行为异常怪异。,Tā de xíngwéi yìcháng guàiyì.,Hành vi của anh ta cực kỳ kỳ quặc.,His behavior was extremely strange.,6
2168,毅力,yìlì,Kiên trì,Persist,他靠着坚定的毅力完成了任务。,Tā kào zhe jiāndìng de yìlì wánchéngle rènwù.,Anh ta hoàn thành nhiệm vụ nhờ vào sự kiên trì vững chắc.,He completed the task through unwavering perseverance.,6
2169,意料,yìliào,Dự đoán,Forecast,结果出乎我们的意料。,Jiéguǒ chūhū wǒmen de yìliào.,Kết quả ngoài dự đoán của chúng tôi.,The results were beyond our expectations.,6
2170,毅然,yìrán,Kiên quyết,Firmly,他毅然决定辞职。,Tā yìrán juédìng cízhí.,Anh ta quyết định từ chức một cách kiên quyết.,He decided to resign resolutely.,6
2171,意识,yìshí,Ý thức,Awareness,我突然意识到自己忘了带钥匙。,Wǒ túrán yìshí dào zìjǐ wàngle dài yàoshi.,Tôi đột nhiên nhận ra mình quên mang theo chìa khóa.,I suddenly realized I forgot to bring my keys.,6
2172,意图,yìtú,Ý đồ,Intention,他的意图非常明确。,Tā de yìtú fēicháng míngquè.,Ý định của anh ấy rất rõ ràng.,His intentions were clear.,6
2173,意味着,yìwèizhe,Nghĩa là,Mean,这件事意味着我们需要重新计划。,Zhè jiàn shì yìwèizhe wǒmen xūyào chóngxīn jìhuà.,Điều này có nghĩa là chúng ta cần lên kế hoạch lại.,This means we need to re-plan.,6
2174,意向,yìxiàng,Ý định,Intent,他表现出对这项工作很有意向。,Tā biǎoxiàn chū duì zhè xiàng gōngzuò hěn yǒu yìxiàng.,Anh ấy thể hiện sự quan tâm đến công việc này.,He showed interest in this job.,6
2175,意志,yìzhì,Ý chí,Will,他有很强的意志力。,Tā yǒu hěn qiáng de yìzhìlì.,Anh ta có ý chí mạnh mẽ.,He has a strong will.,6
2176,抑制,yìzhì,Ức chế,Inhibition,她努力抑制自己的情绪。,Tā nǔlì yìzhì zìjǐ de qíngxù.,Cô ấy cố gắng kiềm chế cảm xúc của mình.,She tried to contain her emotions.,6
2177,阴谋,yīnmóu,Âm mưu,Plot,他们策划了一场阴谋。,Tāmen cèhuàle yī chǎng yīnmóu.,Họ đã lên kế hoạch một âm mưu.,They planned a plot.,6
2178,音响,yīnxiǎng,Âm thanh,Sound,这个音响系统非常先进。,Zhège yīnxiǎng xìtǒng fēicháng xiānjìn.,Hệ thống âm thanh này rất tiên tiến.,This sound system is very advanced.,6
2179,隐蔽,yǐnbì,Ẩn nấp,Cover,这间房子很隐蔽。,Zhè jiān fángzi hěn yǐnbì.,Căn nhà này rất kín đáo.,This house is very private.,6
2180,引导,yǐndǎo,Hướng dẫn,Instruct,老师引导学生思考问题。,Lǎoshī yǐndǎo xuéshēng sīkǎo wèntí.,Giáo viên hướng dẫn học sinh suy nghĩ về vấn đề.,The teacher guides students to think about the problem.,6
2181,隐患,yǐnhuàn,Hiểm họa tiềm ẩn,Potential danger,这个计划可能存在隐患。,Zhège jìhuà kěnéng cúnzài yǐnhuàn.,Kế hoạch này có thể tiềm ẩn nguy cơ.,This plan may be risky.,6
2182,隐瞒,yǐnmán,Che giấu,Hide,他隐瞒了事实的真相。,Tā yǐnmánle shìshí de zhēnxiàng.,Anh ta đã che giấu sự thật.,He concealed the truth.,6
2183,引擎,yǐnqíng,Động cơ,Engine,汽车的引擎需要定期维护。,Qìchē de yǐnqíng xūyào dìngqí wéihù.,Động cơ xe hơi cần được bảo dưỡng định kỳ.,Car engines need regular maintenance.,6
2184,饮食,yǐnshí,Ăn uống,Eat and drink,健康的饮食习惯很重要。,Jiànkāng de yǐnshí xíguàn hěn zhòngyào.,Thói quen ăn uống lành mạnh rất quan trọng.,Healthy eating habits are important.,6
2185,隐私,yǐnsī,Riêng tư,Private,每个人都有自己的隐私。,Měi gèrén dōu yǒu zìjǐ de yǐnsī.,Mỗi người đều có sự riêng tư của mình.,Everyone has their own privacy.,6
2186,引用,yǐnyòng,Trích dẫn,Quote,他引用了一句名言。,Tā yǐnyòngle yī jù míngyán.,Anh ta trích dẫn một câu nói nổi tiếng.,He quoted a famous saying.,6
2187,隐约,yǐnyuē,Mờ ảo,Blurry,我隐约听到了他的声音。,Wǒ yǐnyuē tīng dàole tā de shēngyīn.,Tôi nghe thấy giọng nói của anh ta một cách mơ hồ.,I heard his voice vaguely.,6
2188,印刷,yìnshuā,In ấn,Printing,他们在工厂里印刷书籍。,Tāmen zài gōngchǎng lǐ yìnshuā shūjí.,Họ in sách trong nhà máy.,They print books in the factory.,6
2189,婴儿,yīng'ér,Trẻ sơ sinh,Newborn,她是一个可爱的婴儿。,Tā shì yīgè kě'ài de yīng'ér.,Cô ấy là một em bé dễ thương.,She is a cute baby.,6
2190,英明,yīngmíng,Anh minh,Smart,他的领导非常英明。,Tā de lǐngdǎo fēicháng yīngmíng.,Sự lãnh đạo của anh ấy rất sáng suốt.,His leadership is very clear.,6
2191,英勇,yīngyǒng,Anh dũng,Brave,他在战场上英勇作战。,Tā zài zhànchǎng shàng yīngyǒng zuòzhàn.,Anh ta chiến đấu dũng cảm trên chiến trường.,He fought bravely on the battlefield.,6
2192,盈利,yínglì,Lợi nhuận,Profit,公司今年的盈利增长了20%。,Gōngsī jīnnián de yínglì zēngzhǎngle 20%.,Lợi nhuận của công ty năm nay tăng 20%.,The company's profits increased by 20% this year.,6
2193,迎面,yíngmiàn,Đối mặt,Face to face,他们迎面走来了。,Tāmen yíngmiàn zǒu láile.,Họ đi tới phía đối diện.,They went to the opposite side.,6
2194,荧屏,yíngpíng,Màn hình,Screen,他在荧屏上出现了。,Tā zài yíngpíng shàng chūxiànle.,Anh ấy xuất hiện trên màn hình.,He appeared on the screen.,6
2195,应酬,yìngchou,Tiệc tùng,Party,他忙于各种应酬。,Tā máng yú gèzhǒng yìngchóu.,Anh ta bận rộn với các cuộc xã giao.,He is busy with social engagements.,6
2196,应邀,yìngyāo,Được mời,Invited,他应邀参加了会议。,Tā yìngyāo cānjiāle huìyì.,Anh ấy được mời tham dự cuộc họp.,He was invited to attend the meeting.,6
2197,拥护,yōnghù,Ủng hộ,Donate,他们拥护这个决定。,Tāmen yōnghù zhège juédìng.,Họ ủng hộ quyết định này.,They support this decision.,6
2198,庸俗,yōngsú,Tầm thường,Trivial,这种行为很庸俗。,Zhè zhǒng xíngwéi hěn yōngsú.,Hành vi này rất tầm thường.,This behavior is very trivial.,6
2199,拥有,yōngyǒu,Sở hữu,Own,他拥有很多财产。,Tā yǒngyǒu hěnduō cáichǎn.,Anh ấy sở hữu nhiều tài sản.,He owns many properties.,6
2200,永恒,yǒnghéng,Vĩnh cửu,Ageless,他们的爱是永恒的。,Tāmen de ài shì yǒnghéng de.,Tình yêu của họ là vĩnh cửu.,Their love is eternal.,6
2201,涌现,yǒngxiàn,Xuất hiện nhiều,Appear more,新的机会不断涌现。,Xīn de jīhuì bùduàn yǒngxiàn.,Cơ hội mới liên tục xuất hiện.,New opportunities are constantly emerging.,6
2202,勇于,yǒngyú,Dám,Dare,他勇于面对挑战。,Tā yǒngyú miànduì tiǎozhàn.,Anh ấy dũng cảm đối mặt với thử thách.,He bravely faced the challenge.,6
2203,踊跃,yǒngyuè,Hăng hái,Eager,学生们踊跃参加活动。,Xuéshēngmen yǒngyuè cānjiā huódòng.,Các học sinh hào hứng tham gia hoạt động.,Students enthusiastically participated in the activity.,6
2204,用功,yònggōng,Chăm chỉ,Hard-working,他每天都很用功。,Tā měitiān dōu hěn yònggōng.,Anh ấy học hành chăm chỉ mỗi ngày.,He studies hard every day.,6
2205,用户,yònghù,Người dùng,User,这款产品深受用户喜爱。,Zhè kuǎn chǎnpǐn shēn shòu yònghù xǐ'ài.,Sản phẩm này được người dùng ưa chuộng.,This product is popular with users.,6
2206,优胜劣汰,yōushèng liètài,Chọn lọc tự nhiên,Natural selection,优胜劣汰是自然法则。,Yōushèngliètài shì zìrán fǎzé.,Chọn lọc tự nhiên là quy luật của tự nhiên.,Natural selection is the law of nature.,6
2207,优先,yōuxiān,Ưu tiên,Prioritize,老人和孩子优先入场。,Lǎorén hé háizi yōuxiān rùchǎng.,Người già và trẻ em được ưu tiên vào cửa.,Elderly and children are given priority entry.,6
2208,优异,yōuyì,Xuất sắc,Excellent,他的成绩非常优异。,Tā de chéngjī fēicháng yōuyì.,Thành tích của anh ấy rất xuất sắc.,His achievements are excellent.,6
2209,忧郁,yōuyù,Buồn rầu,Sad,她看起来有些忧郁。,Tā kàn qǐlái yǒuxiē yōuyù.,Cô ấy trông có vẻ buồn rầu.,She looks sad.,6
2210,优越,yōuyuè,Ưu việt,Superior,这个地方的环境很优越。,Zhège dìfāng de huánjìng hěn yōuyuè.,Môi trường ở đây rất tốt.,The environment here is very good.,6
2211,油腻,yóunì,Mỡ màng,Fat,这种食物太油腻了。,Zhè zhǒng shíwù tài yóunì le.,Món ăn này quá béo ngậy.,This dish is too greasy.,6
2212,油漆,yóuqī,Sơn,Paint,他在墙上涂了油漆。,Tā zài qiáng shàng túle yóuqī.,Anh ấy sơn lên tường.,He painted on the wall.,6
2213,犹如,yóurú,Như là,As if,这对我来说犹如一场梦。,Zhè duì wǒ lái shuō yóurú yī chǎng mèng.,"Đối với tôi, điều này như một giấc mơ.","For me, this is like a dream.",6
2214,有条不紊,yǒutiáo bùwěn,Ngăn nắp,Orderly,她做事有条不紊。,Tā zuòshì yǒu tiáo bù wěn.,Cô ấy làm việc có trật tự.,She works in an orderly manner.,6
2215,诱惑,yòuhuò,Cám dỗ,Temptation,这个计划对他很有诱惑力。,Zhège jìhuà duì tā hěn yǒu yòuhuò lì.,Kế hoạch này rất hấp dẫn đối với anh ta.,This plan was very attractive to him.,6
2216,幼稚,yòuzhì,Non nớt,Immature,他的想法太幼稚了。,Tā de xiǎngfǎ tài yòuzhì le.,Suy nghĩ của anh ấy quá non nớt.,His thinking is too immature.,6
2217,愚蠢,yúchǔn,Ngu ngốc,Stupid,他的行为非常愚蠢。,Tā de xíngwéi fēicháng yúchǔn.,Hành vi của anh ta rất ngu ngốc.,His behavior is very stupid.,6
2218,舆论,yúlùn,Dư luận,Public opinion,舆论对他产生了很大影响。,Yúlùn duì tā chǎnshēngle hěn dà yǐngxiǎng.,Dư luận đã có ảnh hưởng lớn đến anh ta.,Public opinion had a great influence on him.,6
2219,愚昧,yúmèi,Ngu dốt,Ignorance,他们愚昧无知。,Tāmen yúmèi wúzhī.,Họ dốt nát không biết gì.,They are ignorant.,6
2220,渔民,yúmín,Ngư dân,Fisherman,渔民们早起捕鱼。,Yúmínmen zǎoqǐ bǔ yú.,Ngư dân dậy sớm để đánh cá.,Fishermen get up early to fish.,6
2221,与日俱增,yǔrì jùzēng,Tăng theo ngày,Increase by day,这个城市的人口与日俱增。,Zhège chéngshì de rénkǒu yǔrìjùzēng.,Dân số của thành phố này tăng lên từng ngày.,The population of this city is increasing day by day.,6
2222,羽绒服,yǔróngfú,Áo lông vũ,Down jacket,冬天的时候我穿羽绒服。,Dōngtiān de shíhòu wǒ chuān yǔróngfú.,Tôi mặc áo lông vũ vào mùa đông.,I wear a down jacket in winter.,6
2223,予以,yǔyǐ,Đưa ra,Show,请予以协助。,Qǐng yǔyǐ xiézhù.,Xin vui lòng hỗ trợ.,Please help.,6
2224,愈,yù,Càng ... càng,The more... the more,天气愈来愈冷了。,Tiānqì yù lái yù lěng le.,Thời tiết càng ngày càng lạnh.,The weather is getting colder.,6
2225,熨,yùn,Ủi (là) quần áo,Ironing clothes,他把衣服熨得很平整。,Tā bǎ yīfú yùnde hěn píngzhěng.,Anh ấy ủi quần áo rất phẳng.,He irons clothes very neatly.,6
2226,预料,yùliào,Dự đoán,Forecast,他的表现出乎预料。,Tā de biǎoxiàn chūhū yùliào.,Hiệu suất của anh ấy ngoài dự đoán.,His performance was beyond expectations.,6
2227,预期,yùqī,Dự kiến,Expected,他们预期项目能按时完成。,Tāmen yùqī xiàngmù néng ànshí wánchéng.,Họ mong đợi dự án sẽ hoàn thành đúng thời hạn.,They expect the project to be completed on time.,6
2228,预赛,yùsài,Vòng loại,Qualifying round,预赛成绩决定了谁能进入决赛。,Yùsài chéngjī juédìngle shéi néng jìnrù juésài.,Kết quả vòng loại quyết định ai sẽ vào chung kết.,The results of the qualifying round determine who will advance to the final.,6
2229,预算,yùsuàn,Dự toán,Estimate,我们需要做一个预算。,Wǒmen xūyào zuò yīgè yùsuàn.,Chúng ta cần lập một ngân sách.,We need to make a budget.,6
2230,欲望,yùwàng,Ham muốn,Lust,他对生活充满了欲望。,Tā duì shēnghuó chōngmǎnle yùwàng.,Anh ấy đầy khát vọng về cuộc sống.,He is full of passion for life.,6
2231,预先,yùxiān,Trước,Before,我们预先准备好了所有材料。,Wǒmen yùxiān zhǔnbèihǎole suǒyǒu cáiliào.,Chúng tôi đã chuẩn bị sẵn tất cả các tài liệu.,We have prepared all the documents.,6
2232,预言,yùyán,Tiên đoán,Prediction,预言家预测了未来的变化。,Yùyán jiā yùcèle wèilái de biànhuà.,Nhà tiên tri dự đoán những thay đổi trong tương lai.,The prophet predicts future changes.,6
2233,寓言,yùyán,Ngụ ngôn,Parable,他给孩子们讲了一个寓言故事。,Tā gěi háizimen jiǎngle yīgè yùyán gùshì.,Anh ấy kể cho bọn trẻ nghe một câu chuyện ngụ ngôn.,He told the children a fable.,6
2234,预兆,yùzhào,Điềm báo,Omen,天空的乌云预兆着暴风雨即将来临。,Tiānkōng de wūyún yùzhàozhe bàofēngyǔ jíjiāng láilín.,Mây đen trên trời báo hiệu một cơn bão sắp đến.,Dark clouds in the sky signal an approaching storm.,6
2235,冤枉,yuānwang,Oan ức,Injustice,他觉得自己受了冤枉。,Tā juéde zìjǐ shòule yuānwǎng.,Anh ta cảm thấy mình bị oan.,He felt wronged.,6
2236,原告,yuángào,Nguyên cáo,Plaintiff,原告在法庭上陈述了事实。,Yuángào zài fǎtíng shàng chénshùle shìshí.,Nguyên đơn trình bày sự việc trước tòa.,The plaintiff presented the case to the court.,6
2237,原理,yuánlǐ,Nguyên lý,Principle,这是一个重要的科学原理。,Zhè shì yīgè zhòngyào de kēxué yuánlǐ.,Đây là một nguyên lý khoa học quan trọng.,This is an important scientific principle.,6
2238,园林,yuánlín,Vườn cảnh,Landscape garden,这个公园有美丽的园林。,Zhège gōngyuán yǒu měilì de yuánlín.,Công viên này có những khu vườn đẹp.,This park has beautiful gardens.,6
2239,圆满,yuánmǎn,Viên mãn,Fulfillment,我们圆满完成了任务。,Wǒmen yuánmǎn wánchéngle rènwù.,Chúng tôi đã hoàn thành nhiệm vụ một cách trọn vẹn.,We have completed the mission in full.,6
2240,源泉,yuánquán,Nguồn,Source,创新的源泉是不断的学习。,Chuàngxīn de yuánquán shì bùduàn de xuéxí.,Nguồn sáng tạo là việc học không ngừng.,The source of creativity is continuous learning.,6
2241,原始,yuánshǐ,Nguyên thủy,Original,这个区域保留了原始的生态环境。,Zhège qūyù bǎoliúle yuánshǐ de shēngtài huánjìng.,Khu vực này giữ lại môi trường sinh thái nguyên thủy.,This area retains its original ecological environment.,6
2242,元首,yuánshǒu,Nguyên thủ,Head of State,国家的元首发表了重要讲话。,Guójiā de yuánshǒu fābiǎole zhòngyào jiǎnghuà.,Nguyên thủ quốc gia đã có bài phát biểu quan trọng.,The head of state gave an important speech.,6
2243,元素,yuánsù,Nguyên tố,Element,化学元素对人体健康有重要影响。,Huàxué yuánsù duì réntǐ jiànkāng yǒu zhòngyào yǐngxiǎng.,Các nguyên tố hóa học có ảnh hưởng quan trọng đến sức khỏe con người.,Chemical elements have important effects on human health.,6
2244,原先,yuánxiān,Trước kia,Formerly,他原先是个老师，现在是校长。,"Tā yuánxiān shì gè lǎoshī, xiànzài shì xiàozhǎng.","Anh ấy trước đây là giáo viên, bây giờ là hiệu trưởng.","He was a teacher before, now he is a principal.",6
2245,元宵节,Yuánxiāojié,Tết Nguyên tiêu,Lantern Festival,元宵节是中国的传统节日。,Yuánxiāo jié shì zhōngguó de chuántǒng jiérì.,Tết Nguyên Tiêu là lễ hội truyền thống của Trung Quốc.,Lantern Festival is a traditional Chinese festival.,6
2246,约束,yuēshù,Ràng buộc,Constraints,他的话起到了很大的约束作用。,Tā dehuà qǐ dào le hěn dà de yuēshù zuòyòng.,Lời nói của anh ấy có tác dụng ràng buộc lớn.,His words have great binding effect.,6
2247,岳父,yuèfù,Bố vợ,father in law,他是我的岳父。,Tā shì wǒ de yuèfù.,Ông ấy là cha vợ của tôi.,He is my father-in-law.,6
2248,乐谱,yuèpǔ,Bản nhạc,Sheet music,这本乐谱非常有名。,Zhè běn yuèpǔ fēicháng yǒumíng.,Bản nhạc này rất nổi tiếng.,This song is very famous.,6
2249,蕴藏,yùncáng,Chứa đựng,Contains,这个地方蕴藏着丰富的资源。,Zhège dìfāng yùncángzhe fēngfù de zīyuán.,Khu vực này chứa đựng nguồn tài nguyên phong phú.,This area contains rich resources.,6
2250,酝酿,yùnniàng,Lên men,Ferment,他们在酝酿一个新的计划。,Tāmen zài yùnniàng yīgè xīn de jìhuà.,Họ đang ấp ủ một kế hoạch mới.,They are hatching a new plan.,6
2251,运算,yùnsuàn,Tính toán,Calculate,他负责公司的运算工作。,Tā fùzé gōngsī de yùnsuàn gōngzuò.,Anh ấy chịu trách nhiệm về công việc tính toán của công ty.,He is responsible for the company's accounting work.,6
2252,运行,yùnxíng,Vận hành,Operate,火车正在正常运行。,Huǒchē zhèngzài zhèngcháng yùnxíng.,Tàu hỏa đang chạy bình thường.,The train is running normally.,6
2253,孕育,yùnyù,Nuôi dưỡng,Nurture,她正在孕育一个新生命。,Tā zhèngzài yùnyù yīgè xīn shēngmìng.,Cô ấy đang mang thai một sự sống mới.,She is pregnant with a new life.,6
2254,砸,zá,"Đập, phá","Smash, destroy",他把玻璃砸碎了。,Tā bǎ bōli zá suìle.,Anh ấy đập vỡ kính.,He broke the glass.,6
2255,杂技,zájì,Xiếc,Circus,杂技表演非常精彩。,Zájì biǎoyǎn fēicháng jīngcǎi.,Buổi biểu diễn xiếc rất xuất sắc.,The circus show was excellent.,6
2256,杂交,zájiāo,Lai giống,Hybrid,杂交水稻增产显著。,Zájiāo shuǐdào zēngchǎn xiǎnzhù.,Lúa lai tăng sản lượng rõ rệt.,Hybrid rice increases yield significantly.,6
2257,咋,zǎ,Sao (phương ngữ),Star (dialect),这件事咋办？,Zhè jiàn shì zǎ bàn?,Việc này làm sao đây?,How does this work?,6
2258,灾难,zāinàn,Thảm họa,Disaster,地震是一场可怕的灾难。,Dìzhèn shì yī chǎng kěpà de zāinàn.,Động đất là một thảm họa khủng khiếp.,Earthquakes are terrible disasters.,6
2259,栽培,zāipéi,Trồng trọt,Crop,农民们精心栽培果树。,Nóngmínmen jīngxīn zāipéi guǒshù.,Những người nông dân chăm sóc cây ăn quả rất cẩn thận.,Farmers take very good care of fruit trees.,6
2260,宰,zǎi,"Giết, mổ","Kill, butcher",他要宰一只鸡。,Tā yào zǎi yī zhī jī.,Anh ấy muốn giết một con gà.,He wanted to kill a chicken.,6
2261,在乎,zàihu,Quan tâm,Care about,他不在乎别人的看法。,Tā bù zàihu biérén de kànfǎ.,Anh ấy không quan tâm đến ý kiến của người khác.,He doesn't care about other people's opinions.,6
2262,再接再厉,zàijiē zàilì,Cố gắng không ngừng,Keep trying,让我们再接再厉。,Ràng wǒmen zài jiē zài lì.,Chúng ta hãy tiếp tục nỗ lực hơn nữa.,Let's keep working hard.,6
2263,在意,zàiyì,Quan tâm,Care about,她对这件事非常在意。,Tā duì zhè jiàn shì fēicháng zàiyì.,Cô ấy rất quan tâm đến việc này.,She is very interested in this.,6
2264,攒,zǎn,Tích lũy,Accumulate,他攒了很多钱。,Tā zǎnle hěn duō qián.,Anh ấy đã tiết kiệm được rất nhiều tiền.,He saved a lot of money.,6
2265,暂且,zànqiě,Tạm thời,Temporary,暂且休息一下。,Zànqiě xiūxí yīxià.,Hãy tạm thời nghỉ ngơi một chút.,Take a break for a while.,6
2266,赞叹,zàntàn,Ca ngợi,Praise,我们对他的演讲赞叹不已。,Wǒmen duì tā de yǎnjiǎng zàntàn bùyǐ.,Chúng tôi không ngớt lời khen ngợi bài phát biểu của anh ấy.,We couldn't stop praising his speech.,6
2267,赞同,zàntóng,Đồng tình,Agree,我们赞同他的观点。,Wǒmen zàntóng tā de guāndiǎn.,Chúng tôi đồng ý với quan điểm của anh ấy.,We agree with his point of view.,6
2268,赞扬,zànyáng,Ca ngợi,Praise,他因出色的表现而受到赞扬。,Tā yīn chūsè de biǎoxiàn ér shòudào zànyáng.,Anh ấy được khen ngợi vì thành tích xuất sắc.,He was praised for his outstanding performance.,6
2269,赞助,zànzhù,Tài trợ,Sponsorship,他们赞助了这次活动。,Tāmen zànzhùle zhè cì huódòng.,Họ đã tài trợ cho sự kiện này.,They sponsored this event.,6
2270,遭受,zāoshòu,Chịu đựng,Suffer,他在战争中遭受了重伤。,Tā zài zhànzhēng zhōng zāoshòule zhòng shāng.,Anh ấy bị thương nặng trong chiến tranh.,He was seriously injured in the war.,6
2271,糟蹋,zāotà,Phá hoại,Destructive,不要糟蹋食物。,Bùyào zāotà shíwù.,Đừng lãng phí thức ăn.,Don't waste food.,6
2272,遭殃,zāoyāng,Gặp nạn,In trouble,洪水让很多人遭殃。,Hóngshuǐ ràng hěn duō rén zāoyāng.,Lũ lụt khiến nhiều người gặp nạn.,Floods cause many accidents.,6
2273,遭遇,zāoyù,Gặp phải,Encounter,他在工作中遭遇了很多困难。,Tā zài gōngzuò zhōng zāoyùle hěn duō kùnnán.,Anh ấy gặp rất nhiều khó khăn trong công việc.,He has a lot of difficulties at work.,6
2274,造反,zàofǎn,Nổi loạn,Rebellion,农民们起义造反。,Nóngmínmen qǐyì zàofǎn.,Những người nông dân nổi dậy phản kháng.,The peasants rose up in protest.,6
2275,造型,zàoxíng,Tạo hình,Shape,这个雕像的造型非常独特。,Zhège diāoxiàng de zàoxíng fēicháng dútè.,Hình dáng của bức tượng này rất độc đáo.,The shape of this statue is very unique.,6
2276,噪音,zàoyīn,Tiếng ồn,Noise,城市的噪音很大。,Chéngshì de zàoyīn hěn dà.,Tiếng ồn ở thành phố rất lớn.,The noise in the city is very loud.,6
2277,责怪,zéguài,Trách móc,Blame,他责怪我没有完成任务。,Tā zéguài wǒ méiyǒu wánchéng rènwù.,Anh ấy trách tôi không hoàn thành nhiệm vụ.,He blamed me for not completing the task.,6
2278,贼,zéi,Kẻ trộm,Thief,小偷很狡猾。,Xiǎotōu hěn jiǎohuá.,Tên trộm rất xảo quyệt.,The thief was very cunning.,6
2279,增添,zēngtiān,Thêm vào,Add,新的成员给团队增添了活力。,Xīn de chéngyuán gěi tuánduì zēngtiānle huólì.,Thành viên mới đã thêm sinh lực cho đội.,The new member has added vitality to the team.,6
2280,赠送,zèngsòng,Tặng,Donate,他给我赠送了一本书。,Tā gěi wǒ zèngsòngle yī běn shū.,Anh ấy tặng tôi một cuốn sách.,He gave me a book.,6
2281,渣,zhā,Cặn bã,Scum,这些水果有很多渣。,Zhèxiē shuǐguǒ yǒu hěn duō zhā.,Những loại trái cây này có nhiều cặn.,These fruits have a lot of residue.,6
2282,扎,zhā,Cắm vào,Plug in,他用针扎破了手指。,Tā yòng zhēn zhā pòle shǒuzhǐ.,Anh ấy dùng kim đâm thủng ngón tay.,He pricked his finger with a needle.,6
2283,扎实,zhāshi,Chắc chắn,Sure,我们的基础很扎实。,Wǒmen de jīchǔ hěn zhāshi.,Nền tảng của chúng tôi rất vững chắc.,Our foundation is very strong.,6
2284,眨,zhǎ,Chớp mắt,Blink,他眨了一下眼睛。,Tā zhǎle yīxià yǎnjīng.,Anh ấy chớp mắt một cái.,He blinked.,6
2285,诈骗,zhàpiàn,Lừa đảo,Cheat,他被指控诈骗。,Tā bèi zhǐkòng zhàpiàn.,Anh ấy bị buộc tội lừa đảo.,He was charged with fraud.,6
2286,摘要,zhāiyào,Tóm tắt,Summary,这篇文章的摘要很重要。,Zhè piān wénzhāng de zhāiyào hěn zhòngyào.,Bản tóm tắt của bài viết này rất quan trọng.,The summary of this article is important.,6
2287,债券,zhàiquàn,Trái phiếu,Bonds,他购买了政府债券。,Tā gòumǎile zhèngfǔ zhàiquàn.,Anh ấy đã mua trái phiếu chính phủ.,He bought government bonds.,6
2288,沾光,zhānguāng,Hưởng lợi,Benefit,我们这次真的沾光了。,Wǒmen zhè cì zhēn de zhānguāng le.,Lần này chúng tôi thật sự may mắn.,We were really lucky this time.,6
2289,瞻仰,zhānyǎng,Chiêm ngưỡng,Admire,他们瞻仰了烈士纪念碑。,Tāmen zhānyǎngle lièshì jìniànbēi.,Họ đã chiêm ngưỡng đài tưởng niệm liệt sĩ.,They admired the martyrs' memorial.,6
2290,斩钉截铁,zhǎndīng jiétiě,Kiên quyết dứt khoát,resolute,他说话斩钉截铁。,Tā shuōhuà zhǎndīngjiétiě.,Anh ấy nói một cách dứt khoát.,He said firmly.,6
2291,展示,zhǎnshì,Trưng bày,Display,他们展示了新产品。,Tāmen zhǎnshìle xīn chǎnpǐn.,Họ đã trưng bày sản phẩm mới.,They displayed new products.,6
2292,展望,zhǎnwàng,Nhìn xa trông rộng,Looking far and wide,我们展望未来的发展。,Wǒmen zhǎnwàng wèilái de fāzhǎn.,Chúng tôi dự đoán sự phát triển trong tương lai.,We anticipate future growth.,6
2293,展现,zhǎnxiàn,Hiển thị,Display,她在舞台上展现了她的才华。,Tā zài wǔtái shàng zhǎnxiànle tā de cáihuá.,Cô ấy đã thể hiện tài năng của mình trên sân khấu.,She showed her talent on stage.,6
2294,崭新,zhǎnxīn,Mới tinh,Brand new,这是一个崭新的开始。,Zhè shì yīgè zhǎnxīn de kāishǐ.,Đây là một khởi đầu hoàn toàn mới.,This is a whole new beginning.,6
2295,战斗,zhàndòu,Chiến đấu,Fight,士兵们在前线战斗。,Shìbīngmen zài qiánxiàn zhàndòu.,Những người lính chiến đấu ở tiền tuyến.,Soldiers fighting on the front lines.,6
2296,占据,zhànjù,Chiếm giữ,Occupy,他占据了有利的位置。,Tā zhànjùle yǒulì de wèizhì.,Anh ấy chiếm vị trí thuận lợi.,He occupies an advantageous position.,6
2297,占领,zhànlǐng,Chiếm lĩnh,Occupy,军队占领了城市。,Jūnduì zhànlǐngle chéngshì.,Quân đội đã chiếm được thành phố.,The army captured the city.,6
2298,战略,zhànlüè,Chiến lược,Strategy,我们需要制定一个战略。,Wǒmen xūyào zhìdìng yīgè zhànlüè.,Chúng ta cần lập ra một chiến lược.,We need to come up with a strategy.,6
2299,战术,zhànshù,Chiến thuật,Strategy,他的战术非常高明。,Tā de zhànshù fēicháng gāomíng.,Chiến thuật của anh ấy rất tài tình.,His tactics were brilliant.,6
2300,战役,zhànyì,Trận đánh,Battle,这场战役决定了战争的胜负。,Zhè chǎng zhànyì juédìngle zhànzhēng de shèngfù.,Trận đánh này quyết định thắng bại của cuộc chiến.,This battle decided the victory or defeat of the war.,6
2301,占有,zhànyǒu,Chiếm hữu,Possession,他占有了很多资源。,Tā zhànyǒule hěn duō zīyuán.,Anh ấy sở hữu rất nhiều tài nguyên.,He possesses a lot of resources.,6
2302,章程,zhāngchéng,Điều lệ,Regulations,公司的章程需要修改。,Gōngsī de zhāngchéng xūyào xiūgǎi.,Quy chế của công ty cần được sửa đổi.,The company's bylaws need to be amended.,6
2303,长辈,zhǎngbèi,Trưởng bối,Elder,我们尊重长辈。,Wǒmen zūnzhòng zhǎngbèi.,Chúng tôi tôn trọng những người lớn tuổi.,We respect our elders.,6
2304,障碍,zhàng'ài,Trở ngại,Obstacles,这个计划遇到了很多障碍。,Zhège jìhuà yùdàole hěn duō zhàng'ài.,Kế hoạch này gặp rất nhiều trở ngại.,This plan encountered many obstacles.,6
2305,帐篷,zhàngpeng,Lều,Tent,我们搭起了帐篷。,Wǒmen dā qǐle zhàngpéng.,Chúng tôi đã dựng lều.,We pitched tents.,6
2306,朝气蓬勃,zhāoqì péngbó,Tràn đầy sức sống,Full of life,孩子们朝气蓬勃。,Háizimen zhāoqì péngbó.,Những đứa trẻ đầy sức sống.,Children are full of life.,6
2307,招收,zhāoshōu,Tuyển dụng,Recruitment,学校招收了新生。,Xuéxiào zhāoshōule xīnshēng.,Trường đã tuyển sinh viên mới.,The school has recruited new students.,6
2308,招投标,zhāotóubiāo,Đấu thầu,Bidding,这个项目正在进行招投标。,Zhège xiàngmù zhèngzài jìnxíng zhāotóubiāo.,Dự án này đang trong quá trình đấu thầu.,This project is under bidding.,6
2309,着迷,zháomí,Mê hoặc,Enchanted,她对这个故事着迷。,Tā duì zhège gùshì zháomí.,Cô ấy say mê câu chuyện này.,She was fascinated by this story.,6
2310,沼泽,zhǎozé,Đầm lầy,Swamp,这里有一个大沼泽。,Zhèlǐ yǒu yīgè dà zhǎozé.,Ở đây có một đầm lầy lớn.,There is a big swamp here.,6
2311,照料,zhàoliào,Chăm sóc,Take care of,我们需要照料孩子。,Wǒmen xūyào zhàoliào háizi.,Chúng tôi cần chăm sóc trẻ em.,We need child care.,6
2312,照样,zhàoyàng,Như thường lệ,As usual,一切照样进行。,Yīqiè zhàoyàng jìnxíng.,Mọi thứ vẫn diễn ra như thường lệ.,Everything went on as usual.,6
2313,照耀,zhàoyào,Chiếu sáng,Illumination,阳光照耀着大地。,Yángguāng zhàoyàozhe dàdì.,Ánh nắng chiếu sáng mặt đất.,The sun shines on the ground.,6
2314,照应,zhàoyìng,Đáp lại,Reply,他们彼此照应。,Tāmen bǐcǐ zhàoyìng.,Họ chăm sóc lẫn nhau.,They take care of each other.,6
2315,遮挡,zhēdǎng,Che chắn,Cover,大树遮挡了阳光。,Dàshù zhēdǎngle yángguāng.,Cây lớn che ánh nắng.,Big trees block the sun.,6
2316,折腾,zhēteng,Quấy rầy,Bother,孩子们在房间里折腾。,Háizimen zài fángjiān lǐ zhēteng.,Bọn trẻ đang quậy phá trong phòng.,The children are making a mess in the room.,6
2317,折,zhé,Gấp,Urgent,他折了一根树枝。,Tā zhēle yī gēn shùzhī.,Anh ấy bẻ một cành cây.,He broke a branch.,6
2318,折磨,zhémó,Dày vò,Tormented,他被折磨得很惨。,Tā bèi zhémó de hěn cǎn.,Anh ấy bị hành hạ rất thảm.,He was tortured very badly.,6
2319,珍贵,zhēnguì,Quý báu,Valuable,这个礼物非常珍贵。,Zhège lǐwù fēicháng zhēnguì.,Món quà này rất quý giá.,This gift is very precious.,6
2320,侦探,zhēntàn,Trinh thám,Detective,他是一位著名的侦探。,Tā shì yī wèi zhùmíng de zhēntàn.,Anh ấy là một thám tử nổi tiếng.,He is a famous detective.,6
2321,珍稀,zhēnxī,Quý hiếm,Rare,这种动物非常珍稀。,Zhè zhǒng dòngwù fēicháng zhēnxī.,Loài động vật này rất hiếm.,This animal is very rare.,6
2322,真相,zhēnxiàng,Sự thật,Truth,事情的真相终于揭晓。,Shìqíng de zhēnxiàng zhōngyú jiēxiǎo.,Sự thật của sự việc cuối cùng đã được tiết lộ.,The truth of the matter was finally revealed.,6
2323,真挚,zhēnzhì,Chân thành,Sincerely,他对朋友非常真挚。,Tā duì péngyǒu fēicháng zhēnzhì.,Anh ấy rất chân thành với bạn bè.,He is very sincere with his friends.,6
2324,珍珠,zhēnzhū,Ngọc trai,Pearl,这颗珍珠很美丽。,Zhè kē zhēnzhū hěn měilì.,Viên ngọc trai này rất đẹp.,This pearl is very beautiful.,6
2325,斟酌,zhēnzhuó,Cân nhắc,Weigh,我们需要仔细斟酌。,Wǒmen xūyào zǐxì zhēnzhuó.,Chúng tôi cần cân nhắc cẩn thận.,We need to consider carefully.,6
2326,阵地,zhèndì,Trận địa,Battlefield,军队在前线建立了阵地。,Jūnduì zài qiánxiàn jiànlìle zhèndì.,Quân đội đã thiết lập tiền tuyến.,The army has established a front line.,6
2327,镇定,zhèndìng,Bình tĩnh,Calm,他镇定自若地处理了问题。,Tā zhèndìng zìruò de chǔlǐle wèntí.,Anh ấy giải quyết vấn đề một cách bình tĩnh.,He solved the problem calmly.,6
2328,振奋,zhènfèn,Phấn khởi,Exciting,他的讲话振奋了人心。,Tā de jiǎnghuà zhènfènle rénxīn.,Bài phát biểu của anh ấy đã khích lệ tinh thần của mọi người.,His speech lifted everyone's spirits.,6
2329,震惊,zhènjīng,Sốc,Shock,这条新闻令人震惊。,Zhè tiáo xīnwén lìng rén zhènjīng.,Tin tức này khiến người ta kinh ngạc.,This news was surprising.,6
2330,镇静,zhènjìng,Điềm tĩnh,Calm,医生保持镇静。,Yīshēng bǎochí zhènjìng.,Bác sĩ giữ bình tĩnh.,The doctor kept calm.,6
2331,阵容,zhènróng,Đội hình,Lineup,他们组成了一个强大的阵容。,Tāmen zǔchéngle yīgè qiángdà de zhènróng.,Họ đã tạo thành một đội hình mạnh mẽ.,They made a strong squad.,6
2332,振兴,zhènxīng,Chấn hưng,Revival,我们要振兴经济。,Wǒmen yào zhènxīng jīngjì.,Chúng ta phải chấn hưng kinh tế.,We must revive the economy.,6
2333,镇压,zhènyā,Đàn áp,Suppress,当局镇压了这次起义。,Dāngjú zhènyāle zhè cì qǐyì.,Chính quyền đã đàn áp cuộc nổi dậy này.,The government suppressed this uprising.,6
2334,争端,zhēngduān,Tranh chấp,Dispute,两国之间的争端不断。,Liǎng guó zhī jiān de zhēngduān bùduàn.,Mâu thuẫn giữa hai nước không ngừng gia tăng.,The conflict between the two countries is constantly increasing.,6
2335,争夺,zhēngduó,Tranh đoạt,Dispute,他们争夺冠军。,Tāmen zhēngduó guànjūn.,Họ tranh giành chức vô địch.,They fought for the championship.,6
2336,蒸发,zhēngfā,Bốc hơi,Vaporize,水在高温下会蒸发。,Shuǐ zài gāowēn xià huì zhēngfā.,Nước sẽ bay hơi ở nhiệt độ cao.,Water will evaporate at high temperatures.,6
2337,征服,zhēngfú,Chinh phục,Conquer,我们必须征服困难。,Wǒmen bìxū zhēngfú kùnnán.,Chúng ta phải vượt qua khó khăn.,We must overcome difficulties.,6
2338,争气,zhēngqì,Không phụ lòng,Not disappointing,他在比赛中争气了。,Tā zài bǐsài zhōng zhēngqìle.,Anh ấy đã không chịu thua trong cuộc thi.,He did not give up in the competition.,6
2339,征收,zhēngshōu,Thu thuế,Tax collection,政府正在征收新税。,Zhèngfǔ zhèngzài zhēngshōu xīn shuì.,Chính phủ đang thu thuế mới.,The government is collecting new taxes.,6
2340,争先恐后,zhēngxiān kǒnghòu,Tranh nhau,fight,孩子们争先恐后地跑向操场。,Háizimen zhēngxiānkǒnghòu de pǎo xiàng cāochǎng.,Bọn trẻ chạy ùa ra sân chơi.,The children ran out into the playground.,6
2341,争议,zhēngyì,Tranh cãi,Argumentative,这个话题引起了争议。,Zhège huàtí yǐnqǐle zhēngyì.,Chủ đề này đã gây tranh cãi.,This topic has been controversial.,6
2342,正月,zhēngyuè,Tháng Giêng,January,正月是中国农历新年的第一个月。,Zhēngyuè shì zhōngguó nónglì xīnnián de dì yī gè yuè.,Tháng Giêng là tháng đầu tiên của năm mới âm lịch Trung Quốc.,January is the first month of the Chinese lunar new year.,6
2343,挣扎,zhēngzhá,Vật lộn,Wrestle,他在挣扎中找到了希望。,Tā zài zhēngzhá zhōng zhǎodàole xīwàng.,Anh ấy tìm thấy hy vọng trong sự đấu tranh.,He finds hope in struggle.,6
2344,整顿,zhěngdùn,Chỉnh đốn,Regulate,公司正在整顿业务。,Gōngsī zhèngzài zhěngdùn yèwù.,Công ty đang chỉnh đốn kinh doanh.,The company is restructuring its business.,6
2345,正当,zhèngdāng,Chính đáng,Justifiable,这是一个正当的要求。,Zhè shì yīgè zhèngdāng de yāoqiú.,Đây là một yêu cầu chính đáng.,This is a legitimate request.,6
2346,正负,zhèngfù,Dương và âm,Yang and Yin,正负两极相吸。,Zhèngfù liǎng jí xiāng xī.,Hai cực trái dấu hút nhau.,Opposite poles attract each other.,6
2347,正规,zhèngguī,Quy cách,Specifications,我们需要正规化管理。,Wǒmen xūyào zhèngguī huà guǎnlǐ.,Chúng ta cần quản lý hợp lý.,We need proper management.,6
2348,正经,zhèngjīng,Đứng đắn,Earnest,他是一个正经的人。,Tā shì yīgè zhèngjīng de rén.,Anh ấy là một người đứng đắn.,He is a decent man.,6
2349,正气,zhèngqì,Chính khí,Righteousness,他的行为显示了正气。,Tā de xíngwéi xiǎnshìle zhèngqì.,Hành vi của anh ấy thể hiện tinh thần chính trực.,His behavior demonstrates integrity.,6
2350,政权,zhèngquán,Chính quyền,Government,政府维持国家政权。,Zhèngfǔ wéichí guójiā zhèngquán.,Chính phủ duy trì quyền lực nhà nước.,The government maintains state power.,6
2351,证实,zhèngshí,Xác nhận,Confirm,实验结果证实了他的猜想。,Shíyàn jiéguǒ zhèngshíle tā de cāixiǎng.,Kết quả thí nghiệm đã xác nhận phỏng đoán của anh ấy.,The experimental results confirmed his conjecture.,6
2352,证书,zhèngshū,Chứng chỉ,Certificate,她获得了优秀毕业证书。,Tā huòdéle yōuxiù bìyè zhèngshū.,Cô ấy đã nhận được bằng tốt nghiệp xuất sắc.,She received her diploma with honors.,6
2353,正义,zhèngyì,Chính nghĩa,Justice,我们要维护正义。,Wǒmen yào wéihù zhèngyì.,Chúng ta phải bảo vệ công lý.,We must defend justice.,6
2354,郑重,zhèngzhòng,Trịnh trọng,Solemn,他郑重宣布了这个消息。,Tā zhèngzhòng xuānbùle zhège xiāoxī.,Anh ấy long trọng tuyên bố tin tức này.,He solemnly announced this news.,6
2355,症状,zhèngzhuàng,Triệu chứng,Symptom,这种疾病的症状很明显。,Zhè zhǒng jíbìng de zhèngzhuàng hěn míngxiǎn.,Triệu chứng của bệnh này rất rõ ràng.,The symptoms of this disease are very obvious.,6
2356,枝,zhī,Cành cây,Bough,树上有很多枝。,Shù shàng yǒu hěn duō zhī.,Trên cây có nhiều cành.,There are many branches on the tree.,6
2357,支撑,zhīchēng,Chống đỡ,Support,朋友之间要互相支撑。,Péngyǒu zhī jiān yào hùxiāng zhīchēng.,Bạn bè nên hỗ trợ lẫn nhau.,Friends should support each other.,6
2358,支出,zhīchū,Chi tiêu,Spending,公司支出了大量资金。,Gōngsī zhīchūle dàliàng zījīn.,Công ty đã chi tiêu một số tiền lớn.,The company spent a large amount of money.,6
2359,脂肪,zhīfáng,Mỡ (trong cơ thể),Fat (in the body),过多的脂肪对健康有害。,Guò duō de zhīfáng duì jiànkāng yǒuhài.,Quá nhiều mỡ có hại cho sức khỏe.,Too much fat is bad for your health.,6
2360,知觉,zhījué,Tri giác,Sense,他失去了知觉。,Tā shīqùle zhījué.,Anh ấy đã mất cảm giác.,He lost his senses.,6
2361,支流,zhīliú,Chi lưu,Tributary,河的支流逐渐干涸。,Hé de zhīliú zhújiàn gānhé.,Nhánh sông dần dần khô cạn.,The river branch gradually dried up.,6
2362,支配,zhīpèi,Chi phối,Domination,他支配着全家的生活。,Tā zhīpèizhe quán jiā de shēnghuó.,Anh ấy quản lý cuộc sống của cả gia đình.,He manages the whole family's life.,6
2363,支援,zhīyuán,Hỗ trợ,Support,我们需要支援前线的战士。,Wǒmen xūyào zhīyuán qiánxiàn de zhànshì.,Chúng ta cần hỗ trợ những chiến sĩ tiền tuyến.,We need to support the frontline soldiers.,6
2364,支柱,zhīzhù,Trụ cột,Pillar,家庭是社会的支柱。,Jiātíng shì shèhuì de zhīzhù.,Gia đình là trụ cột của xã hội.,Family is the pillar of society.,6
2365,知足常乐,zhīzú chánglè,Biết đủ thì luôn vui,Knowing enough is always happy,知足常乐是人生的智慧。,Zhīzú cháng lè shì rénshēng de zhìhuì.,Biết đủ thường vui là trí tuệ của cuộc sống.,Knowing enough is often happy is the wisdom of life.,6
2366,值班,zhíbān,Trực ban,On duty,他今晚值班。,Tā jīn wǎn zhíbān.,Anh ấy trực đêm nay.,He is on duty tonight.,6
2367,直播,zhíbō,Truyền hình trực tiếp,Live TV,我喜欢看体育比赛的直播。,Wǒ xǐhuān kàn tǐyù bǐsài de zhíbò.,Tôi thích xem truyền hình trực tiếp các trận đấu thể thao.,I enjoy watching live sports matches on TV.,6
2368,殖民地,zhímíndì,Thuộc địa,Colonial,殖民地的历史充满了斗争。,Zhímíndì de lìshǐ chōngmǎnle dòuzhēng.,Lịch sử của thuộc địa đầy rẫy những cuộc đấu tranh.,The history of the colony is full of struggles.,6
2369,职能,zhínéng,Chức năng,Function,他的职能包括管理和培训。,Tā de zhínéng bāokuò guǎnlǐ hé péixùn.,Chức năng của anh ấy bao gồm quản lý và đào tạo.,His functions include management and training.,6
2370,职位,zhíwèi,Chức vị,Position,他申请了一个高级职位。,Tā shēnqǐngle yīgè gāojí zhíwèi.,Anh ấy đã xin một vị trí cao cấp.,He applied for a senior position.,6
2371,职务,zhíwù,Chức vụ,Position,他被提升为部门主管。,Tā bèi tíshēng wéi bùmén zhǔguǎn.,Anh ấy được thăng chức làm trưởng phòng.,He was promoted to department head.,6
2372,指标,zhǐbiāo,Chỉ tiêu,Target,公司的业绩指标达到了预期。,Gōngsī de yèjī zhǐbiāo dádàole yùqī.,Chỉ tiêu kinh doanh của công ty đã đạt được như mong đợi.,The company's business targets have been achieved as expected.,6
2373,指定,zhǐdìng,Chỉ định,Assign,经理指定他为项目负责人。,Jīnglǐ zhǐdìng tā wéi xiàngmù fùzérén.,Giám đốc chỉ định anh ấy làm người phụ trách dự án.,The director appointed him as the project manager.,6
2374,指甲,zhǐjiǎ,Móng tay,Nail,她的指甲很长。,Tā de zhǐjiǎ hěn cháng.,Móng tay của cô ấy rất dài.,Her nails are very long.,6
2375,指令,zhǐlìng,Chỉ thị,Directive,他发布了新的指令。,Tā fābùle xīn de zhǐlìng.,Anh ấy đã ban hành mệnh lệnh mới.,He issued new orders.,6
2376,指南针,zhǐnánzhēn,La bàn,Compass,我们使用指南针来确定方向。,Wǒmen shǐyòng zhǐnánzhēn lái quèdìng fāngxiàng.,Chúng tôi sử dụng la bàn để xác định phương hướng.,We use compass to determine direction.,6
2377,指示,zhǐshì,Chỉ thị,Directive,老师指示学生完成作业。,Lǎoshī zhǐshì xuéshēng wánchéng zuòyè.,Giáo viên chỉ dẫn học sinh hoàn thành bài tập.,The teacher guides students to complete the exercise.,6
2378,指望,zhǐwàng,Hy vọng,Hope,他指望能在考试中取得好成绩。,Tā zhǐwàng néng zài kǎoshì zhōng qǔdé hǎo chéngjī.,Anh ấy mong đợi có thể đạt được thành tích tốt trong kỳ thi.,He expects to do well in the exam.,6
2379,指责,zhǐzé,Chỉ trích,Criticize,他们指责我没有尽力。,Tāmen zhǐzé wǒ méiyǒu jìnlì.,Họ chỉ trích tôi không nỗ lực hết mình.,They criticized me for not trying my best.,6
2380,治安,zhì'ān,Trị an,Security,警察维持社区的治安。,Jǐngchá wéichí shèqū de zhì'ān.,Cảnh sát duy trì trật tự an ninh trong cộng đồng.,Police maintain order and security in the community.,6
2381,制裁,zhìcái,Trừng phạt,Punish,违反法律的人会受到制裁。,Wéifǎn fǎlǜ de rén huì shòudào zhìcái.,Những người vi phạm pháp luật sẽ bị trừng phạt.,Those who break the law will be punished.,6
2382,致辞,zhìcí,Phát biểu,Stated,他在会议上致辞。,Tā zài huìyì shàng zhìcí.,Anh ấy phát biểu tại cuộc họp.,He spoke at the meeting.,6
2383,制订,zhìdìng,Lập kế hoạch,Planning,我们需要制订一个详细的计划。,Wǒmen xūyào zhìdìng yīgè xiángxì de jìhuà.,Chúng tôi cần lập một kế hoạch chi tiết.,We need to make a detailed plan.,6
2384,制服,zhìfú,Đồng phục,Uniform,他穿着制服去上班。,Tā chuānzhuó zhìfú qù shàngbān.,Anh ấy mặc đồng phục đi làm.,He wears a uniform to work.,6
2385,治理,zhìlǐ,Quản lý,Manage,我们要好好治理这个国家。,Wǒmen yào hǎohǎo zhìlǐ zhège guójiā.,Chúng ta phải quản lý tốt đất nước này.,We must manage this country well.,6
2386,智力,zhìlì,Trí lực,Intelligence,智力是学习的重要因素。,Zhìlì shì xuéxí de zhòngyào yīnsù.,Trí thông minh là yếu tố quan trọng trong việc học.,Intelligence is an important factor in learning.,6
2387,致力于,zhìlì yú,Dốc sức vào,Put your effort into it,他致力于环保事业。,Tā zhìlì yú huánbǎo shìyè.,Anh ấy cống hiến cho sự nghiệp bảo vệ môi trường.,He is dedicated to the cause of environmental protection.,6
2388,滞留,zhìliú,Lưu lại,Stay,他因交通堵塞而滞留在路上。,Tā yīn jiāotōng dǔsè ér zhìliú zài lùshàng.,Anh ấy bị kẹt lại trên đường do tắc nghẽn giao thông.,He was stuck in traffic.,6
2389,智能,zhìnéng,Trí tuệ nhân tạo,Artificial Intelligence,我们开发了智能手机。,Wǒmen kāifāle zhìnéng shǒujī.,Chúng tôi đã phát triển điện thoại thông minh.,We have developed smartphones.,6
2390,志气,zhìqì,Chí khí,Spirit,他有很强的志气。,Tā yǒu hěn qiáng de zhìqì.,Anh ấy có chí khí mạnh mẽ.,He has strong will.,6
2391,智商,zhìshāng,Chỉ số thông minh,Intelligence Quotient,智商测试可以评估一个人的智力水平。,Zhìshāng cèshì kěyǐ pínggū yīgè rén de zhìlì shuǐpíng.,Kiểm tra IQ có thể đánh giá mức độ thông minh của một người.,An IQ test can assess a person's level of intelligence.,6
2392,致使,zhìshǐ,Làm cho,Make,他的错误致使计划失败。,Tā de cuòwù zhìshǐ jìhuà shībài.,Lỗi của anh ấy đã khiến kế hoạch thất bại.,His mistake caused the plan to fail.,6
2393,制约,zhìyuē,Hạn chế,Limit,供应短缺制约了生产。,Gōngyìng duǎnquē zhìyuēle shēngchǎn.,Thiếu nguồn cung cấp hạn chế sản xuất.,Shortage of supplies limits production.,6
2394,制止,zhìzhǐ,Ngăn chặn,Prevent,他制止了他们的争吵。,Tā zhìzhǐle tāmen de zhēngchǎo.,Anh ấy ngăn chặn cuộc cãi vã của họ.,He stopped their argument.,6
2395,忠诚,zhōngchéng,Trung thành,Loyal,他对国家非常忠诚。,Tā duì guójiā fēicháng zhōngchéng.,Anh ấy rất trung thành với đất nước.,He is very loyal to his country.,6
2396,终点,zhōngdiǎn,Điểm cuối,End point,比赛的终点就在前方。,Bǐsài de zhōngdiǎn jiù zài qiánfāng.,Đích của cuộc thi ngay phía trước.,The finish line is just ahead.,6
2397,中断,zhōngduàn,Gián đoạn,Interruption,他们的合作突然中断了。,Tāmen de hézuò tūrán zhōngduànle.,Sự hợp tác của họ đột nhiên bị gián đoạn.,Their cooperation was suddenly interrupted.,6
2398,终究,zhōngjiū,Cuối cùng,Final,他终究会明白的。,Tā zhōngjiū huì míngbái de.,Cuối cùng anh ấy sẽ hiểu.,He will understand eventually.,6
2399,中立,zhōnglì,Trung lập,Neutral,我们要保持中立。,Wǒmen yào bǎochí zhōnglì.,Chúng ta phải giữ trung lập.,We must remain neutral.,6
2400,终年,zhōngnián,Quanh năm,Year round,他终年忙于工作。,Tā zhōngnián mángyú gōngzuò.,Anh ấy bận rộn với công việc quanh năm.,He is busy with work all year round.,6
2401,终身,zhōngshēn,Suốt đời,Lifelong,他是一位终身教育的倡导者。,Tā shì yī wèi zhōngshēn jiàoyù de chàngdǎo zhě.,Anh ấy là một người đề xướng giáo dục suốt đời.,He is a proponent of lifelong education.,6
2402,忠实,zhōngshí,Trung thực,Honest,他是一个忠实的朋友。,Tā shì yīgè zhōngshí de péngyǒu.,Anh ấy là một người bạn trung thành.,He is a loyal friend.,6
2403,衷心,zhōngxīn,Chân thành,Sincerely,我衷心感谢你的帮助。,Wǒ zhōngxīn gǎnxiè nǐ de bāngzhù.,Tôi chân thành cảm ơn sự giúp đỡ của bạn.,I sincerely appreciate your help.,6
2404,中央,zhōngyāng,Trung ương,Central,他在中央工作。,Tā zài zhōngyāng gōngzuò.,Anh ấy làm việc ở trung ương.,He works centrally.,6
2405,终止,zhōngzhǐ,Kết thúc,End,他们决定终止合同。,Tāmen juédìng zhōngzhǐ hétóng.,Họ quyết định chấm dứt hợp đồng.,They decided to terminate the contract.,6
2406,肿瘤,zhǒngliú,Khối u,Tumor,他被诊断出患有肿瘤。,Tā bèi zhěnduàn chū huàn yǒu zhǒngliú.,Anh ấy được chẩn đoán mắc khối u.,He was diagnosed with a tumor.,6
2407,种子,zhǒngzi,Hạt giống,Seeds,我们种下了很多种子。,Wǒmen zhǒng xiàle hěn duō zhǒngzi.,Chúng tôi đã gieo rất nhiều hạt giống.,We have planted a lot of seeds.,6
2408,种族,zhǒngzú,Chủng tộc,Race,我们反对种族歧视。,Wǒmen fǎnduì zhǒngzú qíshì.,Chúng tôi phản đối phân biệt chủng tộc.,We oppose racism.,6
2409,众所周知,zhòng suǒ zhōu zhī,Mọi người đều biết,Everyone knows,众所周知，他是一个好人。,"Zhòng suǒ zhōu zhī, tā shì yīgè hǎo rén.",Ai cũng biết rằng anh ấy là một người tốt.,Everyone knows that he is a good person.,6
2410,重心,zhòngxīn,Trọng tâm,Focus,这个问题是公司的重心。,Zhège wèntí shì gōngsī de zhòngxīn.,Vấn đề này là trọng tâm của công ty.,This issue is at the heart of the company.,6
2411,州,zhōu,"Bang, châu","State, continent",他在州政府工作。,Tā zài zhōu zhèngfǔ gōngzuò.,Anh ấy làm việc cho chính phủ bang.,He works for the state government.,6
2412,舟,zhōu,Thuyền,Boat,他划了一只舟。,Tā huàle yī zhī zhōu.,Anh ấy chèo một chiếc thuyền.,He rowed a boat.,6
2413,粥,zhōu,Cháo,Porridge,奶奶给我们做了粥。,Nǎinai gěi wǒmen zuòle zhōu.,Bà đã nấu cháo cho chúng tôi.,She cooked porridge for us.,6
2414,周边,zhōubiān,Vùng lân cận,Neighborhood,这里是市区的周边。,Zhèlǐ shì shìqū de zhōubiān.,Đây là vùng ngoại ô của thành phố.,This is the suburbs of the city.,6
2415,周密,zhōumì,Chu đáo,thoughtful,我们需要周密的计划。,Wǒmen xūyào zhōumì de jìhuà.,Chúng tôi cần một kế hoạch chi tiết.,We need a detailed plan.,6
2416,周年,zhōunián,Kỷ niệm năm,Anniversary,公司庆祝成立十周年。,Gōngsī qìngzhù chénglì shí zhōunián.,Công ty kỷ niệm mười năm thành lập.,The company celebrates its tenth anniversary.,6
2417,周期,zhōuqī,Chu kỳ,Cycle,经济发展有一定的周期。,Jīngjì fāzhǎn yǒu yīdìng de zhōuqī.,Sự phát triển kinh tế có một chu kỳ nhất định.,Economic development has a certain cycle.,6
2418,周折,zhōuzhé,Trắc trở,Difficult,他经历了许多周折才成功。,Tā jīnglìle xǔduō zhōuzhé cái chénggōng.,Anh ấy đã trải qua nhiều khó khăn mới thành công.,He went through many difficulties to succeed.,6
2419,周转,zhōuzhuǎn,Luân chuyển,Rotation,公司需要更多的资金周转。,Gōngsī xūyào gèng duō de zījīn zhōuzhuǎn.,Công ty cần thêm vốn lưu động.,The company needs more working capital.,6
2420,皱纹,zhòuwén,Nếp nhăn,Wrinkles,她脸上的皱纹增加了。,Tā liǎn shàng de zhòuwén zēngjiāle.,Nếp nhăn trên mặt cô ấy tăng lên.,The wrinkles on her face increased.,6
2421,昼夜,zhòuyè,Ngày đêm,Day and night,他昼夜不停地工作。,Tā zhòuyè bù tíng de gōngzuò.,Anh ấy làm việc ngày đêm không ngừng.,He works day and night without stopping.,6
2422,株,zhū,Cây,Tree,花园里有很多美丽的株。,Huāyuán lǐ yǒu hěn duō měilì de zhū.,Trong vườn có nhiều cây đẹp.,There are many beautiful trees in the garden.,6
2423,诸位,zhūwèi,Các vị,You guys,诸位请安静。,Zhūwèi qǐng ānjìng.,Mọi người hãy giữ yên lặng.,Everyone please keep quiet.,6
2424,逐年,zhúnián,Hằng năm,Yearly,这种情况逐年改善。,Zhè zhǒng qíngkuàng zhúnián gǎishàn.,Tình hình này cải thiện hàng năm.,This situation improves every year.,6
2425,拄,zhǔ,Chống (gậy),Stick,他拄着拐杖走路。,Tā zhǔzhe guǎizhàng zǒulù.,Anh ấy đi bộ với cây gậy.,He walks with a cane.,6
2426,主办,zhǔbàn,Chủ trì,Host,他主办了这个活动。,Tā zhǔbànle zhège huódòng.,Anh ấy đã tổ chức sự kiện này.,He organized this event.,6
2427,主导,zhǔdǎo,Chủ đạo,Main,公司在市场上主导地位。,Gōngsī zài shìchǎng shàng zhǔdǎo dìwèi.,Công ty chiếm vị trí chủ đạo trên thị trường.,The company occupies a dominant position in the market.,6
2428,主管,zhǔguǎn,Quản lý,Manage,他负责主管部门的工作。,Tā fùzé zhǔguǎn bùmén de gōngzuò.,Anh ấy chịu trách nhiệm công việc của phòng ban quản lý.,He is responsible for the work of the management department.,6
2429,主流,zhǔliú,Trào lưu chính,Mainstream,这个产品成为市场的主流。,Zhège chǎnpǐn chéngwéi shìchǎng de zhǔliú.,Sản phẩm này trở thành xu hướng trên thị trường.,This product becomes a trend in the market.,6
2430,主权,zhǔquán,Chủ quyền,Sovereignty,国家主权不可侵犯。,Guójiā zhǔquán bùkě qīnfàn.,Chủ quyền quốc gia không thể bị xâm phạm.,National sovereignty cannot be violated.,6
2431,主题,zhǔtí,Chủ đề,Topic,我喜欢这个电影的主题。,Wǒ xǐhuān zhège diànyǐng de zhǔtí.,Tôi thích chủ đề của bộ phim này.,I like the theme of this movie.,6
2432,助理,zhùlǐ,Trợ lý,Assistant,他是我的助理。,Tā shì wǒ de zhùlǐ.,Anh ấy là trợ lý của tôi.,He is my assistant.,6
2433,注射,zhùshè,Tiêm,Injection,医生给我注射了疫苗。,Yīshēng gěi wǒ zhùshèle yìmiáo.,Bác sĩ đã tiêm vắc-xin cho tôi.,The doctor gave me the vaccine.,6
2434,注视,zhùshì,Nhìn chăm chú,Look closely,他注视着远方。,Tā zhùshìzhe yuǎnfāng.,Anh ấy nhìn chăm chú về phía xa.,He looked intently into the distance.,6
2435,注释,zhùshì,Chú thích,Note,这本书的注释很详细。,Zhè běn shū de zhùshì hěn xiángxì.,Chú thích của cuốn sách này rất chi tiết.,The footnotes of this book are very detailed.,6
2436,助手,zhùshǒu,Trợ thủ,Assistant,她是我的助手。,Tā shì wǒ de zhùshǒu.,Cô ấy là trợ lý của tôi.,She is my assistant.,6
2437,铸造,zhùzào,Đúc,Casting,工人们在铸造车间工作。,Gōngrénmen zài zhùzào chējiān gōngzuò.,Công nhân làm việc trong xưởng đúc.,Workers work in the foundry.,6
2438,驻扎,zhùzhā,Đóng quân,Stationed,军队驻扎在边境。,Jūnduì zhùzhá zài biānjìng.,Quân đội đóng quân ở biên giới.,The army is stationed at the border.,6
2439,住宅,zhùzhái,Nhà ở,Housing,他住在这栋住宅里。,Tā zhù zài zhè dòng zhùzhái lǐ.,Anh ấy sống trong ngôi nhà này.,He lives in this house.,6
2440,注重,zhùzhòng,Chú trọng,Attention,我们要注重环境保护。,Wǒmen yào zhùzhòng huánjìng bǎohù.,Chúng ta phải chú trọng bảo vệ môi trường.,We must focus on protecting the environment.,6
2441,著作,zhùzuò,Tác phẩm,Work,他写了很多著作。,Tā xiěle hěn duō zhùzuò.,Anh ấy đã viết nhiều tác phẩm.,He has written many works.,6
2442,拽,zhuài,Kéo,Drag,他把东西拽走了。,Tā bǎ dōngxī zhuāi zǒule.,Anh ấy kéo đồ đi.,He dragged the things away.,6
2443,专长,zhuāncháng,Chuyên môn,Expertise,他在音乐方面很有专长。,Tā zài yīnyuè fāngmiàn hěn yǒu zhuāncháng.,Anh ấy rất có chuyên môn về âm nhạc.,He is very knowledgeable about music.,6
2444,专程,zhuānchéng,Chuyến đi đặc biệt,Special trip,他专程来见我。,Tā zhuānchéng lái jiàn wǒ.,Anh ấy đến gặp tôi một cách đặc biệt.,He came to see me in a special way.,6
2445,专科,zhuānkē,Chuyên khoa,Specialty,他在专科医院工作。,Tā zài zhuānkē yīyuàn gōngzuò.,Anh ấy làm việc tại bệnh viện chuyên khoa.,He works at a specialist hospital.,6
2446,专利,zhuānlì,Bằng sáng chế,Patent,他获得了一个重要的专利。,Tā huòdéle yīgè zhòngyào de zhuānlì.,Anh ấy đã nhận được một bằng sáng chế quan trọng.,He received an important patent.,6
2447,专题,zhuāntí,Chuyên đề,Topic,我们要研究这个专题。,Wǒmen yào yánjiū zhège zhuāntí.,Chúng ta phải nghiên cứu chuyên đề này.,We must study this subject.,6
2448,砖瓦,zhuānwǎ,Gạch ngói,Bricks and tiles,房子的砖瓦已经破旧。,Fángzi de zhuān wǎ yǐjīng pòjiù.,Gạch và ngói của ngôi nhà đã cũ nát.,The bricks and tiles of the house were dilapidated.,6
2449,转达,zhuǎndá,Chuyển đạt,Convey,他转达了老板的指示。,Tā zhuǎndále lǎobǎn de zhǐshì.,Anh ấy đã chuyển lời chỉ thị của ông chủ.,He conveyed the boss's instructions.,6
2450,转让,zhuǎnràng,Chuyển nhượng,Transfer,他决定将公司转让给朋友。,Tā juédìng jiāng gōngsī zhuǎnràng gěi péngyǒu.,Anh ấy quyết định chuyển nhượng công ty cho bạn.,He decided to transfer the company to you.,6
2451,转移,zhuǎnyí,Chuyển đổi,Conversion,他们转移到了一个安全的地方。,Tāmen zhuǎnyí dào le yī gè ānquán de dìfāng.,Họ đã chuyển đến một nơi an toàn.,They moved to a safe place.,6
2452,转折,zhuǎnzhé,Chuyển biến,Transformation,这个故事在结尾处有一个意想不到的转折。,Zhège gùshì zài jiéwěi chù yǒu yīgè yì xiǎng bù dào de zhuǎnzhé.,Câu chuyện này có một bước ngoặt bất ngờ ở đoạn kết.,This story has a surprising twist at the end.,6
2453,传记,zhuànjì,Tiểu sử,Biography,这本书是他的传记。,Zhè běn shū shì tā de zhuànjì.,Cuốn sách này là tiểu sử của anh ấy.,This book is his biography.,6
2454,装备,zhuāngbèi,Trang bị,Equipment,我们需要购买一些新的装备。,Wǒmen xūyào gòumǎi yīxiē xīn de zhuāngbèi.,Chúng ta cần mua một số trang thiết bị mới.,We need to buy some new equipment.,6
2455,装卸,zhuāngxiè,Bốc dỡ,Unloading,这些工人正在装卸货物。,Zhèxiē gōngrén zhèngzài zhuāngxiè huòwù.,Những công nhân này đang bốc dỡ hàng hóa.,These workers are unloading goods.,6
2456,庄严,zhuāngyán,Trang nghiêm,Solemn,庄严的仪式开始了。,Zhuāngyán de yíshì kāishǐ le.,Buổi lễ trang nghiêm đã bắt đầu.,The solemn ceremony has begun.,6
2457,庄重,zhuāngzhòng,Trịnh trọng,Solemn,他总是显得很庄重。,Tā zǒng shì xiǎnde hěn zhuāngzhòng.,Anh ấy luôn tỏ ra rất nghiêm túc.,He always looks very serious.,6
2458,幢,zhuàng,Tòa nhà,Building,我们公司租了一幢大楼。,Wǒmen gōngsī zū le yī zhuàng dàlóu.,Công ty chúng tôi đã thuê một tòa nhà.,Our company has rented a building.,6
2459,壮观,zhuàngguān,Hoành tráng,Magnificent,大桥的景象非常壮观。,Dà qiáo de jǐngxiàng fēicháng zhuàngguān.,Cảnh tượng của cây cầu rất hùng vĩ.,The view of the bridge is majestic.,6
2460,壮丽,zhuànglì,Tráng lệ,Magnificent,这里的景色非常壮丽。,Zhèlǐ de jǐngsè fēicháng zhuànglì.,Cảnh đẹp ở đây rất tráng lệ.,The scenery here is magnificent.,6
2461,壮烈,zhuàngliè,Oanh liệt,Glorious,他在战斗中英勇壮烈地牺牲了。,Tā zài zhàndòu zhōng yīngyǒng zhuàngliè de xīshēng le.,Anh ấy đã hy sinh anh dũng trong trận chiến.,He died heroically in battle.,6
2462,追悼,zhuīdào,Tưởng niệm,Memorial,全体人员向逝者表示深切的追悼。,Quántǐ rényuán xiàng shìzhě biǎoshì shēnqiè de zhuīdào.,Tất cả mọi người bày tỏ lòng tiếc thương sâu sắc với người đã khuất.,Everyone expressed their deep condolences to the deceased.,6
2463,追究,zhuījiū,Truy cứu,Search,我们要追究事故的原因。,Wǒmen yào zhuījiū shìgù de yuányīn.,Chúng ta cần điều tra nguyên nhân của tai nạn.,We need to investigate the cause of the accident.,6
2464,准则,zhǔnzé,Chuẩn mực,Standard,我们要遵守公司的准则。,Wǒmen yào zūnshǒu gōngsī de zhǔnzé.,Chúng ta phải tuân thủ các quy tắc của công ty.,We must comply with company rules.,6
2465,琢磨,zuómo,"Suy nghĩ, nghiên cứu","Think, research",他在琢磨这个问题。,Tā zài zuómo zhège wèntí.,Anh ấy đang nghiền ngẫm vấn đề này.,He is pondering this matter.,6
2466,着手,zhuóshǒu,Bắt đầu,Begin,我们需要马上着手准备。,Wǒmen xūyào mǎshàng zhuóshǒu zhǔnbèi.,Chúng ta cần bắt tay vào chuẩn bị ngay.,We need to start preparing now.,6
2467,着想,zhuóxiǎng,Nghĩ cho,Think for,他总是为别人着想。,Tā zǒng shì wèi biérén zhuóxiǎng.,Anh ấy luôn nghĩ cho người khác.,He always thinks of others.,6
2468,卓越,zhuóyuè,Xuất sắc,Excellent,他在工作中表现卓越。,Tā zài gōngzuò zhōng biǎoxiàn zhuóyuè.,Anh ấy thể hiện xuất sắc trong công việc.,He excels at his job.,6
2469,着重,zhuózhòng,Nhấn mạnh,Emphasize,这件事要着重处理。,Zhè jiàn shì yào zhuózhòng chǔlǐ.,Chuyện này cần phải xử lý trọng điểm.,This matter needs to be dealt with seriously.,6
2470,资本,zīběn,Vốn,Capital,公司需要更多的资本。,Gōngsī xūyào gèng duō de zīběn.,Công ty cần thêm nhiều vốn.,The company needs more capital.,6
2471,资产,zīchǎn,Tài sản,Asset,这些都是公司的资产。,Zhèxiē dōu shì gōngsī de zīchǎn.,Đây đều là tài sản của công ty.,These are all company assets.,6
2472,资深,zīshēn,Kinh nghiệm,Experience,他是一位资深工程师。,Tā shì yī wèi zīshēn gōngchéngshī.,Anh ấy là một kỹ sư có kinh nghiệm lâu năm.,He is an engineer with many years of experience.,6
2473,姿态,zītài,Tư thế,Posture,她的姿态非常优雅。,Tā de zītài fēicháng yōuyǎ.,Tư thế của cô ấy rất thanh lịch.,Her posture is very elegant.,6
2474,滋味,zīwèi,Mùi vị,Taste,这道菜的滋味很好。,Zhè dào cài de zīwèi hěn hǎo.,Hương vị của món ăn này rất ngon.,The taste of this dish is very delicious.,6
2475,滋长,zīzhǎng,Tăng trưởng,Growth,小树苗在春天滋长。,Xiǎo shùmiáo zài chūntiān zīzhǎng.,Cây non lớn lên vào mùa xuân.,Young trees grow in spring.,6
2476,资助,zīzhù,Tài trợ,Sponsorship,他资助了很多贫困学生。,Tā zīzhù le hěn duō pínkùn xuéshēng.,Anh ấy tài trợ cho nhiều học sinh nghèo.,He sponsors many poor students.,6
2477,子弹,zǐdàn,Đạn,Bullet,他用子弹击中了目标。,Tā yòng zǐdàn jīzhòng le mùbiāo.,Anh ấy bắn trúng mục tiêu bằng đạn.,He hit the target with a bullet.,6
2478,自卑,zìbēi,Tự ti,Self-esteem,他有时感到自卑。,Tā yǒushí gǎndào zìbēi.,Đôi khi anh ấy cảm thấy tự ti.,Sometimes he feels insecure.,6
2479,自发,zìfā,Tự phát,Spontaneous,这是一个自发的活动。,Zhè shì yī gè zìfā de huódòng.,Đây là một hoạt động tự phát.,This is a spontaneous activity.,6
2480,自力更生,zìlì gēngshēng,Tự lực cánh sinh,Self-reliance,我们应该自力更生。,Wǒmen yīnggāi zìlìgēngshēng.,Chúng ta nên tự lực cánh sinh.,We should be self-reliant.,6
2481,自满,zìmǎn,Tự mãn,Complacent,自满是成功的敌人。,Zìmǎn shì chénggōng de dírén.,Tự mãn là kẻ thù của thành công.,Complacency is the enemy of success.,6
2482,字母,zìmǔ,Chữ cái,Alphabet,请按照字母顺序排列。,Qǐng ànzhào zìmǔ shùnxù páiliè.,Hãy sắp xếp theo thứ tự bảng chữ cái.,Please arrange in alphabetical order.,6
2483,自主,zìzhǔ,Tự chủ,Autonomy,我们要自主完成任务。,Wǒmen yào zìzhǔ wánchéng rènwù.,Chúng ta phải tự chủ hoàn thành nhiệm vụ.,We must be self-reliant to complete the task.,6
2484,踪迹,zōngjì,Dấu vết,Trace,这个地方没有任何踪迹。,Zhège dìfāng méiyǒu rènhé zōngjì.,Không có bất kỳ dấu vết nào ở nơi này.,There is no trace of this place.,6
2485,棕色,zōngsè,Màu nâu,Brown,他的头发是棕色的。,Tā de tóufà shì zōngsè de.,Tóc của anh ấy có màu nâu.,His hair is brown.,6
2486,宗旨,zōngzhǐ,Tôn chỉ,Mission,公司的宗旨是客户至上。,Gōngsī de zōngzhǐ shì kèhù zhì shàng.,Tôn chỉ của công ty là khách hàng trên hết.,The company's motto is customer first.,6
2487,总而言之,zǒng'éryánzhī,Tóm lại,In short,总而言之，我们需要努力。,"Zǒng'éryánzhī, wǒmen xūyào nǔlì.","Nói chung, chúng ta cần phải nỗ lực.","In general, we need to make an effort.",6
2488,总和,zǒnghé,Tổng hợp,Synthetic,这两项数值的总和是100。,Zhè liǎng xiàng shùzhí de zǒnghé shì 100.,Tổng của hai giá trị này là 100.,The sum of these two values ​​is 100.,6
2489,纵横,zònghéng,Ngang dọc,Horizontal and vertical,他在世界各地纵横驰骋。,Tā zài shìjiè gèdì zònghéng chíchěng.,Anh ấy tung hoành khắp nơi trên thế giới.,He roams all over the world.,6
2490,走廊,zǒuláng,Hành lang,Lobby,学校的走廊很宽敞。,Xuéxiào de zǒuláng hěn kuānchǎng.,Hành lang của trường rất rộng rãi.,The school hallway is very spacious.,6
2491,走漏,zǒulòu,Rò rỉ,Leak,他不小心走漏了消息。,Tā bù xiǎoxīn zǒulòu le xiāoxi.,Anh ấy đã vô tình để lộ tin tức.,He accidentally leaked the news.,6
2492,走私,zǒusī,Buôn lậu,Smuggle,警察在打击走私活动。,Jǐngchá zài dǎjí zǒusī huódòng.,Cảnh sát đang trấn áp các hoạt động buôn lậu.,Police are cracking down on smuggling activities.,6
2493,揍,zòu,Đánh,Fight,他被人揍了一顿。,Tā bèi rén zòu le yī dùn.,Anh ấy bị người ta đánh một trận.,He was beaten up.,6
2494,租赁,zūlìn,Thuê,Rent,我们需要租赁一些设备。,Wǒmen xūyào zūlìn yīxiē shèbèi.,Chúng ta cần thuê một số thiết bị.,We need to rent some equipment.,6
2495,足以,zúyǐ,Đủ để,Enough to,这个方法足以解决问题。,Zhège fāngfǎ zúyǐ jiějué wèntí.,Cách này đủ để giải quyết vấn đề.,This should be enough to solve the problem.,6
2496,组,zǔ,Nhóm,Group,我加入了一个学习组。,Wǒ jiārù le yī gè xuéxí zǔ.,Tôi đã tham gia một nhóm học tập.,I joined a study group.,6
2497,阻碍,zǔ'ài,Cản trở,Hinder,雪阻碍了交通。,Xuě zǔ'ài le jiāotōng.,Tuyết cản trở giao thông.,Snow blocked traffic.,6
2498,祖父,zǔfù,Ông nội,Grandfather,我的祖父很喜欢下棋。,Wǒ de zǔfù hěn xǐhuān xiàqí.,Ông tôi rất thích chơi cờ.,My grandfather loves playing chess.,6
2499,阻拦,zǔlán,Ngăn cản,Prevent,我们需要找到阻拦他的方法。,Wǒmen xūyào zhǎodào zǔlán tā de fāngfǎ.,Chúng ta cần tìm cách ngăn chặn anh ấy.,We need to find a way to stop him.,6
2500,阻挠,zǔnáo,Cản trở,Hinder,他试图阻挠我们的计划。,Tā shìtú zǔnáo wǒmen de jìhuà.,Anh ấy cố gắng cản trở kế hoạch của chúng tôi.,He tried to thwart our plans.,6
2501,钻研,zuānyán,Nghiên cứu kỹ lưỡng,Thorough research,他钻研了这个课题很多年。,Tā zuānyán le zhège kètí hěn duō nián.,Anh ấy đã nghiên cứu chủ đề này nhiều năm.,He has been researching this subject for years.,6
2502,钻石,zuànshí,Kim cương,Diamond,她收到了一颗钻石戒指。,Tā shōudào le yī kē zuànshí jièzhǐ.,Cô ấy đã nhận được một chiếc nhẫn kim cương.,She received a diamond ring.,6
2503,嘴唇,zuǐchún,Môi,Lip,她的嘴唇很红润。,Tā de zuǐchún hěn hóngrùn.,Môi của cô ấy rất hồng hào.,Her lips are very rosy.,6
2504,遵循,zūnxún,Tuân theo,Comply,我们要遵循公司的规定。,Wǒmen yào zūnxún gōngsī de guīdìng.,Chúng ta phải tuân theo quy định của công ty.,We must follow company regulations.,6
2505,尊严,zūnyán,Nhân phẩm,Dignity,他一直保持着自己的尊严。,Tā yīzhí bǎochí zhe zìjǐ de zūnyán.,Anh ấy luôn giữ gìn lòng tự trọng của mình.,He always maintains his self-respect.,6
2506,左右,zuǒyòu,Khoảng,About,他试图左右我们的决定。,Tā shìtú zuǒyòu wǒmen de juédìng.,Anh ấy cố gắng ảnh hưởng đến quyết định của chúng tôi.,He tried to influence our decision.,6
2507,作弊,zuòbì,Gian lận,Cheat,作弊是不道德的行为。,Zuòbì shì bù dàodé de xíngwéi.,Gian lận là hành vi không đạo đức.,Cheating is unethical behavior.,6
2508,做东,zuòdōng,Làm chủ,Own,今天他是做东的。,Jīntiān tā shì zuò dōng de.,Hôm nay anh ấy là chủ nhà.,He is the host today.,6
2509,作废,zuòfèi,Vô hiệu,Invalid,这些旧文件需要作废。,Zhèxiē jiù wénjiàn xūyào zuòfèi.,Những tài liệu cũ này cần bị hủy bỏ.,These old documents need to be destroyed.,6
2510,作风,zuòfēng,Phong cách,Style,公司需要改进作风。,Gōngsī xūyào gǎijìn zuòfēng.,Công ty cần cải thiện tác phong.,The company needs to improve its style.,6
2511,作息,zuòxī,Làm việc và nghỉ ngơi,Work and rest,我们的作息时间要规律。,Wǒmen de zuòxí shíjiān yào guīlǜ.,Giờ giấc sinh hoạt của chúng ta cần phải có quy củ.,Our daily routine needs to be regular.,6
2512,座右铭,zuòyòumíng,Câu nói yêu thích,Favorite quote,"他的座右铭是""努力奋斗""。","Tā de zuòyòumíng shì ""nǔlì fèndòu"".","Châm ngôn của anh ấy là ""cố gắng phấn đấu"".","His motto is ""try your best"".",6
2513,做主,zuòzhǔ,Quyết định,Decision,他愿意为自己做主。,Tā yuànyì wèi zìjǐ zuòzhǔ.,Anh ấy sẵn sàng tự làm chủ.,He is ready to be his own boss.,6
